uncertainty,seed,P,T_star,human_baseline,deadline,beats_human,meets_deadline,solver_status
0.30,0,1,53.30,76,40,true,false,OPTIMAL
0.30,0,2,36.05,76,40,true,true,OPTIMAL
0.30,0,3,36.05,76,40,true,true,OPTIMAL
0.30,0,4,36.05,76,40,true,true,OPTIMAL
0.30,0,6,36.05,76,40,true,true,OPTIMAL
0.30,0,8,36.05,76,40,true,true,OPTIMAL
0.30,1,1,52.10,76,40,true,false,OPTIMAL
0.30,1,2,36.20,76,40,true,true,OPTIMAL
0.30,1,3,36.20,76,40,true,true,OPTIMAL
0.30,1,4,36.20,76,40,true,true,OPTIMAL
0.30,1,6,36.20,76,40,true,true,OPTIMAL
0.30,1,8,36.20,76,40,true,true,OPTIMAL
0.30,2,1,53.75,76,40,true,false,OPTIMAL
0.30,2,2,37.55,76,40,true,true,OPTIMAL
0.30,2,3,37.55,76,40,true,true,OPTIMAL
0.30,2,4,37.55,76,40,true,true,OPTIMAL
0.30,2,6,37.55,76,40,true,true,OPTIMAL
0.30,2,8,37.55,76,40,true,true,OPTIMAL
0.30,3,1,50.90,76,40,true,false,OPTIMAL
0.30,3,2,33.55,76,40,true,true,OPTIMAL
0.30,3,3,33.55,76,40,true,true,OPTIMAL
0.30,3,4,33.55,76,40,true,true,OPTIMAL
0.30,3,6,33.55,76,40,true,true,OPTIMAL
0.30,3,8,33.55,76,40,true,true,OPTIMAL
0.30,4,1,48.00,76,40,true,false,OPTIMAL
0.30,4,2,32.95,76,40,true,true,OPTIMAL
0.30,4,3,32.95,76,40,true,true,OPTIMAL
0.30,4,4,32.95,76,40,true,true,OPTIMAL
0.30,4,6,32.95,76,40,true,true,OPTIMAL
0.30,4,8,32.95,76,40,true,true,OPTIMAL
0.30,5,1,55.70,76,40,true,false,OPTIMAL
0.30,5,2,38.45,76,40,true,true,OPTIMAL
0.30,5,3,38.45,76,40,true,true,OPTIMAL
0.30,5,4,38.45,76,40,true,true,OPTIMAL
0.30,5,6,38.45,76,40,true,true,OPTIMAL
0.30,5,8,38.45,76,40,true,true,OPTIMAL
0.30,6,1,50.70,76,40,true,false,OPTIMAL
0.30,6,2,34.00,76,40,true,true,OPTIMAL
0.30,6,3,34.00,76,40,true,true,OPTIMAL
0.30,6,4,34.00,76,40,true,true,OPTIMAL
0.30,6,6,34.00,76,40,true,true,OPTIMAL
0.30,6,8,34.00,76,40,true,true,OPTIMAL
0.30,7,1,47.45,76,40,true,false,OPTIMAL
0.30,7,2,32.90,76,40,true,true,OPTIMAL
0.30,7,3,32.90,76,40,true,true,OPTIMAL
0.30,7,4,32.90,76,40,true,true,OPTIMAL
0.30,7,6,32.90,76,40,true,true,OPTIMAL
0.30,7,8,32.90,76,40,true,true,OPTIMAL
0.30,8,1,49.60,76,40,true,false,OPTIMAL
0.30,8,2,33.65,76,40,true,true,OPTIMAL
0.30,8,3,33.65,76,40,true,true,OPTIMAL
0.30,8,4,33.65,76,40,true,true,OPTIMAL
0.30,8,6,33.65,76,40,true,true,OPTIMAL
0.30,8,8,33.65,76,40,true,true,OPTIMAL
0.30,9,1,49.10,76,40,true,false,OPTIMAL
0.30,9,2,33.35,76,40,true,true,OPTIMAL
0.30,9,3,33.35,76,40,true,true,OPTIMAL
0.30,9,4,33.35,76,40,true,true,OPTIMAL
0.30,9,6,33.35,76,40,true,true,OPTIMAL
0.30,9,8,33.35,76,40,true,true,OPTIMAL
0.30,10,1,54.50,76,40,true,false,OPTIMAL
0.30,10,2,37.60,76,40,true,true,OPTIMAL
0.30,10,3,37.60,76,40,true,true,OPTIMAL
0.30,10,4,37.60,76,40,true,true,OPTIMAL
0.30,10,6,37.60,76,40,true,true,OPTIMAL
0.30,10,8,37.60,76,40,true,true,OPTIMAL
0.30,11,1,51.25,76,40,true,false,OPTIMAL
0.30,11,2,35.80,76,40,true,true,OPTIMAL
0.30,11,3,35.80,76,40,true,true,OPTIMAL
0.30,11,4,35.80,76,40,true,true,OPTIMAL
0.30,11,6,35.80,76,40,true,true,OPTIMAL
0.30,11,8,35.80,76,40,true,true,OPTIMAL
0.30,12,1,48.35,76,40,true,false,OPTIMAL
0.30,12,2,32.25,76,40,true,true,OPTIMAL
0.30,12,3,32.25,76,40,true,true,OPTIMAL
0.30,12,4,32.25,76,40,true,true,OPTIMAL
0.30,12,6,32.25,76,40,true,true,OPTIMAL
0.30,12,8,32.25,76,40,true,true,OPTIMAL
0.30,13,1,47.90,76,40,true,false,OPTIMAL
0.30,13,2,32.45,76,40,true,true,OPTIMAL
0.30,13,3,32.45,76,40,true,true,OPTIMAL
0.30,13,4,32.45,76,40,true,true,OPTIMAL
0.30,13,6,32.45,76,40,true,true,OPTIMAL
0.30,13,8,32.45,76,40,true,true,OPTIMAL
0.30,14,1,50.40,76,40,true,false,OPTIMAL
0.30,14,2,35.35,76,40,true,true,OPTIMAL
0.30,14,3,35.35,76,40,true,true,OPTIMAL
0.30,14,4,35.35,76,40,true,true,OPTIMAL
0.30,14,6,35.35,76,40,true,true,OPTIMAL
0.30,14,8,35.35,76,40,true,true,OPTIMAL
0.30,15,1,56.60,76,40,true,false,OPTIMAL
0.30,15,2,39.55,76,40,true,true,OPTIMAL
0.30,15,3,39.55,76,40,true,true,OPTIMAL
0.30,15,4,39.55,76,40,true,true,OPTIMAL
0.30,15,6,39.55,76,40,true,true,OPTIMAL
0.30,15,8,39.55,76,40,true,true,OPTIMAL
0.30,16,1,49.15,76,40,true,false,OPTIMAL
0.30,16,2,33.90,76,40,true,true,OPTIMAL
0.30,16,3,33.90,76,40,true,true,OPTIMAL
0.30,16,4,33.90,76,40,true,true,OPTIMAL
0.30,16,6,33.90,76,40,true,true,OPTIMAL
0.30,16,8,33.90,76,40,true,true,OPTIMAL
0.30,17,1,54.40,76,40,true,false,OPTIMAL
0.30,17,2,38.85,76,40,true,true,OPTIMAL
0.30,17,3,38.85,76,40,true,true,OPTIMAL
0.30,17,4,38.85,76,40,true,true,OPTIMAL
0.30,17,6,38.85,76,40,true,true,OPTIMAL
0.30,17,8,38.85,76,40,true,true,OPTIMAL
0.30,18,1,50.65,76,40,true,false,OPTIMAL
0.30,18,2,33.75,76,40,true,true,OPTIMAL
0.30,18,3,33.75,76,40,true,true,OPTIMAL
0.30,18,4,33.75,76,40,true,true,OPTIMAL
0.30,18,6,33.75,76,40,true,true,OPTIMAL
0.30,18,8,33.75,76,40,true,true,OPTIMAL
0.30,19,1,48.75,76,40,true,false,OPTIMAL
0.30,19,2,35.10,76,40,true,true,OPTIMAL
0.30,19,3,35.10,76,40,true,true,OPTIMAL
0.30,19,4,35.10,76,40,true,true,OPTIMAL
0.30,19,6,35.10,76,40,true,true,OPTIMAL
0.30,19,8,35.10,76,40,true,true,OPTIMAL
0.30,20,1,54.70,76,40,true,false,OPTIMAL
0.30,20,2,39.25,76,40,true,true,OPTIMAL
0.30,20,3,39.25,76,40,true,true,OPTIMAL
0.30,20,4,39.25,76,40,true,true,OPTIMAL
0.30,20,6,39.25,76,40,true,true,OPTIMAL
0.30,20,8,39.25,76,40,true,true,OPTIMAL
0.30,21,1,50.10,76,40,true,false,OPTIMAL
0.30,21,2,35.60,76,40,true,true,OPTIMAL
0.30,21,3,35.60,76,40,true,true,OPTIMAL
0.30,21,4,35.60,76,40,true,true,OPTIMAL
0.30,21,6,35.60,76,40,true,true,OPTIMAL
0.30,21,8,35.60,76,40,true,true,OPTIMAL
0.30,22,1,52.20,76,40,true,false,OPTIMAL
0.30,22,2,33.65,76,40,true,true,OPTIMAL
0.30,22,3,33.65,76,40,true,true,OPTIMAL
0.30,22,4,33.65,76,40,true,true,OPTIMAL
0.30,22,6,33.65,76,40,true,true,OPTIMAL
0.30,22,8,33.65,76,40,true,true,OPTIMAL
0.30,23,1,50.25,76,40,true,false,OPTIMAL
0.30,23,2,36.85,76,40,true,true,OPTIMAL
0.30,23,3,36.85,76,40,true,true,OPTIMAL
0.30,23,4,36.85,76,40,true,true,OPTIMAL
0.30,23,6,36.85,76,40,true,true,OPTIMAL
0.30,23,8,36.85,76,40,true,true,OPTIMAL
0.30,24,1,51.50,76,40,true,false,OPTIMAL
0.30,24,2,34.30,76,40,true,true,OPTIMAL
0.30,24,3,34.30,76,40,true,true,OPTIMAL
0.30,24,4,34.30,76,40,true,true,OPTIMAL
0.30,24,6,34.30,76,40,true,true,OPTIMAL
0.30,24,8,34.30,76,40,true,true,OPTIMAL
0.30,25,1,53.10,76,40,true,false,OPTIMAL
0.30,25,2,38.00,76,40,true,true,OPTIMAL
0.30,25,3,38.00,76,40,true,true,OPTIMAL
0.30,25,4,38.00,76,40,true,true,OPTIMAL
0.30,25,6,38.00,76,40,true,true,OPTIMAL
0.30,25,8,38.00,76,40,true,true,OPTIMAL
0.30,26,1,52.60,76,40,true,false,OPTIMAL
0.30,26,2,33.80,76,40,true,true,OPTIMAL
0.30,26,3,33.80,76,40,true,true,OPTIMAL
0.30,26,4,33.80,76,40,true,true,OPTIMAL
0.30,26,6,33.80,76,40,true,true,OPTIMAL
0.30,26,8,33.80,76,40,true,true,OPTIMAL
0.30,27,1,52.15,76,40,true,false,OPTIMAL
0.30,27,2,34.90,76,40,true,true,OPTIMAL
0.30,27,3,34.90,76,40,true,true,OPTIMAL
0.30,27,4,34.90,76,40,true,true,OPTIMAL
0.30,27,6,34.90,76,40,true,true,OPTIMAL
0.30,27,8,34.90,76,40,true,true,OPTIMAL
0.30,28,1,45.05,76,40,true,false,OPTIMAL
0.30,28,2,30.95,76,40,true,true,OPTIMAL
0.30,28,3,30.95,76,40,true,true,OPTIMAL
0.30,28,4,30.95,76,40,true,true,OPTIMAL
0.30,28,6,30.95,76,40,true,true,OPTIMAL
0.30,28,8,30.95,76,40,true,true,OPTIMAL
0.30,29,1,52.50,76,40,true,false,OPTIMAL
0.30,29,2,36.60,76,40,true,true,OPTIMAL
0.30,29,3,36.60,76,40,true,true,OPTIMAL
0.30,29,4,36.60,76,40,true,true,OPTIMAL
0.30,29,6,36.60,76,40,true,true,OPTIMAL
0.30,29,8,36.60,76,40,true,true,OPTIMAL
0.30,30,1,49.70,76,40,true,false,OPTIMAL
0.30,30,2,31.70,76,40,true,true,OPTIMAL
0.30,30,3,31.70,76,40,true,true,OPTIMAL
0.30,30,4,31.70,76,40,true,true,OPTIMAL
0.30,30,6,31.70,76,40,true,true,OPTIMAL
0.30,30,8,31.70,76,40,true,true,OPTIMAL
0.30,31,1,46.80,76,40,true,false,OPTIMAL
0.30,31,2,30.70,76,40,true,true,OPTIMAL
0.30,31,3,30.70,76,40,true,true,OPTIMAL
0.30,31,4,30.70,76,40,true,true,OPTIMAL
0.30,31,6,30.70,76,40,true,true,OPTIMAL
0.30,31,8,30.70,76,40,true,true,OPTIMAL
0.30,32,1,50.45,76,40,true,false,OPTIMAL
0.30,32,2,33.15,76,40,true,true,OPTIMAL
0.30,32,3,33.15,76,40,true,true,OPTIMAL
0.30,32,4,33.15,76,40,true,true,OPTIMAL
0.30,32,6,33.15,76,40,true,true,OPTIMAL
0.30,32,8,33.15,76,40,true,true,OPTIMAL
0.30,33,1,56.40,76,40,true,false,OPTIMAL
0.30,33,2,39.10,76,40,true,true,OPTIMAL
0.30,33,3,39.10,76,40,true,true,OPTIMAL
0.30,33,4,39.10,76,40,true,true,OPTIMAL
0.30,33,6,39.10,76,40,true,true,OPTIMAL
0.30,33,8,39.10,76,40,true,true,OPTIMAL
0.30,34,1,55.30,76,40,true,false,OPTIMAL
0.30,34,2,40.50,76,40,true,false,OPTIMAL
0.30,34,3,40.50,76,40,true,false,OPTIMAL
0.30,34,4,40.50,76,40,true,false,OPTIMAL
0.30,34,6,40.50,76,40,true,false,OPTIMAL
0.30,34,8,40.50,76,40,true,false,OPTIMAL
0.30,35,1,55.40,76,40,true,false,OPTIMAL
0.30,35,2,38.20,76,40,true,true,OPTIMAL
0.30,35,3,38.20,76,40,true,true,OPTIMAL
0.30,35,4,38.20,76,40,true,true,OPTIMAL
0.30,35,6,38.20,76,40,true,true,OPTIMAL
0.30,35,8,38.20,76,40,true,true,OPTIMAL
0.30,36,1,56.10,76,40,true,false,OPTIMAL
0.30,36,2,39.40,76,40,true,true,OPTIMAL
0.30,36,3,39.40,76,40,true,true,OPTIMAL
0.30,36,4,39.40,76,40,true,true,OPTIMAL
0.30,36,6,39.40,76,40,true,true,OPTIMAL
0.30,36,8,39.40,76,40,true,true,OPTIMAL
0.30,37,1,53.95,76,40,true,false,OPTIMAL
0.30,37,2,38.20,76,40,true,true,OPTIMAL
0.30,37,3,38.20,76,40,true,true,OPTIMAL
0.30,37,4,38.20,76,40,true,true,OPTIMAL
0.30,37,6,38.20,76,40,true,true,OPTIMAL
0.30,37,8,38.20,76,40,true,true,OPTIMAL
0.30,38,1,52.40,76,40,true,false,OPTIMAL
0.30,38,2,36.30,76,40,true,true,OPTIMAL
0.30,38,3,36.30,76,40,true,true,OPTIMAL
0.30,38,4,36.30,76,40,true,true,OPTIMAL
0.30,38,6,36.30,76,40,true,true,OPTIMAL
0.30,38,8,36.30,76,40,true,true,OPTIMAL
0.30,39,1,47.30,76,40,true,false,OPTIMAL
0.30,39,2,32.65,76,40,true,true,OPTIMAL
0.30,39,3,32.65,76,40,true,true,OPTIMAL
0.30,39,4,32.65,76,40,true,true,OPTIMAL
0.30,39,6,32.65,76,40,true,true,OPTIMAL
0.30,39,8,32.65,76,40,true,true,OPTIMAL
0.30,40,1,51.35,76,40,true,false,OPTIMAL
0.30,40,2,35.40,76,40,true,true,OPTIMAL
0.30,40,3,35.40,76,40,true,true,OPTIMAL
0.30,40,4,35.40,76,40,true,true,OPTIMAL
0.30,40,6,35.40,76,40,true,true,OPTIMAL
0.30,40,8,35.40,76,40,true,true,OPTIMAL
0.30,41,1,53.50,76,40,true,false,OPTIMAL
0.30,41,2,35.45,76,40,true,true,OPTIMAL
0.30,41,3,35.45,76,40,true,true,OPTIMAL
0.30,41,4,35.45,76,40,true,true,OPTIMAL
0.30,41,6,35.45,76,40,true,true,OPTIMAL
0.30,41,8,35.45,76,40,true,true,OPTIMAL
0.30,42,1,49.70,76,40,true,false,OPTIMAL
0.30,42,2,36.10,76,40,true,true,OPTIMAL
0.30,42,3,36.10,76,40,true,true,OPTIMAL
0.30,42,4,36.10,76,40,true,true,OPTIMAL
0.30,42,6,36.10,76,40,true,true,OPTIMAL
0.30,42,8,36.10,76,40,true,true,OPTIMAL
0.30,43,1,51.10,76,40,true,false,OPTIMAL
0.30,43,2,35.15,76,40,true,true,OPTIMAL
0.30,43,3,35.15,76,40,true,true,OPTIMAL
0.30,43,4,35.15,76,40,true,true,OPTIMAL
0.30,43,6,35.15,76,40,true,true,OPTIMAL
0.30,43,8,35.15,76,40,true,true,OPTIMAL
0.30,44,1,48.05,76,40,true,false,OPTIMAL
0.30,44,2,31.35,76,40,true,true,OPTIMAL
0.30,44,3,31.35,76,40,true,true,OPTIMAL
0.30,44,4,31.35,76,40,true,true,OPTIMAL
0.30,44,6,31.35,76,40,true,true,OPTIMAL
0.30,44,8,31.35,76,40,true,true,OPTIMAL
0.30,45,1,43.95,76,40,true,false,OPTIMAL
0.30,45,2,28.80,76,40,true,true,OPTIMAL
0.30,45,3,28.80,76,40,true,true,OPTIMAL
0.30,45,4,28.80,76,40,true,true,OPTIMAL
0.30,45,6,28.80,76,40,true,true,OPTIMAL
0.30,45,8,28.80,76,40,true,true,OPTIMAL
0.30,46,1,52.35,76,40,true,false,OPTIMAL
0.30,46,2,36.80,76,40,true,true,OPTIMAL
0.30,46,3,36.80,76,40,true,true,OPTIMAL
0.30,46,4,36.80,76,40,true,true,OPTIMAL
0.30,46,6,36.80,76,40,true,true,OPTIMAL
0.30,46,8,36.80,76,40,true,true,OPTIMAL
0.30,47,1,47.90,76,40,true,false,OPTIMAL
0.30,47,2,32.45,76,40,true,true,OPTIMAL
0.30,47,3,32.45,76,40,true,true,OPTIMAL
0.30,47,4,32.45,76,40,true,true,OPTIMAL
0.30,47,6,32.45,76,40,true,true,OPTIMAL
0.30,47,8,32.45,76,40,true,true,OPTIMAL
0.30,48,1,53.60,76,40,true,false,OPTIMAL
0.30,48,2,37.45,76,40,true,true,OPTIMAL
0.30,48,3,37.45,76,40,true,true,OPTIMAL
0.30,48,4,37.45,76,40,true,true,OPTIMAL
0.30,48,6,37.45,76,40,true,true,OPTIMAL
0.30,48,8,37.45,76,40,true,true,OPTIMAL
0.30,49,1,49.05,76,40,true,false,OPTIMAL
0.30,49,2,31.90,76,40,true,true,OPTIMAL
0.30,49,3,31.90,76,40,true,true,OPTIMAL
0.30,49,4,31.90,76,40,true,true,OPTIMAL
0.30,49,6,31.90,76,40,true,true,OPTIMAL
0.30,49,8,31.90,76,40,true,true,OPTIMAL
0.30,50,1,51.40,76,40,true,false,OPTIMAL
0.30,50,2,34.50,76,40,true,true,OPTIMAL
0.30,50,3,34.50,76,40,true,true,OPTIMAL
0.30,50,4,34.50,76,40,true,true,OPTIMAL
0.30,50,6,34.50,76,40,true,true,OPTIMAL
0.30,50,8,34.50,76,40,true,true,OPTIMAL
0.30,51,1,52.20,76,40,true,false,OPTIMAL
0.30,51,2,34.65,76,40,true,true,OPTIMAL
0.30,51,3,34.65,76,40,true,true,OPTIMAL
0.30,51,4,34.65,76,40,true,true,OPTIMAL
0.30,51,6,34.65,76,40,true,true,OPTIMAL
0.30,51,8,34.65,76,40,true,true,OPTIMAL
0.30,52,1,55.45,76,40,true,false,OPTIMAL
0.30,52,2,39.65,76,40,true,true,OPTIMAL
0.30,52,3,39.65,76,40,true,true,OPTIMAL
0.30,52,4,39.65,76,40,true,true,OPTIMAL
0.30,52,6,39.65,76,40,true,true,OPTIMAL
0.30,52,8,39.65,76,40,true,true,OPTIMAL
0.30,53,1,56.60,76,40,true,false,OPTIMAL
0.30,53,2,40.00,76,40,true,true,OPTIMAL
0.30,53,3,40.00,76,40,true,true,OPTIMAL
0.30,53,4,40.00,76,40,true,true,OPTIMAL
0.30,53,6,40.00,76,40,true,true,OPTIMAL
0.30,53,8,40.00,76,40,true,true,OPTIMAL
0.30,54,1,55.90,76,40,true,false,OPTIMAL
0.30,54,2,38.20,76,40,true,true,OPTIMAL
0.30,54,3,38.20,76,40,true,true,OPTIMAL
0.30,54,4,38.20,76,40,true,true,OPTIMAL
0.30,54,6,38.20,76,40,true,true,OPTIMAL
0.30,54,8,38.20,76,40,true,true,OPTIMAL
0.30,55,1,53.05,76,40,true,false,OPTIMAL
0.30,55,2,35.90,76,40,true,true,OPTIMAL
0.30,55,3,35.90,76,40,true,true,OPTIMAL
0.30,55,4,35.90,76,40,true,true,OPTIMAL
0.30,55,6,35.90,76,40,true,true,OPTIMAL
0.30,55,8,35.90,76,40,true,true,OPTIMAL
0.30,56,1,54.25,76,40,true,false,OPTIMAL
0.30,56,2,38.05,76,40,true,true,OPTIMAL
0.30,56,3,38.05,76,40,true,true,OPTIMAL
0.30,56,4,38.05,76,40,true,true,OPTIMAL
0.30,56,6,38.05,76,40,true,true,OPTIMAL
0.30,56,8,38.05,76,40,true,true,OPTIMAL
0.30,57,1,55.05,76,40,true,false,OPTIMAL
0.30,57,2,37.80,76,40,true,true,OPTIMAL
0.30,57,3,37.80,76,40,true,true,OPTIMAL
0.30,57,4,37.80,76,40,true,true,OPTIMAL
0.30,57,6,37.80,76,40,true,true,OPTIMAL
0.30,57,8,37.80,76,40,true,true,OPTIMAL
0.30,58,1,51.55,76,40,true,false,OPTIMAL
0.30,58,2,33.15,76,40,true,true,OPTIMAL
0.30,58,3,33.15,76,40,true,true,OPTIMAL
0.30,58,4,33.15,76,40,true,true,OPTIMAL
0.30,58,6,33.15,76,40,true,true,OPTIMAL
0.30,58,8,33.15,76,40,true,true,OPTIMAL
0.30,59,1,57.15,76,40,true,false,OPTIMAL
0.30,59,2,38.65,76,40,true,true,OPTIMAL
0.30,59,3,38.65,76,40,true,true,OPTIMAL
0.30,59,4,38.65,76,40,true,true,OPTIMAL
0.30,59,6,38.65,76,40,true,true,OPTIMAL
0.30,59,8,38.65,76,40,true,true,OPTIMAL
0.30,60,1,52.50,76,40,true,false,OPTIMAL
0.30,60,2,36.35,76,40,true,true,OPTIMAL
0.30,60,3,36.35,76,40,true,true,OPTIMAL
0.30,60,4,36.35,76,40,true,true,OPTIMAL
0.30,60,6,36.35,76,40,true,true,OPTIMAL
0.30,60,8,36.35,76,40,true,true,OPTIMAL
0.30,61,1,51.95,76,40,true,false,OPTIMAL
0.30,61,2,35.40,76,40,true,true,OPTIMAL
0.30,61,3,35.40,76,40,true,true,OPTIMAL
0.30,61,4,35.40,76,40,true,true,OPTIMAL
0.30,61,6,35.40,76,40,true,true,OPTIMAL
0.30,61,8,35.40,76,40,true,true,OPTIMAL
0.30,62,1,53.45,76,40,true,false,OPTIMAL
0.30,62,2,37.10,76,40,true,true,OPTIMAL
0.30,62,3,37.10,76,40,true,true,OPTIMAL
0.30,62,4,37.10,76,40,true,true,OPTIMAL
0.30,62,6,37.10,76,40,true,true,OPTIMAL
0.30,62,8,37.10,76,40,true,true,OPTIMAL
0.30,63,1,49.85,76,40,true,false,OPTIMAL
0.30,63,2,33.00,76,40,true,true,OPTIMAL
0.30,63,3,33.00,76,40,true,true,OPTIMAL
0.30,63,4,33.00,76,40,true,true,OPTIMAL
0.30,63,6,33.00,76,40,true,true,OPTIMAL
0.30,63,8,33.00,76,40,true,true,OPTIMAL
0.30,64,1,53.10,76,40,true,false,OPTIMAL
0.30,64,2,36.00,76,40,true,true,OPTIMAL
0.30,64,3,36.00,76,40,true,true,OPTIMAL
0.30,64,4,36.00,76,40,true,true,OPTIMAL
0.30,64,6,36.00,76,40,true,true,OPTIMAL
0.30,64,8,36.00,76,40,true,true,OPTIMAL
0.30,65,1,52.80,76,40,true,false,OPTIMAL
0.30,65,2,36.00,76,40,true,true,OPTIMAL
0.30,65,3,36.00,76,40,true,true,OPTIMAL
0.30,65,4,36.00,76,40,true,true,OPTIMAL
0.30,65,6,36.00,76,40,true,true,OPTIMAL
0.30,65,8,36.00,76,40,true,true,OPTIMAL
0.30,66,1,50.20,76,40,true,false,OPTIMAL
0.30,66,2,33.80,76,40,true,true,OPTIMAL
0.30,66,3,33.80,76,40,true,true,OPTIMAL
0.30,66,4,33.80,76,40,true,true,OPTIMAL
0.30,66,6,33.80,76,40,true,true,OPTIMAL
0.30,66,8,33.80,76,40,true,true,OPTIMAL
0.30,67,1,53.20,76,40,true,false,OPTIMAL
0.30,67,2,39.95,76,40,true,true,OPTIMAL
0.30,67,3,39.95,76,40,true,true,OPTIMAL
0.30,67,4,39.95,76,40,true,true,OPTIMAL
0.30,67,6,39.95,76,40,true,true,OPTIMAL
0.30,67,8,39.95,76,40,true,true,OPTIMAL
0.30,68,1,53.85,76,40,true,false,OPTIMAL
0.30,68,2,35.85,76,40,true,true,OPTIMAL
0.30,68,3,35.85,76,40,true,true,OPTIMAL
0.30,68,4,35.85,76,40,true,true,OPTIMAL
0.30,68,6,35.85,76,40,true,true,OPTIMAL
0.30,68,8,35.85,76,40,true,true,OPTIMAL
0.30,69,1,52.80,76,40,true,false,OPTIMAL
0.30,69,2,36.20,76,40,true,true,OPTIMAL
0.30,69,3,36.20,76,40,true,true,OPTIMAL
0.30,69,4,36.20,76,40,true,true,OPTIMAL
0.30,69,6,36.20,76,40,true,true,OPTIMAL
0.30,69,8,36.20,76,40,true,true,OPTIMAL
0.30,70,1,52.45,76,40,true,false,OPTIMAL
0.30,70,2,37.65,76,40,true,true,OPTIMAL
0.30,70,3,37.65,76,40,true,true,OPTIMAL
0.30,70,4,37.65,76,40,true,true,OPTIMAL
0.30,70,6,37.65,76,40,true,true,OPTIMAL
0.30,70,8,37.65,76,40,true,true,OPTIMAL
0.30,71,1,51.20,76,40,true,false,OPTIMAL
0.30,71,2,36.50,76,40,true,true,OPTIMAL
0.30,71,3,36.50,76,40,true,true,OPTIMAL
0.30,71,4,36.50,76,40,true,true,OPTIMAL
0.30,71,6,36.50,76,40,true,true,OPTIMAL
0.30,71,8,36.50,76,40,true,true,OPTIMAL
0.30,72,1,54.30,76,40,true,false,OPTIMAL
0.30,72,2,37.00,76,40,true,true,OPTIMAL
0.30,72,3,37.00,76,40,true,true,OPTIMAL
0.30,72,4,37.00,76,40,true,true,OPTIMAL
0.30,72,6,37.00,76,40,true,true,OPTIMAL
0.30,72,8,37.00,76,40,true,true,OPTIMAL
0.30,73,1,49.95,76,40,true,false,OPTIMAL
0.30,73,2,34.90,76,40,true,true,OPTIMAL
0.30,73,3,34.90,76,40,true,true,OPTIMAL
0.30,73,4,34.90,76,40,true,true,OPTIMAL
0.30,73,6,34.90,76,40,true,true,OPTIMAL
0.30,73,8,34.90,76,40,true,true,OPTIMAL
0.30,74,1,51.95,76,40,true,false,OPTIMAL
0.30,74,2,35.50,76,40,true,true,OPTIMAL
0.30,74,3,35.50,76,40,true,true,OPTIMAL
0.30,74,4,35.50,76,40,true,true,OPTIMAL
0.30,74,6,35.50,76,40,true,true,OPTIMAL
0.30,74,8,35.50,76,40,true,true,OPTIMAL
0.30,75,1,52.05,76,40,true,false,OPTIMAL
0.30,75,2,35.65,76,40,true,true,OPTIMAL
0.30,75,3,35.65,76,40,true,true,OPTIMAL
0.30,75,4,35.65,76,40,true,true,OPTIMAL
0.30,75,6,35.65,76,40,true,true,OPTIMAL
0.30,75,8,35.65,76,40,true,true,OPTIMAL
0.30,76,1,49.90,76,40,true,false,OPTIMAL
0.30,76,2,33.45,76,40,true,true,OPTIMAL
0.30,76,3,33.45,76,40,true,true,OPTIMAL
0.30,76,4,33.45,76,40,true,true,OPTIMAL
0.30,76,6,33.45,76,40,true,true,OPTIMAL
0.30,76,8,33.45,76,40,true,true,OPTIMAL
0.30,77,1,49.65,76,40,true,false,OPTIMAL
0.30,77,2,33.65,76,40,true,true,OPTIMAL
0.30,77,3,33.65,76,40,true,true,OPTIMAL
0.30,77,4,33.65,76,40,true,true,OPTIMAL
0.30,77,6,33.65,76,40,true,true,OPTIMAL
0.30,77,8,33.65,76,40,true,true,OPTIMAL
0.30,78,1,50.15,76,40,true,false,OPTIMAL
0.30,78,2,33.90,76,40,true,true,OPTIMAL
0.30,78,3,33.90,76,40,true,true,OPTIMAL
0.30,78,4,33.90,76,40,true,true,OPTIMAL
0.30,78,6,33.90,76,40,true,true,OPTIMAL
0.30,78,8,33.90,76,40,true,true,OPTIMAL
0.30,79,1,49.50,76,40,true,false,OPTIMAL
0.30,79,2,32.35,76,40,true,true,OPTIMAL
0.30,79,3,32.35,76,40,true,true,OPTIMAL
0.30,79,4,32.35,76,40,true,true,OPTIMAL
0.30,79,6,32.35,76,40,true,true,OPTIMAL
0.30,79,8,32.35,76,40,true,true,OPTIMAL
0.30,80,1,53.20,76,40,true,false,OPTIMAL
0.30,80,2,35.05,76,40,true,true,OPTIMAL
0.30,80,3,35.05,76,40,true,true,OPTIMAL
0.30,80,4,35.05,76,40,true,true,OPTIMAL
0.30,80,6,35.05,76,40,true,true,OPTIMAL
0.30,80,8,35.05,76,40,true,true,OPTIMAL
0.30,81,1,51.75,76,40,true,false,OPTIMAL
0.30,81,2,36.35,76,40,true,true,OPTIMAL
0.30,81,3,36.35,76,40,true,true,OPTIMAL
0.30,81,4,36.35,76,40,true,true,OPTIMAL
0.30,81,6,36.35,76,40,true,true,OPTIMAL
0.30,81,8,36.35,76,40,true,true,OPTIMAL
0.30,82,1,54.65,76,40,true,false,OPTIMAL
0.30,82,2,38.05,76,40,true,true,OPTIMAL
0.30,82,3,38.05,76,40,true,true,OPTIMAL
0.30,82,4,38.05,76,40,true,true,OPTIMAL
0.30,82,6,38.05,76,40,true,true,OPTIMAL
0.30,82,8,38.05,76,40,true,true,OPTIMAL
0.30,83,1,47.70,76,40,true,false,OPTIMAL
0.30,83,2,31.35,76,40,true,true,OPTIMAL
0.30,83,3,31.35,76,40,true,true,OPTIMAL
0.30,83,4,31.35,76,40,true,true,OPTIMAL
0.30,83,6,31.35,76,40,true,true,OPTIMAL
0.30,83,8,31.35,76,40,true,true,OPTIMAL
0.30,84,1,53.00,76,40,true,false,OPTIMAL
0.30,84,2,35.75,76,40,true,true,OPTIMAL
0.30,84,3,35.75,76,40,true,true,OPTIMAL
0.30,84,4,35.75,76,40,true,true,OPTIMAL
0.30,84,6,35.75,76,40,true,true,OPTIMAL
0.30,84,8,35.75,76,40,true,true,OPTIMAL
0.30,85,1,51.50,76,40,true,false,OPTIMAL
0.30,85,2,34.80,76,40,true,true,OPTIMAL
0.30,85,3,34.80,76,40,true,true,OPTIMAL
0.30,85,4,34.80,76,40,true,true,OPTIMAL
0.30,85,6,34.80,76,40,true,true,OPTIMAL
0.30,85,8,34.80,76,40,true,true,OPTIMAL
0.30,86,1,49.50,76,40,true,false,OPTIMAL
0.30,86,2,33.10,76,40,true,true,OPTIMAL
0.30,86,3,33.10,76,40,true,true,OPTIMAL
0.30,86,4,33.10,76,40,true,true,OPTIMAL
0.30,86,6,33.10,76,40,true,true,OPTIMAL
0.30,86,8,33.10,76,40,true,true,OPTIMAL
0.30,87,1,50.75,76,40,true,false,OPTIMAL
0.30,87,2,33.90,76,40,true,true,OPTIMAL
0.30,87,3,33.90,76,40,true,true,OPTIMAL
0.30,87,4,33.90,76,40,true,true,OPTIMAL
0.30,87,6,33.90,76,40,true,true,OPTIMAL
0.30,87,8,33.90,76,40,true,true,OPTIMAL
0.30,88,1,52.55,76,40,true,false,OPTIMAL
0.30,88,2,38.25,76,40,true,true,OPTIMAL
0.30,88,3,38.25,76,40,true,true,OPTIMAL
0.30,88,4,38.25,76,40,true,true,OPTIMAL
0.30,88,6,38.25,76,40,true,true,OPTIMAL
0.30,88,8,38.25,76,40,true,true,OPTIMAL
0.30,89,1,52.35,76,40,true,false,OPTIMAL
0.30,89,2,37.35,76,40,true,true,OPTIMAL
0.30,89,3,37.35,76,40,true,true,OPTIMAL
0.30,89,4,37.35,76,40,true,true,OPTIMAL
0.30,89,6,37.35,76,40,true,true,OPTIMAL
0.30,89,8,37.35,76,40,true,true,OPTIMAL
0.30,90,1,51.50,76,40,true,false,OPTIMAL
0.30,90,2,35.75,76,40,true,true,OPTIMAL
0.30,90,3,35.75,76,40,true,true,OPTIMAL
0.30,90,4,35.75,76,40,true,true,OPTIMAL
0.30,90,6,35.75,76,40,true,true,OPTIMAL
0.30,90,8,35.75,76,40,true,true,OPTIMAL
0.30,91,1,55.85,76,40,true,false,OPTIMAL
0.30,91,2,38.55,76,40,true,true,OPTIMAL
0.30,91,3,38.55,76,40,true,true,OPTIMAL
0.30,91,4,38.55,76,40,true,true,OPTIMAL
0.30,91,6,38.55,76,40,true,true,OPTIMAL
0.30,91,8,38.55,76,40,true,true,OPTIMAL
0.30,92,1,57.65,76,40,true,false,OPTIMAL
0.30,92,2,39.55,76,40,true,true,OPTIMAL
0.30,92,3,39.55,76,40,true,true,OPTIMAL
0.30,92,4,39.55,76,40,true,true,OPTIMAL
0.30,92,6,39.55,76,40,true,true,OPTIMAL
0.30,92,8,39.55,76,40,true,true,OPTIMAL
0.30,93,1,47.30,76,40,true,false,OPTIMAL
0.30,93,2,32.10,76,40,true,true,OPTIMAL
0.30,93,3,32.10,76,40,true,true,OPTIMAL
0.30,93,4,32.10,76,40,true,true,OPTIMAL
0.30,93,6,32.10,76,40,true,true,OPTIMAL
0.30,93,8,32.10,76,40,true,true,OPTIMAL
0.30,94,1,50.10,76,40,true,false,OPTIMAL
0.30,94,2,33.45,76,40,true,true,OPTIMAL
0.30,94,3,33.45,76,40,true,true,OPTIMAL
0.30,94,4,33.45,76,40,true,true,OPTIMAL
0.30,94,6,33.45,76,40,true,true,OPTIMAL
0.30,94,8,33.45,76,40,true,true,OPTIMAL
0.30,95,1,53.35,76,40,true,false,OPTIMAL
0.30,95,2,38.80,76,40,true,true,OPTIMAL
0.30,95,3,38.80,76,40,true,true,OPTIMAL
0.30,95,4,38.80,76,40,true,true,OPTIMAL
0.30,95,6,38.80,76,40,true,true,OPTIMAL
0.30,95,8,38.80,76,40,true,true,OPTIMAL
0.30,96,1,51.30,76,40,true,false,OPTIMAL
0.30,96,2,36.90,76,40,true,true,OPTIMAL
0.30,96,3,36.90,76,40,true,true,OPTIMAL
0.30,96,4,36.90,76,40,true,true,OPTIMAL
0.30,96,6,36.90,76,40,true,true,OPTIMAL
0.30,96,8,36.90,76,40,true,true,OPTIMAL
0.30,97,1,53.15,76,40,true,false,OPTIMAL
0.30,97,2,36.65,76,40,true,true,OPTIMAL
0.30,97,3,36.65,76,40,true,true,OPTIMAL
0.30,97,4,36.65,76,40,true,true,OPTIMAL
0.30,97,6,36.65,76,40,true,true,OPTIMAL
0.30,97,8,36.65,76,40,true,true,OPTIMAL
0.30,98,1,50.65,76,40,true,false,OPTIMAL
0.30,98,2,34.60,76,40,true,true,OPTIMAL
0.30,98,3,34.60,76,40,true,true,OPTIMAL
0.30,98,4,34.60,76,40,true,true,OPTIMAL
0.30,98,6,34.60,76,40,true,true,OPTIMAL
0.30,98,8,34.60,76,40,true,true,OPTIMAL
0.30,99,1,50.40,76,40,true,false,OPTIMAL
0.30,99,2,33.80,76,40,true,true,OPTIMAL
0.30,99,3,33.80,76,40,true,true,OPTIMAL
0.30,99,4,33.80,76,40,true,true,OPTIMAL
0.30,99,6,33.80,76,40,true,true,OPTIMAL
0.30,99,8,33.80,76,40,true,true,OPTIMAL
