pair_id,topology,agent_count,human_share,phase_profile,io_scenario_id,profile_scenario_id,A,H,W4,L4,B4,same_B4,io_T_star,profile_T_star,delta_T_star_to_IO,io_exact_queue,profile_exact_queue,delta_exact_queue_to_IO,io_exact_blocked_any,profile_exact_blocked_any,delta_exact_blocked_any_to_IO,io_exact_full_agent_stop,profile_exact_full_agent_stop,delta_exact_full_agent_stop_to_IO,io_baseline_makespan,profile_baseline_makespan,delta_baseline_makespan_to_IO,io_baseline_queue,profile_baseline_queue,delta_baseline_queue_to_IO,io_human_request_count,profile_human_request_count
fork_join_p2_rh25_front_loaded_vs_io,fork_join,2,0.25,front_loaded,exp03_fork_join_n4_p2_rh25_io,exp03_fork_join_n4_p2_rh25_front_loaded,45.00,15.00,60.00,48.00,48.00,true,48.000,48.000,0.000,0,0,0,0,0,0,0,0,0,48.00,48.0000,0.0000,2.25,4.0500,1.8000,8,8
fork_join_p2_rh25_alternating_sync_vs_io,fork_join,2,0.25,alternating_sync,exp03_fork_join_n4_p2_rh25_io,exp03_fork_join_n4_p2_rh25_alternating_sync,45.00,15.00,60.00,48.00,48.00,true,48.000,48.000,0.000,0,0,0,0,0,0,0,0,0,48.00,48.000,0.000,2.25,1.125,-1.125,8,16
fork_join_p2_rh25_alternating_staggered_vs_io,fork_join,2,0.25,alternating_staggered,exp03_fork_join_n4_p2_rh25_io,exp03_fork_join_n4_p2_rh25_alternating_staggered,45.00,15.00,60.00,48.00,48.00,true,48.000,48.000,0.000,0,0,0,0,0,0,0,0,0,48.00,48.000,0.000,2.25,1.125,-1.125,8,16
fork_join_p2_rh50_front_loaded_vs_io,fork_join,2,0.50,front_loaded,exp03_fork_join_n4_p2_rh50_io,exp03_fork_join_n4_p2_rh50_front_loaded,30.00,30.00,60.00,48.00,48.00,true,51.000,50.100,-0.900,4.500,0,-4.500,4.500,0,-4.500,4.500,0,-4.500,51.00,50.1000,-0.9000,9.00,8.1000,-0.9000,8,8
fork_join_p2_rh50_alternating_sync_vs_io,fork_join,2,0.50,alternating_sync,exp03_fork_join_n4_p2_rh50_io,exp03_fork_join_n4_p2_rh50_alternating_sync,30.00,30.00,60.00,48.00,48.00,true,51.000,49.500,-1.500,4.500,3.750,-0.750,4.500,3.750,-0.750,4.500,3.750,-0.750,51.00,49.50,-1.50,9.00,7.50,-1.50,8,16
fork_join_p2_rh50_alternating_staggered_vs_io,fork_join,2,0.50,alternating_staggered,exp03_fork_join_n4_p2_rh50_io,exp03_fork_join_n4_p2_rh50_alternating_staggered,30.00,30.00,60.00,48.00,48.00,true,51.000,49.250,-1.750,4.500,2.500,-2.000,4.500,2.500,-2.000,4.500,2.500,-2.000,51.00,49.25,-1.75,9.00,4.75,-4.25,8,16
fork_join_p4_rh25_front_loaded_vs_io,fork_join,4,0.25,front_loaded,exp03_fork_join_n4_p4_rh25_io,exp03_fork_join_n4_p4_rh25_front_loaded,45.00,15.00,60.00,48.00,48.00,true,48.000,48.000,0.000,0,0,0,0,0,0,0,0,0,48.00,48.0000,0.0000,2.25,4.0500,1.8000,8,8
fork_join_p4_rh25_alternating_sync_vs_io,fork_join,4,0.25,alternating_sync,exp03_fork_join_n4_p4_rh25_io,exp03_fork_join_n4_p4_rh25_alternating_sync,45.00,15.00,60.00,48.00,48.00,true,48.000,48.000,0.000,0,0,0,0,0,0,0,0,0,48.00,48.000,0.000,2.25,1.125,-1.125,8,16
fork_join_p4_rh25_alternating_staggered_vs_io,fork_join,4,0.25,alternating_staggered,exp03_fork_join_n4_p4_rh25_io,exp03_fork_join_n4_p4_rh25_alternating_staggered,45.00,15.00,60.00,48.00,48.00,true,48.000,48.000,0.000,0,0,0,0,0,0,0,0,0,48.00,48.000,0.000,2.25,1.125,-1.125,8,16
fork_join_p4_rh50_front_loaded_vs_io,fork_join,4,0.50,front_loaded,exp03_fork_join_n4_p4_rh50_io,exp03_fork_join_n4_p4_rh50_front_loaded,30.00,30.00,60.00,48.00,48.00,true,51.000,50.100,-0.900,0,0,0,0,0,0,0,0,0,51.00,50.1000,-0.9000,9.00,8.1000,-0.9000,8,8
fork_join_p4_rh50_alternating_sync_vs_io,fork_join,4,0.50,alternating_sync,exp03_fork_join_n4_p4_rh50_io,exp03_fork_join_n4_p4_rh50_alternating_sync,30.00,30.00,60.00,48.00,48.00,true,51.000,49.500,-1.500,0,3.750,3.750,0,3.750,3.750,0,0,0,51.00,49.50,-1.50,9.00,7.50,-1.50,8,16
fork_join_p4_rh50_alternating_staggered_vs_io,fork_join,4,0.50,alternating_staggered,exp03_fork_join_n4_p4_rh50_io,exp03_fork_join_n4_p4_rh50_alternating_staggered,30.00,30.00,60.00,48.00,48.00,true,51.000,49.250,-1.750,0,2.000,2.000,0,2.000,2.000,0,0,0,51.00,49.25,-1.75,9.00,4.75,-4.25,8,16
two_layer_p2_rh25_front_loaded_vs_io,two_layer,2,0.25,front_loaded,exp03_two_layer_n4_p2_rh25_io,exp03_two_layer_n4_p2_rh25_front_loaded,45.00,15.00,60.00,36.00,36.00,true,36.000,36.000,0.000,0,0,0,0,0,0,0,0,0,36.00,36.0000,0.0000,4.50,8.1000,3.6000,8,8
two_layer_p2_rh25_alternating_sync_vs_io,two_layer,2,0.25,alternating_sync,exp03_two_layer_n4_p2_rh25_io,exp03_two_layer_n4_p2_rh25_alternating_sync,45.00,15.00,60.00,36.00,36.00,true,36.000,36.750,0.750,0,0.750,0.750,0,0.750,0.750,0,0.750,0.750,36.00,36.750,0.750,4.50,3.000,-1.500,8,16
two_layer_p2_rh25_alternating_staggered_vs_io,two_layer,2,0.25,alternating_staggered,exp03_two_layer_n4_p2_rh25_io,exp03_two_layer_n4_p2_rh25_alternating_staggered,45.00,15.00,60.00,36.00,36.00,true,36.000,36.000,0.000,0,1.500,1.500,0,1.500,1.500,0,1.500,1.500,36.00,36.00,0.00,4.50,3.750,-0.750,8,16
two_layer_p2_rh50_front_loaded_vs_io,two_layer,2,0.50,front_loaded,exp03_two_layer_n4_p2_rh50_io,exp03_two_layer_n4_p2_rh50_front_loaded,30.00,30.00,60.00,36.00,36.00,true,40.500,40.800,0.300,4.500,0,-4.500,4.500,0,-4.500,4.500,0,-4.500,40.50,40.8000,0.3000,13.50,16.2000,2.7000,8,8
two_layer_p2_rh50_alternating_sync_vs_io,two_layer,2,0.50,alternating_sync,exp03_two_layer_n4_p2_rh50_io,exp03_two_layer_n4_p2_rh50_alternating_sync,30.00,30.00,60.00,36.00,36.00,true,40.500,38.750,-1.750,4.500,6.250,1.750,4.500,6.250,1.750,4.500,6.000,1.500,40.50,39.25,-1.25,13.50,11.25,-2.25,8,16
two_layer_p2_rh50_alternating_staggered_vs_io,two_layer,2,0.50,alternating_staggered,exp03_two_layer_n4_p2_rh50_io,exp03_two_layer_n4_p2_rh50_alternating_staggered,30.00,30.00,60.00,36.00,36.00,true,40.500,37.750,-2.750,4.500,4.000,-0.500,4.500,4.000,-0.500,4.500,4.000,-0.500,40.50,37.75,-2.75,13.50,8.50,-5.00,8,16
two_layer_p4_rh25_front_loaded_vs_io,two_layer,4,0.25,front_loaded,exp03_two_layer_n4_p4_rh25_io,exp03_two_layer_n4_p4_rh25_front_loaded,45.00,15.00,60.00,36.00,36.00,true,36.000,36.000,0.000,0,0,0,0,0,0,0,0,0,36.00,36.0000,0.0000,4.50,8.1000,3.6000,8,8
two_layer_p4_rh25_alternating_sync_vs_io,two_layer,4,0.25,alternating_sync,exp03_two_layer_n4_p4_rh25_io,exp03_two_layer_n4_p4_rh25_alternating_sync,45.00,15.00,60.00,36.00,36.00,true,36.000,36.750,0.750,0,0.750,0.750,0,0.750,0.750,0,0,0,36.00,36.750,0.750,4.50,3.000,-1.500,8,16
two_layer_p4_rh25_alternating_staggered_vs_io,two_layer,4,0.25,alternating_staggered,exp03_two_layer_n4_p4_rh25_io,exp03_two_layer_n4_p4_rh25_alternating_staggered,45.00,15.00,60.00,36.00,36.00,true,36.000,36.000,0.000,0,1.500,1.500,0,1.500,1.500,0,0,0,36.00,36.00,0.00,4.50,3.750,-0.750,8,16
two_layer_p4_rh50_front_loaded_vs_io,two_layer,4,0.50,front_loaded,exp03_two_layer_n4_p4_rh50_io,exp03_two_layer_n4_p4_rh50_front_loaded,30.00,30.00,60.00,36.00,36.00,true,40.500,40.800,0.300,4.500,0,-4.500,4.500,0,-4.500,0,0,0,40.50,40.8000,0.3000,13.50,16.2000,2.7000,8,8
two_layer_p4_rh50_alternating_sync_vs_io,two_layer,4,0.50,alternating_sync,exp03_two_layer_n4_p4_rh50_io,exp03_two_layer_n4_p4_rh50_alternating_sync,30.00,30.00,60.00,36.00,36.00,true,40.500,38.750,-1.750,4.500,8.000,3.500,4.500,8.000,3.500,0,0,0,40.50,39.25,-1.25,13.50,11.25,-2.25,8,16
two_layer_p4_rh50_alternating_staggered_vs_io,two_layer,4,0.50,alternating_staggered,exp03_two_layer_n4_p4_rh50_io,exp03_two_layer_n4_p4_rh50_alternating_staggered,30.00,30.00,60.00,36.00,36.00,true,40.500,37.750,-2.750,4.500,4.000,-0.500,4.500,4.000,-0.500,0,0,0,40.50,37.75,-2.75,13.50,8.50,-5.00,8,16
