experiment_id,scenario_id,schedule_kind,record_type,task_id,phase_id,agent,resource,start,end,duration,request_time,waiting_before
EXP-06A,exp06a_practical_variant_3_k025,baseline,phase,1,specification,1,human,0,0.250,0.250,0,0
EXP-06A,exp06a_practical_variant_3_k025,baseline,phase,1,implementation,1,agent,0.250,1.050,0.800,,0
EXP-06A,exp06a_practical_variant_3_k025,baseline,phase,1,review,1,human,1.050,1.300,0.250,1.050,0.000
EXP-06A,exp06a_practical_variant_3_k025,baseline,phase,2,specification,1,human,1.300,1.675,0.375,1.300,0.000
EXP-06A,exp06a_practical_variant_3_k025,baseline,phase,2,implementation,1,agent,1.675,3.025,1.350,,0
EXP-06A,exp06a_practical_variant_3_k025,baseline,phase,2,review,1,human,3.125,3.500,0.375,3.025,0.100
EXP-06A,exp06a_practical_variant_3_k025,baseline,phase,3,specification,1,human,3.500,4.000,0.500,3.500,0.000
EXP-06A,exp06a_practical_variant_3_k025,baseline,phase,3,implementation,1,agent,4.000,6.200,2.200,,0
EXP-06A,exp06a_practical_variant_3_k025,baseline,phase,3,review,1,human,6.200,6.700,0.500,6.200,0.000
EXP-06A,exp06a_practical_variant_3_k025,baseline,phase,4,specification,1,human,6.700,7.075,0.375,6.700,0.000
EXP-06A,exp06a_practical_variant_3_k025,baseline,phase,4,implementation,1,agent,7.075,8.575,1.500,,0
EXP-06A,exp06a_practical_variant_3_k025,baseline,phase,4,review,1,human,8.575,8.950,0.375,8.575,0.000
EXP-06A,exp06a_practical_variant_3_k025,baseline,phase,5,specification,2,human,1.675,1.925,0.250,1.300,0.375
EXP-06A,exp06a_practical_variant_3_k025,baseline,phase,5,implementation,2,agent,1.925,2.625,0.700,,0
EXP-06A,exp06a_practical_variant_3_k025,baseline,phase,5,review,2,human,2.625,2.875,0.250,2.625,0.000
EXP-06A,exp06a_practical_variant_3_k025,baseline,phase,6,specification,1,human,8.950,9.325,0.375,8.950,0.000
EXP-06A,exp06a_practical_variant_3_k025,baseline,phase,6,implementation,1,agent,9.325,10.525,1.200,,0
EXP-06A,exp06a_practical_variant_3_k025,baseline,phase,6,review,1,human,10.525,10.900,0.375,10.525,0.000
EXP-06A,exp06a_practical_variant_3_k025,baseline,phase,7,specification,2,human,2.875,3.125,0.250,2.875,0.000
EXP-06A,exp06a_practical_variant_3_k025,baseline,phase,7,implementation,2,agent,3.125,4.025,0.900,,0
EXP-06A,exp06a_practical_variant_3_k025,baseline,phase,7,review,2,human,4.025,4.275,0.250,4.025,0.000
EXP-06A,exp06a_practical_variant_3_k025,baseline,wait,2,review,1,human_queue,3.025,3.125,0.100,3.025,0.100
EXP-06A,exp06a_practical_variant_3_k025,baseline,wait,5,specification,2,human_queue,1.300,1.675,0.375,1.300,0.375
EXP-06A,exp06a_practical_variant_3_k025,exact,phase,1,specification,4,human,0.0000,0.2500,0.2500,0.0000,0.0000
EXP-06A,exp06a_practical_variant_3_k025,exact,phase,1,implementation,4,agent,0.2500,1.0500,0.8000,,0
EXP-06A,exp06a_practical_variant_3_k025,exact,phase,1,review,4,human,1.0500,1.3000,0.2500,1.0500,0.0000
EXP-06A,exp06a_practical_variant_3_k025,exact,phase,2,specification,3,human,1.3000,1.6750,0.3750,1.3000,0.0000
EXP-06A,exp06a_practical_variant_3_k025,exact,phase,2,implementation,3,agent,1.6750,3.0250,1.3500,,0
EXP-06A,exp06a_practical_variant_3_k025,exact,phase,2,review,3,human,3.0250,3.4000,0.3750,3.0250,0.0000
EXP-06A,exp06a_practical_variant_3_k025,exact,phase,3,specification,1,human,3.4000,3.9000,0.5000,3.4000,0.0000
EXP-06A,exp06a_practical_variant_3_k025,exact,phase,3,implementation,1,agent,3.9000,6.1000,2.2000,,0
EXP-06A,exp06a_practical_variant_3_k025,exact,phase,3,review,1,human,6.1000,6.6000,0.5000,6.1000,0.0000
EXP-06A,exp06a_practical_variant_3_k025,exact,phase,4,specification,1,human,6.6000,6.9750,0.3750,6.6000,0.0000
EXP-06A,exp06a_practical_variant_3_k025,exact,phase,4,implementation,1,agent,6.9750,8.4750,1.5000,,0
EXP-06A,exp06a_practical_variant_3_k025,exact,phase,4,review,1,human,8.4750,8.8500,0.3750,8.4750,0.0000
EXP-06A,exp06a_practical_variant_3_k025,exact,phase,5,specification,1,human,1.6750,1.9250,0.2500,1.6750,0.0000
EXP-06A,exp06a_practical_variant_3_k025,exact,phase,5,implementation,1,agent,1.9250,2.6250,0.7000,,0
EXP-06A,exp06a_practical_variant_3_k025,exact,phase,5,review,1,human,2.6250,2.8750,0.2500,2.6250,0.0000
EXP-06A,exp06a_practical_variant_3_k025,exact,phase,6,specification,1,human,8.8500,9.2250,0.3750,8.8500,0.0000
EXP-06A,exp06a_practical_variant_3_k025,exact,phase,6,implementation,1,agent,9.2250,10.4250,1.2000,,0
EXP-06A,exp06a_practical_variant_3_k025,exact,phase,6,review,1,human,10.4250,10.8000,0.3750,10.4250,0.0000
EXP-06A,exp06a_practical_variant_3_k025,exact,phase,7,specification,4,human,3.9000,4.1500,0.2500,3.9000,0.0000
EXP-06A,exp06a_practical_variant_3_k025,exact,phase,7,implementation,4,agent,4.1500,5.0500,0.9000,,0
EXP-06A,exp06a_practical_variant_3_k025,exact,phase,7,review,4,human,5.0500,5.3000,0.2500,5.0500,0.0000
EXP-06A,exp06a_practical_variant_3_k050,baseline,phase,1,specification,1,human,0,0.50,0.50,0,0
EXP-06A,exp06a_practical_variant_3_k050,baseline,phase,1,implementation,1,agent,0.50,2.10,1.60,,0
EXP-06A,exp06a_practical_variant_3_k050,baseline,phase,1,review,1,human,2.10,2.60,0.50,2.10,0.00
EXP-06A,exp06a_practical_variant_3_k050,baseline,phase,2,specification,1,human,2.60,3.35,0.75,2.60,0.00
EXP-06A,exp06a_practical_variant_3_k050,baseline,phase,2,implementation,1,agent,3.35,6.05,2.70,,0
EXP-06A,exp06a_practical_variant_3_k050,baseline,phase,2,review,1,human,6.25,7.00,0.75,6.05,0.20
EXP-06A,exp06a_practical_variant_3_k050,baseline,phase,3,specification,1,human,7.00,8.00,1.00,7.00,0.00
EXP-06A,exp06a_practical_variant_3_k050,baseline,phase,3,implementation,1,agent,8.00,12.40,4.40,,0
EXP-06A,exp06a_practical_variant_3_k050,baseline,phase,3,review,1,human,12.40,13.40,1.00,12.40,0.00
EXP-06A,exp06a_practical_variant_3_k050,baseline,phase,4,specification,1,human,13.40,14.15,0.75,13.40,0.00
EXP-06A,exp06a_practical_variant_3_k050,baseline,phase,4,implementation,1,agent,14.15,17.15,3.00,,0
EXP-06A,exp06a_practical_variant_3_k050,baseline,phase,4,review,1,human,17.15,17.90,0.75,17.15,0.00
EXP-06A,exp06a_practical_variant_3_k050,baseline,phase,5,specification,2,human,3.35,3.85,0.50,2.60,0.75
EXP-06A,exp06a_practical_variant_3_k050,baseline,phase,5,implementation,2,agent,3.85,5.25,1.40,,0
EXP-06A,exp06a_practical_variant_3_k050,baseline,phase,5,review,2,human,5.25,5.75,0.50,5.25,0.00
EXP-06A,exp06a_practical_variant_3_k050,baseline,phase,6,specification,1,human,17.90,18.65,0.75,17.90,0.00
EXP-06A,exp06a_practical_variant_3_k050,baseline,phase,6,implementation,1,agent,18.65,21.05,2.40,,0
EXP-06A,exp06a_practical_variant_3_k050,baseline,phase,6,review,1,human,21.05,21.80,0.75,21.05,0.00
EXP-06A,exp06a_practical_variant_3_k050,baseline,phase,7,specification,2,human,5.75,6.25,0.50,5.75,0.00
EXP-06A,exp06a_practical_variant_3_k050,baseline,phase,7,implementation,2,agent,6.25,8.05,1.80,,0
EXP-06A,exp06a_practical_variant_3_k050,baseline,phase,7,review,2,human,8.05,8.55,0.50,8.05,0.00
EXP-06A,exp06a_practical_variant_3_k050,baseline,wait,2,review,1,human_queue,6.05,6.25,0.20,6.05,0.20
EXP-06A,exp06a_practical_variant_3_k050,baseline,wait,5,specification,2,human_queue,2.60,3.35,0.75,2.60,0.75
EXP-06A,exp06a_practical_variant_3_k050,exact,phase,1,specification,4,human,0.000,0.500,0.500,0.000,0.000
EXP-06A,exp06a_practical_variant_3_k050,exact,phase,1,implementation,4,agent,0.500,2.100,1.600,,0
EXP-06A,exp06a_practical_variant_3_k050,exact,phase,1,review,4,human,2.100,2.600,0.500,2.100,0.000
EXP-06A,exp06a_practical_variant_3_k050,exact,phase,2,specification,3,human,2.600,3.350,0.750,2.600,0.000
EXP-06A,exp06a_practical_variant_3_k050,exact,phase,2,implementation,3,agent,3.350,6.050,2.700,,0
EXP-06A,exp06a_practical_variant_3_k050,exact,phase,2,review,3,human,6.050,6.800,0.750,6.050,0.000
EXP-06A,exp06a_practical_variant_3_k050,exact,phase,3,specification,1,human,6.800,7.800,1.000,6.800,0.000
EXP-06A,exp06a_practical_variant_3_k050,exact,phase,3,implementation,1,agent,7.800,12.200,4.400,,0
EXP-06A,exp06a_practical_variant_3_k050,exact,phase,3,review,1,human,12.200,13.200,1.000,12.200,0.000
EXP-06A,exp06a_practical_variant_3_k050,exact,phase,4,specification,1,human,13.200,13.950,0.750,13.200,0.000
EXP-06A,exp06a_practical_variant_3_k050,exact,phase,4,implementation,1,agent,13.950,16.950,3.000,,0
EXP-06A,exp06a_practical_variant_3_k050,exact,phase,4,review,1,human,16.950,17.700,0.750,16.950,0.000
EXP-06A,exp06a_practical_variant_3_k050,exact,phase,5,specification,1,human,3.350,3.850,0.500,3.350,0.000
EXP-06A,exp06a_practical_variant_3_k050,exact,phase,5,implementation,1,agent,3.850,5.250,1.400,,0
EXP-06A,exp06a_practical_variant_3_k050,exact,phase,5,review,1,human,5.250,5.750,0.500,5.250,0.000
EXP-06A,exp06a_practical_variant_3_k050,exact,phase,6,specification,1,human,17.700,18.450,0.750,17.700,0.000
EXP-06A,exp06a_practical_variant_3_k050,exact,phase,6,implementation,1,agent,18.450,20.850,2.400,,0
EXP-06A,exp06a_practical_variant_3_k050,exact,phase,6,review,1,human,20.850,21.600,0.750,20.850,0.000
EXP-06A,exp06a_practical_variant_3_k050,exact,phase,7,specification,4,human,7.800,8.300,0.500,7.800,0.000
EXP-06A,exp06a_practical_variant_3_k050,exact,phase,7,implementation,4,agent,8.300,10.100,1.800,,0
EXP-06A,exp06a_practical_variant_3_k050,exact,phase,7,review,4,human,10.100,10.600,0.500,10.100,0.000
EXP-06A,exp06a_practical_variant_3_k100,baseline,phase,1,specification,1,human,0,1.0,1.0,0,0
EXP-06A,exp06a_practical_variant_3_k100,baseline,phase,1,implementation,1,agent,1.0,4.2,3.2,,0
EXP-06A,exp06a_practical_variant_3_k100,baseline,phase,1,review,1,human,4.2,5.2,1.0,4.2,0.0
EXP-06A,exp06a_practical_variant_3_k100,baseline,phase,2,specification,1,human,5.2,6.7,1.5,5.2,0.0
EXP-06A,exp06a_practical_variant_3_k100,baseline,phase,2,implementation,1,agent,6.7,12.1,5.4,,0
EXP-06A,exp06a_practical_variant_3_k100,baseline,phase,2,review,1,human,12.5,14.0,1.5,12.1,0.4
EXP-06A,exp06a_practical_variant_3_k100,baseline,phase,3,specification,1,human,14.0,16.0,2.0,14.0,0.0
EXP-06A,exp06a_practical_variant_3_k100,baseline,phase,3,implementation,1,agent,16.0,24.8,8.8,,0
EXP-06A,exp06a_practical_variant_3_k100,baseline,phase,3,review,1,human,24.8,26.8,2.0,24.8,0.0
EXP-06A,exp06a_practical_variant_3_k100,baseline,phase,4,specification,1,human,26.8,28.3,1.5,26.8,0.0
EXP-06A,exp06a_practical_variant_3_k100,baseline,phase,4,implementation,1,agent,28.3,34.3,6.0,,0
EXP-06A,exp06a_practical_variant_3_k100,baseline,phase,4,review,1,human,34.3,35.8,1.5,34.3,0.0
EXP-06A,exp06a_practical_variant_3_k100,baseline,phase,5,specification,2,human,6.7,7.7,1.0,5.2,1.5
EXP-06A,exp06a_practical_variant_3_k100,baseline,phase,5,implementation,2,agent,7.7,10.5,2.8,,0
EXP-06A,exp06a_practical_variant_3_k100,baseline,phase,5,review,2,human,10.5,11.5,1.0,10.5,0.0
EXP-06A,exp06a_practical_variant_3_k100,baseline,phase,6,specification,1,human,35.8,37.3,1.5,35.8,0.0
EXP-06A,exp06a_practical_variant_3_k100,baseline,phase,6,implementation,1,agent,37.3,42.1,4.8,,0
EXP-06A,exp06a_practical_variant_3_k100,baseline,phase,6,review,1,human,42.1,43.6,1.5,42.1,0.0
EXP-06A,exp06a_practical_variant_3_k100,baseline,phase,7,specification,2,human,11.5,12.5,1.0,11.5,0.0
EXP-06A,exp06a_practical_variant_3_k100,baseline,phase,7,implementation,2,agent,12.5,16.1,3.6,,0
EXP-06A,exp06a_practical_variant_3_k100,baseline,phase,7,review,2,human,16.1,17.1,1.0,16.1,0.0
EXP-06A,exp06a_practical_variant_3_k100,baseline,wait,2,review,1,human_queue,12.1,12.5,0.4,12.1,0.4
EXP-06A,exp06a_practical_variant_3_k100,baseline,wait,5,specification,2,human_queue,5.2,6.7,1.5,5.2,1.5
EXP-06A,exp06a_practical_variant_3_k100,exact,phase,1,specification,4,human,0.00,1.00,1.00,0.00,0.00
EXP-06A,exp06a_practical_variant_3_k100,exact,phase,1,implementation,4,agent,1.00,4.20,3.20,,0
EXP-06A,exp06a_practical_variant_3_k100,exact,phase,1,review,4,human,4.20,5.20,1.00,4.20,0.00
EXP-06A,exp06a_practical_variant_3_k100,exact,phase,2,specification,3,human,5.20,6.70,1.50,5.20,0.00
EXP-06A,exp06a_practical_variant_3_k100,exact,phase,2,implementation,3,agent,6.70,12.10,5.40,,0
EXP-06A,exp06a_practical_variant_3_k100,exact,phase,2,review,3,human,12.10,13.60,1.50,12.10,0.00
EXP-06A,exp06a_practical_variant_3_k100,exact,phase,3,specification,1,human,13.60,15.60,2.00,13.60,0.00
EXP-06A,exp06a_practical_variant_3_k100,exact,phase,3,implementation,1,agent,15.60,24.40,8.80,,0
EXP-06A,exp06a_practical_variant_3_k100,exact,phase,3,review,1,human,24.40,26.40,2.00,24.40,0.00
EXP-06A,exp06a_practical_variant_3_k100,exact,phase,4,specification,1,human,26.40,27.90,1.50,26.40,0.00
EXP-06A,exp06a_practical_variant_3_k100,exact,phase,4,implementation,1,agent,27.90,33.90,6.00,,0
EXP-06A,exp06a_practical_variant_3_k100,exact,phase,4,review,1,human,33.90,35.40,1.50,33.90,0.00
EXP-06A,exp06a_practical_variant_3_k100,exact,phase,5,specification,1,human,6.70,7.70,1.00,6.70,0.00
EXP-06A,exp06a_practical_variant_3_k100,exact,phase,5,implementation,1,agent,7.70,10.50,2.80,,0
EXP-06A,exp06a_practical_variant_3_k100,exact,phase,5,review,1,human,10.50,11.50,1.00,10.50,0.00
EXP-06A,exp06a_practical_variant_3_k100,exact,phase,6,specification,1,human,35.40,36.90,1.50,35.40,0.00
EXP-06A,exp06a_practical_variant_3_k100,exact,phase,6,implementation,1,agent,36.90,41.70,4.80,,0
EXP-06A,exp06a_practical_variant_3_k100,exact,phase,6,review,1,human,41.70,43.20,1.50,41.70,0.00
EXP-06A,exp06a_practical_variant_3_k100,exact,phase,7,specification,4,human,15.60,16.60,1.00,15.60,0.00
EXP-06A,exp06a_practical_variant_3_k100,exact,phase,7,implementation,4,agent,16.60,20.20,3.60,,0
EXP-06A,exp06a_practical_variant_3_k100,exact,phase,7,review,4,human,20.20,21.20,1.00,20.20,0.00
EXP-06A,exp06a_practical_variant_3_k200,baseline,phase,1,specification,1,human,0,2.0,2.0,0,0
EXP-06A,exp06a_practical_variant_3_k200,baseline,phase,1,implementation,1,agent,2.0,8.4,6.4,,0
EXP-06A,exp06a_practical_variant_3_k200,baseline,phase,1,review,1,human,8.4,10.4,2.0,8.4,0.0
EXP-06A,exp06a_practical_variant_3_k200,baseline,phase,2,specification,1,human,10.4,13.4,3.0,10.4,0.0
EXP-06A,exp06a_practical_variant_3_k200,baseline,phase,2,implementation,1,agent,13.4,24.2,10.8,,0
EXP-06A,exp06a_practical_variant_3_k200,baseline,phase,2,review,1,human,25.0,28.0,3.0,24.2,0.8
EXP-06A,exp06a_practical_variant_3_k200,baseline,phase,3,specification,1,human,28.0,32.0,4.0,28.0,0.0
EXP-06A,exp06a_practical_variant_3_k200,baseline,phase,3,implementation,1,agent,32.0,49.6,17.6,,0
EXP-06A,exp06a_practical_variant_3_k200,baseline,phase,3,review,1,human,49.6,53.6,4.0,49.6,0.0
EXP-06A,exp06a_practical_variant_3_k200,baseline,phase,4,specification,1,human,53.6,56.6,3.0,53.6,0.0
EXP-06A,exp06a_practical_variant_3_k200,baseline,phase,4,implementation,1,agent,56.6,68.6,12.0,,0
EXP-06A,exp06a_practical_variant_3_k200,baseline,phase,4,review,1,human,68.6,71.6,3.0,68.6,0.0
EXP-06A,exp06a_practical_variant_3_k200,baseline,phase,5,specification,2,human,13.4,15.4,2.0,10.4,3.0
EXP-06A,exp06a_practical_variant_3_k200,baseline,phase,5,implementation,2,agent,15.4,21.0,5.6,,0
EXP-06A,exp06a_practical_variant_3_k200,baseline,phase,5,review,2,human,21.0,23.0,2.0,21.0,0.0
EXP-06A,exp06a_practical_variant_3_k200,baseline,phase,6,specification,1,human,71.6,74.6,3.0,71.6,0.0
EXP-06A,exp06a_practical_variant_3_k200,baseline,phase,6,implementation,1,agent,74.6,84.2,9.6,,0
EXP-06A,exp06a_practical_variant_3_k200,baseline,phase,6,review,1,human,84.2,87.2,3.0,84.2,0.0
EXP-06A,exp06a_practical_variant_3_k200,baseline,phase,7,specification,2,human,23.0,25.0,2.0,23.0,0.0
EXP-06A,exp06a_practical_variant_3_k200,baseline,phase,7,implementation,2,agent,25.0,32.2,7.2,,0
EXP-06A,exp06a_practical_variant_3_k200,baseline,phase,7,review,2,human,32.2,34.2,2.0,32.2,0.0
EXP-06A,exp06a_practical_variant_3_k200,baseline,wait,2,review,1,human_queue,24.2,25.0,0.8,24.2,0.8
EXP-06A,exp06a_practical_variant_3_k200,baseline,wait,5,specification,2,human_queue,10.4,13.4,3.0,10.4,3.0
EXP-06A,exp06a_practical_variant_3_k200,exact,phase,1,specification,4,human,0.00,2.00,2.00,0.00,0.00
EXP-06A,exp06a_practical_variant_3_k200,exact,phase,1,implementation,4,agent,2.00,8.40,6.40,,0
EXP-06A,exp06a_practical_variant_3_k200,exact,phase,1,review,4,human,8.40,10.40,2.00,8.40,0.00
EXP-06A,exp06a_practical_variant_3_k200,exact,phase,2,specification,3,human,10.40,13.40,3.00,10.40,0.00
EXP-06A,exp06a_practical_variant_3_k200,exact,phase,2,implementation,3,agent,13.40,24.20,10.80,,0
EXP-06A,exp06a_practical_variant_3_k200,exact,phase,2,review,3,human,24.20,27.20,3.00,24.20,0.00
EXP-06A,exp06a_practical_variant_3_k200,exact,phase,3,specification,1,human,27.20,31.20,4.00,27.20,0.00
EXP-06A,exp06a_practical_variant_3_k200,exact,phase,3,implementation,1,agent,31.20,48.80,17.60,,0
EXP-06A,exp06a_practical_variant_3_k200,exact,phase,3,review,1,human,48.80,52.80,4.00,48.80,0.00
EXP-06A,exp06a_practical_variant_3_k200,exact,phase,4,specification,1,human,52.80,55.80,3.00,52.80,0.00
EXP-06A,exp06a_practical_variant_3_k200,exact,phase,4,implementation,1,agent,55.80,67.80,12.00,,0
EXP-06A,exp06a_practical_variant_3_k200,exact,phase,4,review,1,human,67.80,70.80,3.00,67.80,0.00
EXP-06A,exp06a_practical_variant_3_k200,exact,phase,5,specification,1,human,13.40,15.40,2.00,13.40,0.00
EXP-06A,exp06a_practical_variant_3_k200,exact,phase,5,implementation,1,agent,15.40,21.00,5.60,,0
EXP-06A,exp06a_practical_variant_3_k200,exact,phase,5,review,1,human,21.00,23.00,2.00,21.00,0.00
EXP-06A,exp06a_practical_variant_3_k200,exact,phase,6,specification,1,human,70.80,73.80,3.00,70.80,0.00
EXP-06A,exp06a_practical_variant_3_k200,exact,phase,6,implementation,1,agent,73.80,83.40,9.60,,0
EXP-06A,exp06a_practical_variant_3_k200,exact,phase,6,review,1,human,83.40,86.40,3.00,83.40,0.00
EXP-06A,exp06a_practical_variant_3_k200,exact,phase,7,specification,4,human,31.20,33.20,2.00,31.20,0.00
EXP-06A,exp06a_practical_variant_3_k200,exact,phase,7,implementation,4,agent,33.20,40.40,7.20,,0
EXP-06A,exp06a_practical_variant_3_k200,exact,phase,7,review,4,human,40.40,42.40,2.00,40.40,0.00
EXP-06A,exp06a_practical_variant_3_k400,baseline,phase,1,specification,1,human,0,4.0,4.0,0,0
EXP-06A,exp06a_practical_variant_3_k400,baseline,phase,1,implementation,1,agent,4.0,16.8,12.8,,0
EXP-06A,exp06a_practical_variant_3_k400,baseline,phase,1,review,1,human,16.8,20.8,4.0,16.8,0.0
EXP-06A,exp06a_practical_variant_3_k400,baseline,phase,2,specification,1,human,20.8,26.8,6.0,20.8,0.0
EXP-06A,exp06a_practical_variant_3_k400,baseline,phase,2,implementation,1,agent,26.8,48.4,21.6,,0
EXP-06A,exp06a_practical_variant_3_k400,baseline,phase,2,review,1,human,50.0,56.0,6.0,48.4,1.6
EXP-06A,exp06a_practical_variant_3_k400,baseline,phase,3,specification,1,human,56.0,64.0,8.0,56.0,0.0
EXP-06A,exp06a_practical_variant_3_k400,baseline,phase,3,implementation,1,agent,64.0,99.2,35.2,,0
EXP-06A,exp06a_practical_variant_3_k400,baseline,phase,3,review,1,human,99.2,107.2,8.0,99.2,0.0
EXP-06A,exp06a_practical_variant_3_k400,baseline,phase,4,specification,1,human,107.2,113.2,6.0,107.2,0.0
EXP-06A,exp06a_practical_variant_3_k400,baseline,phase,4,implementation,1,agent,113.2,137.2,24.0,,0
EXP-06A,exp06a_practical_variant_3_k400,baseline,phase,4,review,1,human,137.2,143.2,6.0,137.2,0.0
EXP-06A,exp06a_practical_variant_3_k400,baseline,phase,5,specification,2,human,26.8,30.8,4.0,20.8,6.0
EXP-06A,exp06a_practical_variant_3_k400,baseline,phase,5,implementation,2,agent,30.8,42.0,11.2,,0
EXP-06A,exp06a_practical_variant_3_k400,baseline,phase,5,review,2,human,42.0,46.0,4.0,42.0,0.0
EXP-06A,exp06a_practical_variant_3_k400,baseline,phase,6,specification,1,human,143.2,149.2,6.0,143.2,0.0
EXP-06A,exp06a_practical_variant_3_k400,baseline,phase,6,implementation,1,agent,149.2,168.4,19.2,,0
EXP-06A,exp06a_practical_variant_3_k400,baseline,phase,6,review,1,human,168.4,174.4,6.0,168.4,0.0
EXP-06A,exp06a_practical_variant_3_k400,baseline,phase,7,specification,2,human,46.0,50.0,4.0,46.0,0.0
EXP-06A,exp06a_practical_variant_3_k400,baseline,phase,7,implementation,2,agent,50.0,64.4,14.4,,0
EXP-06A,exp06a_practical_variant_3_k400,baseline,phase,7,review,2,human,64.4,68.4,4.0,64.4,0.0
EXP-06A,exp06a_practical_variant_3_k400,baseline,wait,2,review,1,human_queue,48.4,50.0,1.6,48.4,1.6
EXP-06A,exp06a_practical_variant_3_k400,baseline,wait,5,specification,2,human_queue,20.8,26.8,6.0,20.8,6.0
EXP-06A,exp06a_practical_variant_3_k400,exact,phase,1,specification,4,human,0.00,4.00,4.00,0.00,0.00
EXP-06A,exp06a_practical_variant_3_k400,exact,phase,1,implementation,4,agent,4.00,16.80,12.80,,0
EXP-06A,exp06a_practical_variant_3_k400,exact,phase,1,review,4,human,16.80,20.80,4.00,16.80,0.00
EXP-06A,exp06a_practical_variant_3_k400,exact,phase,2,specification,3,human,20.80,26.80,6.00,20.80,0.00
EXP-06A,exp06a_practical_variant_3_k400,exact,phase,2,implementation,3,agent,26.80,48.40,21.60,,0
EXP-06A,exp06a_practical_variant_3_k400,exact,phase,2,review,3,human,48.40,54.40,6.00,48.40,0.00
EXP-06A,exp06a_practical_variant_3_k400,exact,phase,3,specification,1,human,54.40,62.40,8.00,54.40,0.00
EXP-06A,exp06a_practical_variant_3_k400,exact,phase,3,implementation,1,agent,62.40,97.60,35.20,,0
EXP-06A,exp06a_practical_variant_3_k400,exact,phase,3,review,1,human,97.60,105.60,8.00,97.60,0.00
EXP-06A,exp06a_practical_variant_3_k400,exact,phase,4,specification,1,human,105.60,111.60,6.00,105.60,0.00
EXP-06A,exp06a_practical_variant_3_k400,exact,phase,4,implementation,1,agent,111.60,135.60,24.00,,0
EXP-06A,exp06a_practical_variant_3_k400,exact,phase,4,review,1,human,135.60,141.60,6.00,135.60,0.00
EXP-06A,exp06a_practical_variant_3_k400,exact,phase,5,specification,1,human,26.80,30.80,4.00,26.80,0.00
EXP-06A,exp06a_practical_variant_3_k400,exact,phase,5,implementation,1,agent,30.80,42.00,11.20,,0
EXP-06A,exp06a_practical_variant_3_k400,exact,phase,5,review,1,human,42.00,46.00,4.00,42.00,0.00
EXP-06A,exp06a_practical_variant_3_k400,exact,phase,6,specification,1,human,141.60,147.60,6.00,141.60,0.00
EXP-06A,exp06a_practical_variant_3_k400,exact,phase,6,implementation,1,agent,147.60,166.80,19.20,,0
EXP-06A,exp06a_practical_variant_3_k400,exact,phase,6,review,1,human,166.80,172.80,6.00,166.80,0.00
EXP-06A,exp06a_practical_variant_3_k400,exact,phase,7,specification,4,human,62.40,66.40,4.00,62.40,0.00
EXP-06A,exp06a_practical_variant_3_k400,exact,phase,7,implementation,4,agent,66.40,80.80,14.40,,0
EXP-06A,exp06a_practical_variant_3_k400,exact,phase,7,review,4,human,80.80,84.80,4.00,80.80,0.00
EXP-06A,exp06a_practical_variant_4_k025,baseline,phase,1,specification,1,human,0,0.250,0.250,0,0
EXP-06A,exp06a_practical_variant_4_k025,baseline,phase,1,implementation,1,agent,0.250,1.050,0.800,,0
EXP-06A,exp06a_practical_variant_4_k025,baseline,phase,1,review,1,human,1.050,1.300,0.250,1.050,0.000
EXP-06A,exp06a_practical_variant_4_k025,baseline,phase,2,specification,1,human,1.300,1.675,0.375,1.300,0.000
EXP-06A,exp06a_practical_variant_4_k025,baseline,phase,2,implementation,1,agent,1.675,3.025,1.350,,0
EXP-06A,exp06a_practical_variant_4_k025,baseline,phase,2,review,1,human,3.125,3.500,0.375,3.025,0.100
EXP-06A,exp06a_practical_variant_4_k025,baseline,phase,3,specification,1,human,3.500,4.000,0.500,3.500,0.000
EXP-06A,exp06a_practical_variant_4_k025,baseline,phase,3,implementation,1,agent,4.000,6.200,2.200,,0
EXP-06A,exp06a_practical_variant_4_k025,baseline,phase,3,review,1,human,6.200,6.700,0.500,6.200,0.000
EXP-06A,exp06a_practical_variant_4_k025,baseline,phase,4,specification,1,human,6.700,7.075,0.375,6.700,0.000
EXP-06A,exp06a_practical_variant_4_k025,baseline,phase,4,implementation,1,agent,7.075,8.575,1.500,,0
EXP-06A,exp06a_practical_variant_4_k025,baseline,phase,4,review,1,human,8.575,8.950,0.375,8.575,0.000
EXP-06A,exp06a_practical_variant_4_k025,baseline,phase,5,specification,2,human,1.675,1.925,0.250,1.300,0.375
EXP-06A,exp06a_practical_variant_4_k025,baseline,phase,5,implementation,2,agent,1.925,2.625,0.700,,0
EXP-06A,exp06a_practical_variant_4_k025,baseline,phase,5,review,2,human,2.625,2.875,0.250,2.625,0.000
EXP-06A,exp06a_practical_variant_4_k025,baseline,phase,6a,specification,2,human,7.075,7.200,0.125,6.700,0.375
EXP-06A,exp06a_practical_variant_4_k025,baseline,phase,6a,implementation,2,agent,7.200,7.600,0.400,,0
EXP-06A,exp06a_practical_variant_4_k025,baseline,phase,6a,review,2,human,7.600,7.725,0.125,7.600,0.000
EXP-06A,exp06a_practical_variant_4_k025,baseline,phase,6b,specification,3,human,4.000,4.1875,0.1875,3.500,0.500
EXP-06A,exp06a_practical_variant_4_k025,baseline,phase,6b,implementation,3,agent,4.1875,4.7875,0.6000,,0
EXP-06A,exp06a_practical_variant_4_k025,baseline,phase,6b,review,3,human,4.7875,4.9750,0.1875,4.7875,0.0000
EXP-06A,exp06a_practical_variant_4_k025,baseline,phase,6c,specification,1,human,8.950,9.0125,0.0625,8.950,0.000
EXP-06A,exp06a_practical_variant_4_k025,baseline,phase,6c,implementation,1,agent,9.0125,9.2125,0.2000,,0
EXP-06A,exp06a_practical_variant_4_k025,baseline,phase,6c,review,1,human,9.2125,9.2750,0.0625,9.2125,0.0000
EXP-06A,exp06a_practical_variant_4_k025,baseline,phase,7,specification,2,human,2.875,3.125,0.250,2.875,0.000
EXP-06A,exp06a_practical_variant_4_k025,baseline,phase,7,implementation,2,agent,3.125,4.025,0.900,,0
EXP-06A,exp06a_practical_variant_4_k025,baseline,phase,7,review,2,human,4.1875,4.4375,0.2500,4.025,0.1625
EXP-06A,exp06a_practical_variant_4_k025,baseline,wait,2,review,1,human_queue,3.025,3.125,0.100,3.025,0.100
EXP-06A,exp06a_practical_variant_4_k025,baseline,wait,5,specification,2,human_queue,1.300,1.675,0.375,1.300,0.375
EXP-06A,exp06a_practical_variant_4_k025,baseline,wait,6a,specification,2,human_queue,6.700,7.075,0.375,6.700,0.375
EXP-06A,exp06a_practical_variant_4_k025,baseline,wait,6b,specification,3,human_queue,3.500,4.000,0.500,3.500,0.500
EXP-06A,exp06a_practical_variant_4_k025,baseline,wait,7,review,2,human_queue,4.025,4.1875,0.1625,4.025,0.1625
EXP-06A,exp06a_practical_variant_4_k025,exact,phase,1,specification,4,human,0.0000,0.2500,0.2500,0.0000,0.0000
EXP-06A,exp06a_practical_variant_4_k025,exact,phase,1,implementation,4,agent,0.2500,1.0500,0.8000,,0
EXP-06A,exp06a_practical_variant_4_k025,exact,phase,1,review,4,human,1.0500,1.3000,0.2500,1.0500,0.0000
EXP-06A,exp06a_practical_variant_4_k025,exact,phase,2,specification,3,human,1.3000,1.6750,0.3750,1.3000,0.0000
EXP-06A,exp06a_practical_variant_4_k025,exact,phase,2,implementation,3,agent,1.6750,3.0250,1.3500,,0
EXP-06A,exp06a_practical_variant_4_k025,exact,phase,2,review,3,human,3.0250,3.4000,0.3750,3.0250,0.0000
EXP-06A,exp06a_practical_variant_4_k025,exact,phase,3,specification,2,human,3.4000,3.9000,0.5000,3.4000,0.0000
EXP-06A,exp06a_practical_variant_4_k025,exact,phase,3,implementation,2,agent,3.9000,6.1000,2.2000,,0
EXP-06A,exp06a_practical_variant_4_k025,exact,phase,3,review,2,human,6.1000,6.6000,0.5000,6.1000,0.0000
EXP-06A,exp06a_practical_variant_4_k025,exact,phase,4,specification,2,human,6.6000,6.9750,0.3750,6.6000,0.0000
EXP-06A,exp06a_practical_variant_4_k025,exact,phase,4,implementation,2,agent,6.9750,8.4750,1.5000,,0
EXP-06A,exp06a_practical_variant_4_k025,exact,phase,4,review,2,human,8.4750,8.8500,0.3750,8.4750,0.0000
EXP-06A,exp06a_practical_variant_4_k025,exact,phase,5,specification,1,human,1.6750,1.9250,0.2500,1.6750,0.0000
EXP-06A,exp06a_practical_variant_4_k025,exact,phase,5,implementation,1,agent,1.9250,2.6250,0.7000,,0
EXP-06A,exp06a_practical_variant_4_k025,exact,phase,5,review,1,human,2.6250,2.8750,0.2500,2.6250,0.0000
EXP-06A,exp06a_practical_variant_4_k025,exact,phase,6a,specification,1,human,6.9750,7.1000,0.1250,6.9750,0.0000
EXP-06A,exp06a_practical_variant_4_k025,exact,phase,6a,implementation,1,agent,7.1000,7.5000,0.4000,,0
EXP-06A,exp06a_practical_variant_4_k025,exact,phase,6a,review,1,human,7.5000,7.6250,0.1250,7.5000,0.0000
EXP-06A,exp06a_practical_variant_4_k025,exact,phase,6b,specification,1,human,3.9000,4.0875,0.1875,3.9000,0.0000
EXP-06A,exp06a_practical_variant_4_k025,exact,phase,6b,implementation,1,agent,4.0875,4.6875,0.6000,,0
EXP-06A,exp06a_practical_variant_4_k025,exact,phase,6b,review,1,human,4.6875,4.8750,0.1875,4.6875,0.0000
EXP-06A,exp06a_practical_variant_4_k025,exact,phase,6c,specification,1,human,8.8500,8.9125,0.0625,8.8500,0.0000
EXP-06A,exp06a_practical_variant_4_k025,exact,phase,6c,implementation,1,agent,8.9125,9.1125,0.2000,,0
EXP-06A,exp06a_practical_variant_4_k025,exact,phase,6c,review,1,human,9.1125,9.1750,0.0625,9.1125,0.0000
EXP-06A,exp06a_practical_variant_4_k025,exact,phase,7,specification,4,human,4.0875,4.3375,0.2500,4.0875,0.0000
EXP-06A,exp06a_practical_variant_4_k025,exact,phase,7,implementation,4,agent,4.3375,5.2375,0.9000,,0
EXP-06A,exp06a_practical_variant_4_k025,exact,phase,7,review,4,human,5.2375,5.4875,0.2500,5.2375,0.0000
EXP-06A,exp06a_practical_variant_4_k050,baseline,phase,1,specification,1,human,0,0.50,0.50,0,0
EXP-06A,exp06a_practical_variant_4_k050,baseline,phase,1,implementation,1,agent,0.50,2.10,1.60,,0
EXP-06A,exp06a_practical_variant_4_k050,baseline,phase,1,review,1,human,2.10,2.60,0.50,2.10,0.00
EXP-06A,exp06a_practical_variant_4_k050,baseline,phase,2,specification,1,human,2.60,3.35,0.75,2.60,0.00
EXP-06A,exp06a_practical_variant_4_k050,baseline,phase,2,implementation,1,agent,3.35,6.05,2.70,,0
EXP-06A,exp06a_practical_variant_4_k050,baseline,phase,2,review,1,human,6.25,7.00,0.75,6.05,0.20
EXP-06A,exp06a_practical_variant_4_k050,baseline,phase,3,specification,1,human,7.00,8.00,1.00,7.00,0.00
EXP-06A,exp06a_practical_variant_4_k050,baseline,phase,3,implementation,1,agent,8.00,12.40,4.40,,0
EXP-06A,exp06a_practical_variant_4_k050,baseline,phase,3,review,1,human,12.40,13.40,1.00,12.40,0.00
EXP-06A,exp06a_practical_variant_4_k050,baseline,phase,4,specification,1,human,13.40,14.15,0.75,13.40,0.00
EXP-06A,exp06a_practical_variant_4_k050,baseline,phase,4,implementation,1,agent,14.15,17.15,3.00,,0
EXP-06A,exp06a_practical_variant_4_k050,baseline,phase,4,review,1,human,17.15,17.90,0.75,17.15,0.00
EXP-06A,exp06a_practical_variant_4_k050,baseline,phase,5,specification,2,human,3.35,3.85,0.50,2.60,0.75
EXP-06A,exp06a_practical_variant_4_k050,baseline,phase,5,implementation,2,agent,3.85,5.25,1.40,,0
EXP-06A,exp06a_practical_variant_4_k050,baseline,phase,5,review,2,human,5.25,5.75,0.50,5.25,0.00
EXP-06A,exp06a_practical_variant_4_k050,baseline,phase,6a,specification,2,human,14.15,14.40,0.25,13.40,0.75
EXP-06A,exp06a_practical_variant_4_k050,baseline,phase,6a,implementation,2,agent,14.40,15.20,0.80,,0
EXP-06A,exp06a_practical_variant_4_k050,baseline,phase,6a,review,2,human,15.20,15.45,0.25,15.20,0.00
EXP-06A,exp06a_practical_variant_4_k050,baseline,phase,6b,specification,3,human,8.00,8.375,0.375,7.00,1.00
EXP-06A,exp06a_practical_variant_4_k050,baseline,phase,6b,implementation,3,agent,8.375,9.575,1.200,,0
EXP-06A,exp06a_practical_variant_4_k050,baseline,phase,6b,review,3,human,9.575,9.950,0.375,9.575,0.000
EXP-06A,exp06a_practical_variant_4_k050,baseline,phase,6c,specification,1,human,17.90,18.025,0.125,17.90,0.00
EXP-06A,exp06a_practical_variant_4_k050,baseline,phase,6c,implementation,1,agent,18.025,18.425,0.400,,0
EXP-06A,exp06a_practical_variant_4_k050,baseline,phase,6c,review,1,human,18.425,18.550,0.125,18.425,0.000
EXP-06A,exp06a_practical_variant_4_k050,baseline,phase,7,specification,2,human,5.75,6.25,0.50,5.75,0.00
EXP-06A,exp06a_practical_variant_4_k050,baseline,phase,7,implementation,2,agent,6.25,8.05,1.80,,0
EXP-06A,exp06a_practical_variant_4_k050,baseline,phase,7,review,2,human,8.375,8.875,0.500,8.05,0.325
EXP-06A,exp06a_practical_variant_4_k050,baseline,wait,2,review,1,human_queue,6.05,6.25,0.20,6.05,0.20
EXP-06A,exp06a_practical_variant_4_k050,baseline,wait,5,specification,2,human_queue,2.60,3.35,0.75,2.60,0.75
EXP-06A,exp06a_practical_variant_4_k050,baseline,wait,6a,specification,2,human_queue,13.40,14.15,0.75,13.40,0.75
EXP-06A,exp06a_practical_variant_4_k050,baseline,wait,6b,specification,3,human_queue,7.00,8.00,1.00,7.00,1.00
EXP-06A,exp06a_practical_variant_4_k050,baseline,wait,7,review,2,human_queue,8.05,8.375,0.325,8.05,0.325
EXP-06A,exp06a_practical_variant_4_k050,exact,phase,1,specification,4,human,0.000,0.500,0.500,0.000,0.000
EXP-06A,exp06a_practical_variant_4_k050,exact,phase,1,implementation,4,agent,0.500,2.100,1.600,,0
EXP-06A,exp06a_practical_variant_4_k050,exact,phase,1,review,4,human,2.100,2.600,0.500,2.100,0.000
EXP-06A,exp06a_practical_variant_4_k050,exact,phase,2,specification,3,human,2.600,3.350,0.750,2.600,0.000
EXP-06A,exp06a_practical_variant_4_k050,exact,phase,2,implementation,3,agent,3.350,6.050,2.700,,0
EXP-06A,exp06a_practical_variant_4_k050,exact,phase,2,review,3,human,6.050,6.800,0.750,6.050,0.000
EXP-06A,exp06a_practical_variant_4_k050,exact,phase,3,specification,2,human,6.800,7.800,1.000,6.800,0.000
EXP-06A,exp06a_practical_variant_4_k050,exact,phase,3,implementation,2,agent,7.800,12.200,4.400,,0
EXP-06A,exp06a_practical_variant_4_k050,exact,phase,3,review,2,human,12.200,13.200,1.000,12.200,0.000
EXP-06A,exp06a_practical_variant_4_k050,exact,phase,4,specification,2,human,13.200,13.950,0.750,13.200,0.000
EXP-06A,exp06a_practical_variant_4_k050,exact,phase,4,implementation,2,agent,13.950,16.950,3.000,,0
EXP-06A,exp06a_practical_variant_4_k050,exact,phase,4,review,2,human,16.950,17.700,0.750,16.950,0.000
EXP-06A,exp06a_practical_variant_4_k050,exact,phase,5,specification,1,human,3.350,3.850,0.500,3.350,0.000
EXP-06A,exp06a_practical_variant_4_k050,exact,phase,5,implementation,1,agent,3.850,5.250,1.400,,0
EXP-06A,exp06a_practical_variant_4_k050,exact,phase,5,review,1,human,5.250,5.750,0.500,5.250,0.000
EXP-06A,exp06a_practical_variant_4_k050,exact,phase,6a,specification,1,human,13.950,14.200,0.250,13.950,0.000
EXP-06A,exp06a_practical_variant_4_k050,exact,phase,6a,implementation,1,agent,14.200,15.000,0.800,,0
EXP-06A,exp06a_practical_variant_4_k050,exact,phase,6a,review,1,human,15.000,15.250,0.250,15.000,0.000
EXP-06A,exp06a_practical_variant_4_k050,exact,phase,6b,specification,1,human,7.800,8.175,0.375,7.800,0.000
EXP-06A,exp06a_practical_variant_4_k050,exact,phase,6b,implementation,1,agent,8.175,9.375,1.200,,0
EXP-06A,exp06a_practical_variant_4_k050,exact,phase,6b,review,1,human,9.375,9.750,0.375,9.375,0.000
EXP-06A,exp06a_practical_variant_4_k050,exact,phase,6c,specification,1,human,17.700,17.825,0.125,17.700,0.000
EXP-06A,exp06a_practical_variant_4_k050,exact,phase,6c,implementation,1,agent,17.825,18.225,0.400,,0
EXP-06A,exp06a_practical_variant_4_k050,exact,phase,6c,review,1,human,18.225,18.350,0.125,18.225,0.000
EXP-06A,exp06a_practical_variant_4_k050,exact,phase,7,specification,4,human,8.175,8.675,0.500,8.175,0.000
EXP-06A,exp06a_practical_variant_4_k050,exact,phase,7,implementation,4,agent,8.675,10.475,1.800,,0
EXP-06A,exp06a_practical_variant_4_k050,exact,phase,7,review,4,human,10.475,10.975,0.500,10.475,0.000
EXP-06A,exp06a_practical_variant_4_k100,baseline,phase,1,specification,1,human,0,1.0,1.0,0,0
EXP-06A,exp06a_practical_variant_4_k100,baseline,phase,1,implementation,1,agent,1.0,4.2,3.2,,0
EXP-06A,exp06a_practical_variant_4_k100,baseline,phase,1,review,1,human,4.2,5.2,1.0,4.2,0.0
EXP-06A,exp06a_practical_variant_4_k100,baseline,phase,2,specification,1,human,5.2,6.7,1.5,5.2,0.0
EXP-06A,exp06a_practical_variant_4_k100,baseline,phase,2,implementation,1,agent,6.7,12.1,5.4,,0
EXP-06A,exp06a_practical_variant_4_k100,baseline,phase,2,review,1,human,12.5,14.0,1.5,12.1,0.4
EXP-06A,exp06a_practical_variant_4_k100,baseline,phase,3,specification,1,human,14.0,16.0,2.0,14.0,0.0
EXP-06A,exp06a_practical_variant_4_k100,baseline,phase,3,implementation,1,agent,16.0,24.8,8.8,,0
EXP-06A,exp06a_practical_variant_4_k100,baseline,phase,3,review,1,human,24.8,26.8,2.0,24.8,0.0
EXP-06A,exp06a_practical_variant_4_k100,baseline,phase,4,specification,1,human,26.8,28.3,1.5,26.8,0.0
EXP-06A,exp06a_practical_variant_4_k100,baseline,phase,4,implementation,1,agent,28.3,34.3,6.0,,0
EXP-06A,exp06a_practical_variant_4_k100,baseline,phase,4,review,1,human,34.3,35.8,1.5,34.3,0.0
EXP-06A,exp06a_practical_variant_4_k100,baseline,phase,5,specification,2,human,6.7,7.7,1.0,5.2,1.5
EXP-06A,exp06a_practical_variant_4_k100,baseline,phase,5,implementation,2,agent,7.7,10.5,2.8,,0
EXP-06A,exp06a_practical_variant_4_k100,baseline,phase,5,review,2,human,10.5,11.5,1.0,10.5,0.0
EXP-06A,exp06a_practical_variant_4_k100,baseline,phase,6a,specification,2,human,28.3,28.8,0.5,26.8,1.5
EXP-06A,exp06a_practical_variant_4_k100,baseline,phase,6a,implementation,2,agent,28.8,30.4,1.6,,0
EXP-06A,exp06a_practical_variant_4_k100,baseline,phase,6a,review,2,human,30.4,30.9,0.5,30.4,0.0
EXP-06A,exp06a_practical_variant_4_k100,baseline,phase,6b,specification,3,human,16.0,16.75,0.75,14.0,2.0
EXP-06A,exp06a_practical_variant_4_k100,baseline,phase,6b,implementation,3,agent,16.75,19.15,2.40,,0
EXP-06A,exp06a_practical_variant_4_k100,baseline,phase,6b,review,3,human,19.15,19.90,0.75,19.15,0.00
EXP-06A,exp06a_practical_variant_4_k100,baseline,phase,6c,specification,1,human,35.8,36.05,0.25,35.8,0.0
EXP-06A,exp06a_practical_variant_4_k100,baseline,phase,6c,implementation,1,agent,36.05,36.85,0.80,,0
EXP-06A,exp06a_practical_variant_4_k100,baseline,phase,6c,review,1,human,36.85,37.10,0.25,36.85,0.00
EXP-06A,exp06a_practical_variant_4_k100,baseline,phase,7,specification,2,human,11.5,12.5,1.0,11.5,0.0
EXP-06A,exp06a_practical_variant_4_k100,baseline,phase,7,implementation,2,agent,12.5,16.1,3.6,,0
EXP-06A,exp06a_practical_variant_4_k100,baseline,phase,7,review,2,human,16.75,17.75,1.00,16.1,0.65
EXP-06A,exp06a_practical_variant_4_k100,baseline,wait,2,review,1,human_queue,12.1,12.5,0.4,12.1,0.4
EXP-06A,exp06a_practical_variant_4_k100,baseline,wait,5,specification,2,human_queue,5.2,6.7,1.5,5.2,1.5
EXP-06A,exp06a_practical_variant_4_k100,baseline,wait,6a,specification,2,human_queue,26.8,28.3,1.5,26.8,1.5
EXP-06A,exp06a_practical_variant_4_k100,baseline,wait,6b,specification,3,human_queue,14.0,16.0,2.0,14.0,2.0
EXP-06A,exp06a_practical_variant_4_k100,baseline,wait,7,review,2,human_queue,16.1,16.75,0.65,16.1,0.65
EXP-06A,exp06a_practical_variant_4_k100,exact,phase,1,specification,4,human,0.00,1.00,1.00,0.00,0.00
EXP-06A,exp06a_practical_variant_4_k100,exact,phase,1,implementation,4,agent,1.00,4.20,3.20,,0
EXP-06A,exp06a_practical_variant_4_k100,exact,phase,1,review,4,human,4.20,5.20,1.00,4.20,0.00
EXP-06A,exp06a_practical_variant_4_k100,exact,phase,2,specification,3,human,5.20,6.70,1.50,5.20,0.00
EXP-06A,exp06a_practical_variant_4_k100,exact,phase,2,implementation,3,agent,6.70,12.10,5.40,,0
EXP-06A,exp06a_practical_variant_4_k100,exact,phase,2,review,3,human,12.10,13.60,1.50,12.10,0.00
EXP-06A,exp06a_practical_variant_4_k100,exact,phase,3,specification,2,human,13.60,15.60,2.00,13.60,0.00
EXP-06A,exp06a_practical_variant_4_k100,exact,phase,3,implementation,2,agent,15.60,24.40,8.80,,0
EXP-06A,exp06a_practical_variant_4_k100,exact,phase,3,review,2,human,24.40,26.40,2.00,24.40,0.00
EXP-06A,exp06a_practical_variant_4_k100,exact,phase,4,specification,2,human,26.40,27.90,1.50,26.40,0.00
EXP-06A,exp06a_practical_variant_4_k100,exact,phase,4,implementation,2,agent,27.90,33.90,6.00,,0
EXP-06A,exp06a_practical_variant_4_k100,exact,phase,4,review,2,human,33.90,35.40,1.50,33.90,0.00
EXP-06A,exp06a_practical_variant_4_k100,exact,phase,5,specification,1,human,6.70,7.70,1.00,6.70,0.00
EXP-06A,exp06a_practical_variant_4_k100,exact,phase,5,implementation,1,agent,7.70,10.50,2.80,,0
EXP-06A,exp06a_practical_variant_4_k100,exact,phase,5,review,1,human,10.50,11.50,1.00,10.50,0.00
EXP-06A,exp06a_practical_variant_4_k100,exact,phase,6a,specification,1,human,27.90,28.40,0.50,27.90,0.00
EXP-06A,exp06a_practical_variant_4_k100,exact,phase,6a,implementation,1,agent,28.40,30.00,1.60,,0
EXP-06A,exp06a_practical_variant_4_k100,exact,phase,6a,review,1,human,30.00,30.50,0.50,30.00,0.00
EXP-06A,exp06a_practical_variant_4_k100,exact,phase,6b,specification,1,human,15.60,16.35,0.75,15.60,0.00
EXP-06A,exp06a_practical_variant_4_k100,exact,phase,6b,implementation,1,agent,16.35,18.75,2.40,,0
EXP-06A,exp06a_practical_variant_4_k100,exact,phase,6b,review,1,human,18.75,19.50,0.75,18.75,0.00
EXP-06A,exp06a_practical_variant_4_k100,exact,phase,6c,specification,1,human,35.40,35.65,0.25,35.40,0.00
EXP-06A,exp06a_practical_variant_4_k100,exact,phase,6c,implementation,1,agent,35.65,36.45,0.80,,0
EXP-06A,exp06a_practical_variant_4_k100,exact,phase,6c,review,1,human,36.45,36.70,0.25,36.45,0.00
EXP-06A,exp06a_practical_variant_4_k100,exact,phase,7,specification,4,human,16.35,17.35,1.00,16.35,0.00
EXP-06A,exp06a_practical_variant_4_k100,exact,phase,7,implementation,4,agent,17.35,20.95,3.60,,0
EXP-06A,exp06a_practical_variant_4_k100,exact,phase,7,review,4,human,20.95,21.95,1.00,20.95,0.00
EXP-06A,exp06a_practical_variant_4_k200,baseline,phase,1,specification,1,human,0,2.0,2.0,0,0
EXP-06A,exp06a_practical_variant_4_k200,baseline,phase,1,implementation,1,agent,2.0,8.4,6.4,,0
EXP-06A,exp06a_practical_variant_4_k200,baseline,phase,1,review,1,human,8.4,10.4,2.0,8.4,0.0
EXP-06A,exp06a_practical_variant_4_k200,baseline,phase,2,specification,1,human,10.4,13.4,3.0,10.4,0.0
EXP-06A,exp06a_practical_variant_4_k200,baseline,phase,2,implementation,1,agent,13.4,24.2,10.8,,0
EXP-06A,exp06a_practical_variant_4_k200,baseline,phase,2,review,1,human,25.0,28.0,3.0,24.2,0.8
EXP-06A,exp06a_practical_variant_4_k200,baseline,phase,3,specification,1,human,28.0,32.0,4.0,28.0,0.0
EXP-06A,exp06a_practical_variant_4_k200,baseline,phase,3,implementation,1,agent,32.0,49.6,17.6,,0
EXP-06A,exp06a_practical_variant_4_k200,baseline,phase,3,review,1,human,49.6,53.6,4.0,49.6,0.0
EXP-06A,exp06a_practical_variant_4_k200,baseline,phase,4,specification,1,human,53.6,56.6,3.0,53.6,0.0
EXP-06A,exp06a_practical_variant_4_k200,baseline,phase,4,implementation,1,agent,56.6,68.6,12.0,,0
EXP-06A,exp06a_practical_variant_4_k200,baseline,phase,4,review,1,human,68.6,71.6,3.0,68.6,0.0
EXP-06A,exp06a_practical_variant_4_k200,baseline,phase,5,specification,2,human,13.4,15.4,2.0,10.4,3.0
EXP-06A,exp06a_practical_variant_4_k200,baseline,phase,5,implementation,2,agent,15.4,21.0,5.6,,0
EXP-06A,exp06a_practical_variant_4_k200,baseline,phase,5,review,2,human,21.0,23.0,2.0,21.0,0.0
EXP-06A,exp06a_practical_variant_4_k200,baseline,phase,6a,specification,2,human,56.6,57.6,1.0,53.6,3.0
EXP-06A,exp06a_practical_variant_4_k200,baseline,phase,6a,implementation,2,agent,57.6,60.8,3.2,,0
EXP-06A,exp06a_practical_variant_4_k200,baseline,phase,6a,review,2,human,60.8,61.8,1.0,60.8,0.0
EXP-06A,exp06a_practical_variant_4_k200,baseline,phase,6b,specification,3,human,32.0,33.50,1.50,28.0,4.0
EXP-06A,exp06a_practical_variant_4_k200,baseline,phase,6b,implementation,3,agent,33.50,38.30,4.80,,0
EXP-06A,exp06a_practical_variant_4_k200,baseline,phase,6b,review,3,human,38.30,39.80,1.50,38.30,0.00
EXP-06A,exp06a_practical_variant_4_k200,baseline,phase,6c,specification,1,human,71.6,72.10,0.50,71.6,0.0
EXP-06A,exp06a_practical_variant_4_k200,baseline,phase,6c,implementation,1,agent,72.10,73.70,1.60,,0
EXP-06A,exp06a_practical_variant_4_k200,baseline,phase,6c,review,1,human,73.70,74.20,0.50,73.70,0.00
EXP-06A,exp06a_practical_variant_4_k200,baseline,phase,7,specification,2,human,23.0,25.0,2.0,23.0,0.0
EXP-06A,exp06a_practical_variant_4_k200,baseline,phase,7,implementation,2,agent,25.0,32.2,7.2,,0
EXP-06A,exp06a_practical_variant_4_k200,baseline,phase,7,review,2,human,33.50,35.50,2.00,32.2,1.30
EXP-06A,exp06a_practical_variant_4_k200,baseline,wait,2,review,1,human_queue,24.2,25.0,0.8,24.2,0.8
EXP-06A,exp06a_practical_variant_4_k200,baseline,wait,5,specification,2,human_queue,10.4,13.4,3.0,10.4,3.0
EXP-06A,exp06a_practical_variant_4_k200,baseline,wait,6a,specification,2,human_queue,53.6,56.6,3.0,53.6,3.0
EXP-06A,exp06a_practical_variant_4_k200,baseline,wait,6b,specification,3,human_queue,28.0,32.0,4.0,28.0,4.0
EXP-06A,exp06a_practical_variant_4_k200,baseline,wait,7,review,2,human_queue,32.2,33.50,1.30,32.2,1.30
EXP-06A,exp06a_practical_variant_4_k200,exact,phase,1,specification,4,human,0.00,2.00,2.00,0.00,0.00
EXP-06A,exp06a_practical_variant_4_k200,exact,phase,1,implementation,4,agent,2.00,8.40,6.40,,0
EXP-06A,exp06a_practical_variant_4_k200,exact,phase,1,review,4,human,8.40,10.40,2.00,8.40,0.00
EXP-06A,exp06a_practical_variant_4_k200,exact,phase,2,specification,3,human,10.40,13.40,3.00,10.40,0.00
EXP-06A,exp06a_practical_variant_4_k200,exact,phase,2,implementation,3,agent,13.40,24.20,10.80,,0
EXP-06A,exp06a_practical_variant_4_k200,exact,phase,2,review,3,human,24.20,27.20,3.00,24.20,0.00
EXP-06A,exp06a_practical_variant_4_k200,exact,phase,3,specification,2,human,27.20,31.20,4.00,27.20,0.00
EXP-06A,exp06a_practical_variant_4_k200,exact,phase,3,implementation,2,agent,31.20,48.80,17.60,,0
EXP-06A,exp06a_practical_variant_4_k200,exact,phase,3,review,2,human,48.80,52.80,4.00,48.80,0.00
EXP-06A,exp06a_practical_variant_4_k200,exact,phase,4,specification,2,human,52.80,55.80,3.00,52.80,0.00
EXP-06A,exp06a_practical_variant_4_k200,exact,phase,4,implementation,2,agent,55.80,67.80,12.00,,0
EXP-06A,exp06a_practical_variant_4_k200,exact,phase,4,review,2,human,67.80,70.80,3.00,67.80,0.00
EXP-06A,exp06a_practical_variant_4_k200,exact,phase,5,specification,1,human,13.40,15.40,2.00,13.40,0.00
EXP-06A,exp06a_practical_variant_4_k200,exact,phase,5,implementation,1,agent,15.40,21.00,5.60,,0
EXP-06A,exp06a_practical_variant_4_k200,exact,phase,5,review,1,human,21.00,23.00,2.00,21.00,0.00
EXP-06A,exp06a_practical_variant_4_k200,exact,phase,6a,specification,1,human,55.80,56.80,1.00,55.80,0.00
EXP-06A,exp06a_practical_variant_4_k200,exact,phase,6a,implementation,1,agent,56.80,60.00,3.20,,0
EXP-06A,exp06a_practical_variant_4_k200,exact,phase,6a,review,1,human,60.00,61.00,1.00,60.00,0.00
EXP-06A,exp06a_practical_variant_4_k200,exact,phase,6b,specification,1,human,31.20,32.70,1.50,31.20,0.00
EXP-06A,exp06a_practical_variant_4_k200,exact,phase,6b,implementation,1,agent,32.70,37.50,4.80,,0
EXP-06A,exp06a_practical_variant_4_k200,exact,phase,6b,review,1,human,37.50,39.00,1.50,37.50,0.00
EXP-06A,exp06a_practical_variant_4_k200,exact,phase,6c,specification,1,human,70.80,71.30,0.50,70.80,0.00
EXP-06A,exp06a_practical_variant_4_k200,exact,phase,6c,implementation,1,agent,71.30,72.90,1.60,,0
EXP-06A,exp06a_practical_variant_4_k200,exact,phase,6c,review,1,human,72.90,73.40,0.50,72.90,0.00
EXP-06A,exp06a_practical_variant_4_k200,exact,phase,7,specification,4,human,32.70,34.70,2.00,32.70,0.00
EXP-06A,exp06a_practical_variant_4_k200,exact,phase,7,implementation,4,agent,34.70,41.90,7.20,,0
EXP-06A,exp06a_practical_variant_4_k200,exact,phase,7,review,4,human,41.90,43.90,2.00,41.90,0.00
EXP-06A,exp06a_practical_variant_4_k400,baseline,phase,1,specification,1,human,0,4.0,4.0,0,0
EXP-06A,exp06a_practical_variant_4_k400,baseline,phase,1,implementation,1,agent,4.0,16.8,12.8,,0
EXP-06A,exp06a_practical_variant_4_k400,baseline,phase,1,review,1,human,16.8,20.8,4.0,16.8,0.0
EXP-06A,exp06a_practical_variant_4_k400,baseline,phase,2,specification,1,human,20.8,26.8,6.0,20.8,0.0
EXP-06A,exp06a_practical_variant_4_k400,baseline,phase,2,implementation,1,agent,26.8,48.4,21.6,,0
EXP-06A,exp06a_practical_variant_4_k400,baseline,phase,2,review,1,human,50.0,56.0,6.0,48.4,1.6
EXP-06A,exp06a_practical_variant_4_k400,baseline,phase,3,specification,1,human,56.0,64.0,8.0,56.0,0.0
EXP-06A,exp06a_practical_variant_4_k400,baseline,phase,3,implementation,1,agent,64.0,99.2,35.2,,0
EXP-06A,exp06a_practical_variant_4_k400,baseline,phase,3,review,1,human,99.2,107.2,8.0,99.2,0.0
EXP-06A,exp06a_practical_variant_4_k400,baseline,phase,4,specification,1,human,107.2,113.2,6.0,107.2,0.0
EXP-06A,exp06a_practical_variant_4_k400,baseline,phase,4,implementation,1,agent,113.2,137.2,24.0,,0
EXP-06A,exp06a_practical_variant_4_k400,baseline,phase,4,review,1,human,137.2,143.2,6.0,137.2,0.0
EXP-06A,exp06a_practical_variant_4_k400,baseline,phase,5,specification,2,human,26.8,30.8,4.0,20.8,6.0
EXP-06A,exp06a_practical_variant_4_k400,baseline,phase,5,implementation,2,agent,30.8,42.0,11.2,,0
EXP-06A,exp06a_practical_variant_4_k400,baseline,phase,5,review,2,human,42.0,46.0,4.0,42.0,0.0
EXP-06A,exp06a_practical_variant_4_k400,baseline,phase,6a,specification,2,human,113.2,115.2,2.0,107.2,6.0
EXP-06A,exp06a_practical_variant_4_k400,baseline,phase,6a,implementation,2,agent,115.2,121.6,6.4,,0
EXP-06A,exp06a_practical_variant_4_k400,baseline,phase,6a,review,2,human,121.6,123.6,2.0,121.6,0.0
EXP-06A,exp06a_practical_variant_4_k400,baseline,phase,6b,specification,3,human,64.0,67.00,3.00,56.0,8.0
EXP-06A,exp06a_practical_variant_4_k400,baseline,phase,6b,implementation,3,agent,67.00,76.60,9.60,,0
EXP-06A,exp06a_practical_variant_4_k400,baseline,phase,6b,review,3,human,76.60,79.60,3.00,76.60,0.00
EXP-06A,exp06a_practical_variant_4_k400,baseline,phase,6c,specification,1,human,143.2,144.20,1.00,143.2,0.0
EXP-06A,exp06a_practical_variant_4_k400,baseline,phase,6c,implementation,1,agent,144.20,147.40,3.20,,0
EXP-06A,exp06a_practical_variant_4_k400,baseline,phase,6c,review,1,human,147.40,148.40,1.00,147.40,0.00
EXP-06A,exp06a_practical_variant_4_k400,baseline,phase,7,specification,2,human,46.0,50.0,4.0,46.0,0.0
EXP-06A,exp06a_practical_variant_4_k400,baseline,phase,7,implementation,2,agent,50.0,64.4,14.4,,0
EXP-06A,exp06a_practical_variant_4_k400,baseline,phase,7,review,2,human,67.00,71.00,4.00,64.4,2.60
EXP-06A,exp06a_practical_variant_4_k400,baseline,wait,2,review,1,human_queue,48.4,50.0,1.6,48.4,1.6
EXP-06A,exp06a_practical_variant_4_k400,baseline,wait,5,specification,2,human_queue,20.8,26.8,6.0,20.8,6.0
EXP-06A,exp06a_practical_variant_4_k400,baseline,wait,6a,specification,2,human_queue,107.2,113.2,6.0,107.2,6.0
EXP-06A,exp06a_practical_variant_4_k400,baseline,wait,6b,specification,3,human_queue,56.0,64.0,8.0,56.0,8.0
EXP-06A,exp06a_practical_variant_4_k400,baseline,wait,7,review,2,human_queue,64.4,67.00,2.60,64.4,2.60
EXP-06A,exp06a_practical_variant_4_k400,exact,phase,1,specification,4,human,0.00,4.00,4.00,0.00,0.00
EXP-06A,exp06a_practical_variant_4_k400,exact,phase,1,implementation,4,agent,4.00,16.80,12.80,,0
EXP-06A,exp06a_practical_variant_4_k400,exact,phase,1,review,4,human,16.80,20.80,4.00,16.80,0.00
EXP-06A,exp06a_practical_variant_4_k400,exact,phase,2,specification,3,human,20.80,26.80,6.00,20.80,0.00
EXP-06A,exp06a_practical_variant_4_k400,exact,phase,2,implementation,3,agent,26.80,48.40,21.60,,0
EXP-06A,exp06a_practical_variant_4_k400,exact,phase,2,review,3,human,48.40,54.40,6.00,48.40,0.00
EXP-06A,exp06a_practical_variant_4_k400,exact,phase,3,specification,2,human,54.40,62.40,8.00,54.40,0.00
EXP-06A,exp06a_practical_variant_4_k400,exact,phase,3,implementation,2,agent,62.40,97.60,35.20,,0
EXP-06A,exp06a_practical_variant_4_k400,exact,phase,3,review,2,human,97.60,105.60,8.00,97.60,0.00
EXP-06A,exp06a_practical_variant_4_k400,exact,phase,4,specification,2,human,105.60,111.60,6.00,105.60,0.00
EXP-06A,exp06a_practical_variant_4_k400,exact,phase,4,implementation,2,agent,111.60,135.60,24.00,,0
EXP-06A,exp06a_practical_variant_4_k400,exact,phase,4,review,2,human,135.60,141.60,6.00,135.60,0.00
EXP-06A,exp06a_practical_variant_4_k400,exact,phase,5,specification,1,human,26.80,30.80,4.00,26.80,0.00
EXP-06A,exp06a_practical_variant_4_k400,exact,phase,5,implementation,1,agent,30.80,42.00,11.20,,0
EXP-06A,exp06a_practical_variant_4_k400,exact,phase,5,review,1,human,42.00,46.00,4.00,42.00,0.00
EXP-06A,exp06a_practical_variant_4_k400,exact,phase,6a,specification,1,human,111.60,113.60,2.00,111.60,0.00
EXP-06A,exp06a_practical_variant_4_k400,exact,phase,6a,implementation,1,agent,113.60,120.00,6.40,,0
EXP-06A,exp06a_practical_variant_4_k400,exact,phase,6a,review,1,human,120.00,122.00,2.00,120.00,0.00
EXP-06A,exp06a_practical_variant_4_k400,exact,phase,6b,specification,1,human,62.40,65.40,3.00,62.40,0.00
EXP-06A,exp06a_practical_variant_4_k400,exact,phase,6b,implementation,1,agent,65.40,75.00,9.60,,0
EXP-06A,exp06a_practical_variant_4_k400,exact,phase,6b,review,1,human,75.00,78.00,3.00,75.00,0.00
EXP-06A,exp06a_practical_variant_4_k400,exact,phase,6c,specification,1,human,141.60,142.60,1.00,141.60,0.00
EXP-06A,exp06a_practical_variant_4_k400,exact,phase,6c,implementation,1,agent,142.60,145.80,3.20,,0
EXP-06A,exp06a_practical_variant_4_k400,exact,phase,6c,review,1,human,145.80,146.80,1.00,145.80,0.00
EXP-06A,exp06a_practical_variant_4_k400,exact,phase,7,specification,4,human,65.40,69.40,4.00,65.40,0.00
EXP-06A,exp06a_practical_variant_4_k400,exact,phase,7,implementation,4,agent,69.40,83.80,14.40,,0
EXP-06A,exp06a_practical_variant_4_k400,exact,phase,7,review,4,human,83.80,87.80,4.00,83.80,0.00
EXP-06A,exp06a_canonical_m1_k025,baseline,phase,t01,human_1,2,human,0.3750,0.5625,0.1875,0,0.3750
EXP-06A,exp06a_canonical_m1_k025,baseline,phase,t01,agent_1,2,agent,0.5625,1.6875,1.1250,,0
EXP-06A,exp06a_canonical_m1_k025,baseline,phase,t01,human_2,2,human,1.6875,1.8750,0.1875,1.6875,0.0000
EXP-06A,exp06a_canonical_m1_k025,baseline,phase,t02,human_1,1,human,0,0.3750,0.3750,0,0
EXP-06A,exp06a_canonical_m1_k025,baseline,phase,t02,agent_1,1,agent,0.3750,2.6250,2.2500,,0
EXP-06A,exp06a_canonical_m1_k025,baseline,phase,t02,human_2,1,human,2.6250,3.0000,0.3750,2.6250,0.0000
EXP-06A,exp06a_canonical_m1_k025,baseline,phase,t03,human_1,2,human,3.7500,4.3125,0.5625,3.0000,0.7500
EXP-06A,exp06a_canonical_m1_k025,baseline,phase,t03,agent_1,2,agent,4.3125,7.6875,3.3750,,0
EXP-06A,exp06a_canonical_m1_k025,baseline,phase,t03,human_2,2,human,7.6875,8.2500,0.5625,7.6875,0.0000
EXP-06A,exp06a_canonical_m1_k025,baseline,phase,t04_part_01,specification,1,human,3.0000,3.7500,0.7500,3.0000,0.0000
EXP-06A,exp06a_canonical_m1_k025,baseline,phase,t04_part_01,implementation,1,agent,3.7500,8.2500,4.5000,,0
EXP-06A,exp06a_canonical_m1_k025,baseline,phase,t04_join,acceptance,1,human,8.2500,9.0000,0.7500,8.2500,0.0000
EXP-06A,exp06a_canonical_m1_k025,baseline,wait,t01,human_1,2,human_queue,0,0.3750,0.3750,0,0.3750
EXP-06A,exp06a_canonical_m1_k025,baseline,wait,t03,human_1,2,human_queue,3.0000,3.7500,0.7500,3.0000,0.7500
EXP-06A,exp06a_canonical_m1_k025,exact,phase,t01,human_1,4,human,0.3750000,0.5625000,0.1875000,0.3750000,0.0000000
EXP-06A,exp06a_canonical_m1_k025,exact,phase,t01,agent_1,4,agent,0.5625000,1.6875000,1.1250000,,0
EXP-06A,exp06a_canonical_m1_k025,exact,phase,t01,human_2,4,human,1.6875000,1.8750000,0.1875000,1.6875000,0.0000000
EXP-06A,exp06a_canonical_m1_k025,exact,phase,t02,human_1,3,human,0.0000000,0.3750000,0.3750000,0.0000000,0.0000000
EXP-06A,exp06a_canonical_m1_k025,exact,phase,t02,agent_1,3,agent,0.3750000,2.6250000,2.2500000,,0
EXP-06A,exp06a_canonical_m1_k025,exact,phase,t02,human_2,3,human,2.6250000,3.0000000,0.3750000,2.6250000,0.0000000
EXP-06A,exp06a_canonical_m1_k025,exact,phase,t03,human_1,1,human,3.7500000,4.3125000,0.5625000,3.7500000,0.0000000
EXP-06A,exp06a_canonical_m1_k025,exact,phase,t03,agent_1,1,agent,4.3125000,7.6875000,3.3750000,,0
EXP-06A,exp06a_canonical_m1_k025,exact,phase,t03,human_2,1,human,7.6875000,8.2500000,0.5625000,7.6875000,0.0000000
EXP-06A,exp06a_canonical_m1_k025,exact,phase,t04_part_01,specification,4,human,3.0000000,3.7500000,0.7500000,3.0000000,0.0000000
EXP-06A,exp06a_canonical_m1_k025,exact,phase,t04_part_01,implementation,4,agent,3.7500000,8.2500000,4.5000000,,0
EXP-06A,exp06a_canonical_m1_k025,exact,phase,t04_join,acceptance,1,human,8.2500000,9.0000000,0.7500000,8.2500000,0.0000000
EXP-06A,exp06a_canonical_m1_k050,baseline,phase,t01,human_1,2,human,0.750,1.125,0.375,0,0.750
EXP-06A,exp06a_canonical_m1_k050,baseline,phase,t01,agent_1,2,agent,1.125,3.375,2.250,,0
EXP-06A,exp06a_canonical_m1_k050,baseline,phase,t01,human_2,2,human,3.375,3.750,0.375,3.375,0.000
EXP-06A,exp06a_canonical_m1_k050,baseline,phase,t02,human_1,1,human,0,0.750,0.750,0,0
EXP-06A,exp06a_canonical_m1_k050,baseline,phase,t02,agent_1,1,agent,0.750,5.250,4.500,,0
EXP-06A,exp06a_canonical_m1_k050,baseline,phase,t02,human_2,1,human,5.250,6.000,0.750,5.250,0.000
EXP-06A,exp06a_canonical_m1_k050,baseline,phase,t03,human_1,2,human,7.500,8.625,1.125,6.000,1.500
EXP-06A,exp06a_canonical_m1_k050,baseline,phase,t03,agent_1,2,agent,8.625,15.375,6.750,,0
EXP-06A,exp06a_canonical_m1_k050,baseline,phase,t03,human_2,2,human,15.375,16.500,1.125,15.375,0.000
EXP-06A,exp06a_canonical_m1_k050,baseline,phase,t04_part_01,specification,1,human,6.000,7.500,1.500,6.000,0.000
EXP-06A,exp06a_canonical_m1_k050,baseline,phase,t04_part_01,implementation,1,agent,7.500,16.500,9.000,,0
EXP-06A,exp06a_canonical_m1_k050,baseline,phase,t04_join,acceptance,1,human,16.500,18.000,1.500,16.500,0.000
EXP-06A,exp06a_canonical_m1_k050,baseline,wait,t01,human_1,2,human_queue,0,0.750,0.750,0,0.750
EXP-06A,exp06a_canonical_m1_k050,baseline,wait,t03,human_1,2,human_queue,6.000,7.500,1.500,6.000,1.500
EXP-06A,exp06a_canonical_m1_k050,exact,phase,t01,human_1,4,human,0.750000,1.125000,0.375000,0.750000,0.000000
EXP-06A,exp06a_canonical_m1_k050,exact,phase,t01,agent_1,4,agent,1.125000,3.375000,2.250000,,0
EXP-06A,exp06a_canonical_m1_k050,exact,phase,t01,human_2,4,human,3.375000,3.750000,0.375000,3.375000,0.000000
EXP-06A,exp06a_canonical_m1_k050,exact,phase,t02,human_1,3,human,0.000000,0.750000,0.750000,0.000000,0.000000
EXP-06A,exp06a_canonical_m1_k050,exact,phase,t02,agent_1,3,agent,0.750000,5.250000,4.500000,,0
EXP-06A,exp06a_canonical_m1_k050,exact,phase,t02,human_2,3,human,5.250000,6.000000,0.750000,5.250000,0.000000
EXP-06A,exp06a_canonical_m1_k050,exact,phase,t03,human_1,1,human,7.500000,8.625000,1.125000,7.500000,0.000000
EXP-06A,exp06a_canonical_m1_k050,exact,phase,t03,agent_1,1,agent,8.625000,15.375000,6.750000,,0
EXP-06A,exp06a_canonical_m1_k050,exact,phase,t03,human_2,1,human,15.375000,16.500000,1.125000,15.375000,0.000000
EXP-06A,exp06a_canonical_m1_k050,exact,phase,t04_part_01,specification,4,human,6.000000,7.500000,1.500000,6.000000,0.000000
EXP-06A,exp06a_canonical_m1_k050,exact,phase,t04_part_01,implementation,4,agent,7.500000,16.500000,9.000000,,0
EXP-06A,exp06a_canonical_m1_k050,exact,phase,t04_join,acceptance,1,human,16.500000,18.000000,1.500000,16.500000,0.000000
EXP-06A,exp06a_canonical_m1_k100,baseline,phase,t01,human_1,2,human,1.50,2.25,0.75,0,1.50
EXP-06A,exp06a_canonical_m1_k100,baseline,phase,t01,agent_1,2,agent,2.25,6.75,4.50,,0
EXP-06A,exp06a_canonical_m1_k100,baseline,phase,t01,human_2,2,human,6.75,7.50,0.75,6.75,0.00
EXP-06A,exp06a_canonical_m1_k100,baseline,phase,t02,human_1,1,human,0,1.50,1.50,0,0
EXP-06A,exp06a_canonical_m1_k100,baseline,phase,t02,agent_1,1,agent,1.50,10.50,9.00,,0
EXP-06A,exp06a_canonical_m1_k100,baseline,phase,t02,human_2,1,human,10.50,12.00,1.50,10.50,0.00
EXP-06A,exp06a_canonical_m1_k100,baseline,phase,t03,human_1,2,human,15.00,17.25,2.25,12.00,3.00
EXP-06A,exp06a_canonical_m1_k100,baseline,phase,t03,agent_1,2,agent,17.25,30.75,13.50,,0
EXP-06A,exp06a_canonical_m1_k100,baseline,phase,t03,human_2,2,human,30.75,33.00,2.25,30.75,0.00
EXP-06A,exp06a_canonical_m1_k100,baseline,phase,t04_part_01,specification,1,human,12.00,15.00,3.00,12.00,0.00
EXP-06A,exp06a_canonical_m1_k100,baseline,phase,t04_part_01,implementation,1,agent,15.00,33.00,18.00,,0
EXP-06A,exp06a_canonical_m1_k100,baseline,phase,t04_join,acceptance,1,human,33.00,36.00,3.00,33.00,0.00
EXP-06A,exp06a_canonical_m1_k100,baseline,wait,t01,human_1,2,human_queue,0,1.50,1.50,0,1.50
EXP-06A,exp06a_canonical_m1_k100,baseline,wait,t03,human_1,2,human_queue,12.00,15.00,3.00,12.00,3.00
EXP-06A,exp06a_canonical_m1_k100,exact,phase,t01,human_1,4,human,1.50000,2.25000,0.75000,1.50000,0.00000
EXP-06A,exp06a_canonical_m1_k100,exact,phase,t01,agent_1,4,agent,2.25000,6.75000,4.50000,,0
EXP-06A,exp06a_canonical_m1_k100,exact,phase,t01,human_2,4,human,6.75000,7.50000,0.75000,6.75000,0.00000
EXP-06A,exp06a_canonical_m1_k100,exact,phase,t02,human_1,3,human,0.00000,1.50000,1.50000,0.00000,0.00000
EXP-06A,exp06a_canonical_m1_k100,exact,phase,t02,agent_1,3,agent,1.50000,10.50000,9.00000,,0
EXP-06A,exp06a_canonical_m1_k100,exact,phase,t02,human_2,3,human,10.50000,12.00000,1.50000,10.50000,0.00000
EXP-06A,exp06a_canonical_m1_k100,exact,phase,t03,human_1,1,human,15.00000,17.25000,2.25000,15.00000,0.00000
EXP-06A,exp06a_canonical_m1_k100,exact,phase,t03,agent_1,1,agent,17.25000,30.75000,13.50000,,0
EXP-06A,exp06a_canonical_m1_k100,exact,phase,t03,human_2,1,human,30.75000,33.00000,2.25000,30.75000,0.00000
EXP-06A,exp06a_canonical_m1_k100,exact,phase,t04_part_01,specification,4,human,12.00000,15.00000,3.00000,12.00000,0.00000
EXP-06A,exp06a_canonical_m1_k100,exact,phase,t04_part_01,implementation,4,agent,15.00000,33.00000,18.00000,,0
EXP-06A,exp06a_canonical_m1_k100,exact,phase,t04_join,acceptance,1,human,33.00000,36.00000,3.00000,33.00000,0.00000
EXP-06A,exp06a_canonical_m1_k200,baseline,phase,t01,human_1,2,human,3.00,4.50,1.50,0,3.00
EXP-06A,exp06a_canonical_m1_k200,baseline,phase,t01,agent_1,2,agent,4.50,13.50,9.00,,0
EXP-06A,exp06a_canonical_m1_k200,baseline,phase,t01,human_2,2,human,13.50,15.00,1.50,13.50,0.00
EXP-06A,exp06a_canonical_m1_k200,baseline,phase,t02,human_1,1,human,0,3.00,3.00,0,0
EXP-06A,exp06a_canonical_m1_k200,baseline,phase,t02,agent_1,1,agent,3.00,21.00,18.00,,0
EXP-06A,exp06a_canonical_m1_k200,baseline,phase,t02,human_2,1,human,21.00,24.00,3.00,21.00,0.00
EXP-06A,exp06a_canonical_m1_k200,baseline,phase,t03,human_1,2,human,30.00,34.50,4.50,24.00,6.00
EXP-06A,exp06a_canonical_m1_k200,baseline,phase,t03,agent_1,2,agent,34.50,61.50,27.00,,0
EXP-06A,exp06a_canonical_m1_k200,baseline,phase,t03,human_2,2,human,61.50,66.00,4.50,61.50,0.00
EXP-06A,exp06a_canonical_m1_k200,baseline,phase,t04_part_01,specification,1,human,24.00,30.00,6.00,24.00,0.00
EXP-06A,exp06a_canonical_m1_k200,baseline,phase,t04_part_01,implementation,1,agent,30.00,66.00,36.00,,0
EXP-06A,exp06a_canonical_m1_k200,baseline,phase,t04_join,acceptance,1,human,66.00,72.00,6.00,66.00,0.00
EXP-06A,exp06a_canonical_m1_k200,baseline,wait,t01,human_1,2,human_queue,0,3.00,3.00,0,3.00
EXP-06A,exp06a_canonical_m1_k200,baseline,wait,t03,human_1,2,human_queue,24.00,30.00,6.00,24.00,6.00
EXP-06A,exp06a_canonical_m1_k200,exact,phase,t01,human_1,4,human,3.00000,4.50000,1.50000,3.00000,0.00000
EXP-06A,exp06a_canonical_m1_k200,exact,phase,t01,agent_1,4,agent,4.50000,13.50000,9.00000,,0
EXP-06A,exp06a_canonical_m1_k200,exact,phase,t01,human_2,4,human,13.50000,15.00000,1.50000,13.50000,0.00000
EXP-06A,exp06a_canonical_m1_k200,exact,phase,t02,human_1,3,human,0.00000,3.00000,3.00000,0.00000,0.00000
EXP-06A,exp06a_canonical_m1_k200,exact,phase,t02,agent_1,3,agent,3.00000,21.00000,18.00000,,0
EXP-06A,exp06a_canonical_m1_k200,exact,phase,t02,human_2,3,human,21.00000,24.00000,3.00000,21.00000,0.00000
EXP-06A,exp06a_canonical_m1_k200,exact,phase,t03,human_1,1,human,30.00000,34.50000,4.50000,30.00000,0.00000
EXP-06A,exp06a_canonical_m1_k200,exact,phase,t03,agent_1,1,agent,34.50000,61.50000,27.00000,,0
EXP-06A,exp06a_canonical_m1_k200,exact,phase,t03,human_2,1,human,61.50000,66.00000,4.50000,61.50000,0.00000
EXP-06A,exp06a_canonical_m1_k200,exact,phase,t04_part_01,specification,4,human,24.00000,30.00000,6.00000,24.00000,0.00000
EXP-06A,exp06a_canonical_m1_k200,exact,phase,t04_part_01,implementation,4,agent,30.00000,66.00000,36.00000,,0
EXP-06A,exp06a_canonical_m1_k200,exact,phase,t04_join,acceptance,1,human,66.00000,72.00000,6.00000,66.00000,0.00000
EXP-06A,exp06a_canonical_m1_k400,baseline,phase,t01,human_1,2,human,6.00,9.00,3.00,0,6.00
EXP-06A,exp06a_canonical_m1_k400,baseline,phase,t01,agent_1,2,agent,9.00,27.00,18.00,,0
EXP-06A,exp06a_canonical_m1_k400,baseline,phase,t01,human_2,2,human,27.00,30.00,3.00,27.00,0.00
EXP-06A,exp06a_canonical_m1_k400,baseline,phase,t02,human_1,1,human,0,6.00,6.00,0,0
EXP-06A,exp06a_canonical_m1_k400,baseline,phase,t02,agent_1,1,agent,6.00,42.00,36.00,,0
EXP-06A,exp06a_canonical_m1_k400,baseline,phase,t02,human_2,1,human,42.00,48.00,6.00,42.00,0.00
EXP-06A,exp06a_canonical_m1_k400,baseline,phase,t03,human_1,2,human,60.00,69.00,9.00,48.00,12.00
EXP-06A,exp06a_canonical_m1_k400,baseline,phase,t03,agent_1,2,agent,69.00,123.00,54.00,,0
EXP-06A,exp06a_canonical_m1_k400,baseline,phase,t03,human_2,2,human,123.00,132.00,9.00,123.00,0.00
EXP-06A,exp06a_canonical_m1_k400,baseline,phase,t04_part_01,specification,1,human,48.00,60.00,12.00,48.00,0.00
EXP-06A,exp06a_canonical_m1_k400,baseline,phase,t04_part_01,implementation,1,agent,60.00,132.00,72.00,,0
EXP-06A,exp06a_canonical_m1_k400,baseline,phase,t04_join,acceptance,1,human,132.00,144.00,12.00,132.00,0.00
EXP-06A,exp06a_canonical_m1_k400,baseline,wait,t01,human_1,2,human_queue,0,6.00,6.00,0,6.00
EXP-06A,exp06a_canonical_m1_k400,baseline,wait,t03,human_1,2,human_queue,48.00,60.00,12.00,48.00,12.00
EXP-06A,exp06a_canonical_m1_k400,exact,phase,t01,human_1,4,human,6.00000,9.00000,3.00000,6.00000,0.00000
EXP-06A,exp06a_canonical_m1_k400,exact,phase,t01,agent_1,4,agent,9.00000,27.00000,18.00000,,0
EXP-06A,exp06a_canonical_m1_k400,exact,phase,t01,human_2,4,human,27.00000,30.00000,3.00000,27.00000,0.00000
EXP-06A,exp06a_canonical_m1_k400,exact,phase,t02,human_1,3,human,0.00000,6.00000,6.00000,0.00000,0.00000
EXP-06A,exp06a_canonical_m1_k400,exact,phase,t02,agent_1,3,agent,6.00000,42.00000,36.00000,,0
EXP-06A,exp06a_canonical_m1_k400,exact,phase,t02,human_2,3,human,42.00000,48.00000,6.00000,42.00000,0.00000
EXP-06A,exp06a_canonical_m1_k400,exact,phase,t03,human_1,1,human,60.00000,69.00000,9.00000,60.00000,0.00000
EXP-06A,exp06a_canonical_m1_k400,exact,phase,t03,agent_1,1,agent,69.00000,123.00000,54.00000,,0
EXP-06A,exp06a_canonical_m1_k400,exact,phase,t03,human_2,1,human,123.00000,132.00000,9.00000,123.00000,0.00000
EXP-06A,exp06a_canonical_m1_k400,exact,phase,t04_part_01,specification,4,human,48.00000,60.00000,12.00000,48.00000,0.00000
EXP-06A,exp06a_canonical_m1_k400,exact,phase,t04_part_01,implementation,4,agent,60.00000,132.00000,72.00000,,0
EXP-06A,exp06a_canonical_m1_k400,exact,phase,t04_join,acceptance,1,human,132.00000,144.00000,12.00000,132.00000,0.00000
EXP-06A,exp06a_canonical_m3_mixed_overhead_k025,baseline,phase,t01,human_1,2,human,0.3750,0.5625,0.1875,0,0.3750
EXP-06A,exp06a_canonical_m3_mixed_overhead_k025,baseline,phase,t01,agent_1,2,agent,0.5625,1.6875,1.1250,,0
EXP-06A,exp06a_canonical_m3_mixed_overhead_k025,baseline,phase,t01,human_2,2,human,1.6875,1.8750,0.1875,1.6875,0.0000
EXP-06A,exp06a_canonical_m3_mixed_overhead_k025,baseline,phase,t02,human_1,1,human,0,0.3750,0.3750,0,0
EXP-06A,exp06a_canonical_m3_mixed_overhead_k025,baseline,phase,t02,agent_1,1,agent,0.3750,2.6250,2.2500,,0
EXP-06A,exp06a_canonical_m3_mixed_overhead_k025,baseline,phase,t02,human_2,1,human,2.6250,3.0000,0.3750,2.6250,0.0000
EXP-06A,exp06a_canonical_m3_mixed_overhead_k025,baseline,phase,t03,human_1,1,human,3.0000,3.5625,0.5625,3.0000,0.0000
EXP-06A,exp06a_canonical_m3_mixed_overhead_k025,baseline,phase,t03,agent_1,1,agent,3.5625,6.9375,3.3750,,0
EXP-06A,exp06a_canonical_m3_mixed_overhead_k025,baseline,phase,t03,human_2,1,human,7.06250,7.62500,0.56250,6.9375,0.12500
EXP-06A,exp06a_canonical_m3_mixed_overhead_k025,baseline,phase,t04_part_01,specification,2,human,3.5625,3.86250,0.30000,3.0000,0.5625
EXP-06A,exp06a_canonical_m3_mixed_overhead_k025,baseline,phase,t04_part_01,implementation,2,agent,3.86250,5.41250,1.55000,,0
EXP-06A,exp06a_canonical_m3_mixed_overhead_k025,baseline,phase,t04_part_02,specification,3,human,3.86250,4.16250,0.30000,3.0000,0.86250
EXP-06A,exp06a_canonical_m3_mixed_overhead_k025,baseline,phase,t04_part_02,implementation,3,agent,4.16250,5.71250,1.55000,,0
EXP-06A,exp06a_canonical_m3_mixed_overhead_k025,baseline,phase,t04_part_03,specification,4,human,4.16250,4.46250,0.30000,3.0000,1.16250
EXP-06A,exp06a_canonical_m3_mixed_overhead_k025,baseline,phase,t04_part_03,implementation,4,agent,4.46250,6.01250,1.55000,,0
EXP-06A,exp06a_canonical_m3_mixed_overhead_k025,baseline,phase,t04_join,integration,2,agent,6.01250,6.16250,0.15000,,0
EXP-06A,exp06a_canonical_m3_mixed_overhead_k025,baseline,phase,t04_join,acceptance,2,human,6.16250,7.06250,0.90000,6.16250,0.00000
EXP-06A,exp06a_canonical_m3_mixed_overhead_k025,baseline,wait,t01,human_1,2,human_queue,0,0.3750,0.3750,0,0.3750
EXP-06A,exp06a_canonical_m3_mixed_overhead_k025,baseline,wait,t03,human_2,1,human_queue,6.9375,7.06250,0.12500,6.9375,0.12500
EXP-06A,exp06a_canonical_m3_mixed_overhead_k025,baseline,wait,t04_part_01,specification,2,human_queue,3.0000,3.5625,0.5625,3.0000,0.5625
EXP-06A,exp06a_canonical_m3_mixed_overhead_k025,baseline,wait,t04_part_02,specification,3,human_queue,3.0000,3.86250,0.86250,3.0000,0.86250
EXP-06A,exp06a_canonical_m3_mixed_overhead_k025,baseline,wait,t04_part_03,specification,4,human_queue,3.0000,4.16250,1.16250,3.0000,1.16250
EXP-06A,exp06a_canonical_m3_mixed_overhead_k025,exact,phase,t01,human_1,2,human,0.3750000,0.5625000,0.1875000,0.3750000,0.0000000
EXP-06A,exp06a_canonical_m3_mixed_overhead_k025,exact,phase,t01,agent_1,2,agent,0.5625000,1.6875000,1.1250000,,0
EXP-06A,exp06a_canonical_m3_mixed_overhead_k025,exact,phase,t01,human_2,2,human,1.6875000,1.8750000,0.1875000,1.6875000,0.0000000
EXP-06A,exp06a_canonical_m3_mixed_overhead_k025,exact,phase,t02,human_1,1,human,0.0000000,0.3750000,0.3750000,0.0000000,0.0000000
EXP-06A,exp06a_canonical_m3_mixed_overhead_k025,exact,phase,t02,agent_1,1,agent,0.3750000,2.6250000,2.2500000,,0
EXP-06A,exp06a_canonical_m3_mixed_overhead_k025,exact,phase,t02,human_2,1,human,2.6250000,3.0000000,0.3750000,2.6250000,0.0000000
EXP-06A,exp06a_canonical_m3_mixed_overhead_k025,exact,phase,t03,human_1,4,human,3.0000000,3.5625000,0.5625000,3.0000000,0.0000000
EXP-06A,exp06a_canonical_m3_mixed_overhead_k025,exact,phase,t03,agent_1,4,agent,3.5625000,6.9375000,3.3750000,,0
EXP-06A,exp06a_canonical_m3_mixed_overhead_k025,exact,phase,t03,human_2,4,human,7.0625000,7.6250000,0.5625000,6.9375000,0.1250000
EXP-06A,exp06a_canonical_m3_mixed_overhead_k025,exact,phase,t04_part_01,specification,3,human,4.1625000,4.4625000,0.3000000,4.1625000,0.0000000
EXP-06A,exp06a_canonical_m3_mixed_overhead_k025,exact,phase,t04_part_01,implementation,3,agent,4.4625000,6.0125000,1.5500000,,0
EXP-06A,exp06a_canonical_m3_mixed_overhead_k025,exact,phase,t04_part_02,specification,2,human,3.8625000,4.1625000,0.3000000,3.8625000,0.0000000
EXP-06A,exp06a_canonical_m3_mixed_overhead_k025,exact,phase,t04_part_02,implementation,2,agent,4.1625000,5.7125000,1.5500000,,0
EXP-06A,exp06a_canonical_m3_mixed_overhead_k025,exact,phase,t04_part_03,specification,1,human,3.5625000,3.8625000,0.3000000,3.5625000,0.0000000
EXP-06A,exp06a_canonical_m3_mixed_overhead_k025,exact,phase,t04_part_03,implementation,1,agent,3.8625000,5.4125000,1.5500000,,0
EXP-06A,exp06a_canonical_m3_mixed_overhead_k025,exact,phase,t04_join,integration,1,agent,6.0125000,6.1625000,0.1500000,,0
EXP-06A,exp06a_canonical_m3_mixed_overhead_k025,exact,phase,t04_join,acceptance,1,human,6.1625000,7.0625000,0.9000000,6.1625000,0.0000000
EXP-06A,exp06a_canonical_m3_mixed_overhead_k025,exact,wait,t03,human_2,4,human_queue,6.9375000,7.0625000,0.1250000,6.9375000,0.1250000
EXP-06A,exp06a_canonical_m3_mixed_overhead_k050,baseline,phase,t01,human_1,2,human,0.750,1.125,0.375,0,0.750
EXP-06A,exp06a_canonical_m3_mixed_overhead_k050,baseline,phase,t01,agent_1,2,agent,1.125,3.375,2.250,,0
EXP-06A,exp06a_canonical_m3_mixed_overhead_k050,baseline,phase,t01,human_2,2,human,3.375,3.750,0.375,3.375,0.000
EXP-06A,exp06a_canonical_m3_mixed_overhead_k050,baseline,phase,t02,human_1,1,human,0,0.750,0.750,0,0
EXP-06A,exp06a_canonical_m3_mixed_overhead_k050,baseline,phase,t02,agent_1,1,agent,0.750,5.250,4.500,,0
EXP-06A,exp06a_canonical_m3_mixed_overhead_k050,baseline,phase,t02,human_2,1,human,5.250,6.000,0.750,5.250,0.000
EXP-06A,exp06a_canonical_m3_mixed_overhead_k050,baseline,phase,t03,human_1,1,human,6.000,7.125,1.125,6.000,0.000
EXP-06A,exp06a_canonical_m3_mixed_overhead_k050,baseline,phase,t03,agent_1,1,agent,7.125,13.875,6.750,,0
EXP-06A,exp06a_canonical_m3_mixed_overhead_k050,baseline,phase,t03,human_2,1,human,14.1250,15.2500,1.1250,13.875,0.2500
EXP-06A,exp06a_canonical_m3_mixed_overhead_k050,baseline,phase,t04_part_01,specification,2,human,7.125,7.7250,0.6000,6.000,1.125
EXP-06A,exp06a_canonical_m3_mixed_overhead_k050,baseline,phase,t04_part_01,implementation,2,agent,7.7250,10.8250,3.1000,,0
EXP-06A,exp06a_canonical_m3_mixed_overhead_k050,baseline,phase,t04_part_02,specification,3,human,7.7250,8.3250,0.6000,6.000,1.7250
EXP-06A,exp06a_canonical_m3_mixed_overhead_k050,baseline,phase,t04_part_02,implementation,3,agent,8.3250,11.4250,3.1000,,0
EXP-06A,exp06a_canonical_m3_mixed_overhead_k050,baseline,phase,t04_part_03,specification,4,human,8.3250,8.9250,0.6000,6.000,2.3250
EXP-06A,exp06a_canonical_m3_mixed_overhead_k050,baseline,phase,t04_part_03,implementation,4,agent,8.9250,12.0250,3.1000,,0
EXP-06A,exp06a_canonical_m3_mixed_overhead_k050,baseline,phase,t04_join,integration,2,agent,12.0250,12.3250,0.3000,,0
EXP-06A,exp06a_canonical_m3_mixed_overhead_k050,baseline,phase,t04_join,acceptance,2,human,12.3250,14.1250,1.8000,12.3250,0.0000
EXP-06A,exp06a_canonical_m3_mixed_overhead_k050,baseline,wait,t01,human_1,2,human_queue,0,0.750,0.750,0,0.750
EXP-06A,exp06a_canonical_m3_mixed_overhead_k050,baseline,wait,t03,human_2,1,human_queue,13.875,14.1250,0.2500,13.875,0.2500
EXP-06A,exp06a_canonical_m3_mixed_overhead_k050,baseline,wait,t04_part_01,specification,2,human_queue,6.000,7.125,1.125,6.000,1.125
EXP-06A,exp06a_canonical_m3_mixed_overhead_k050,baseline,wait,t04_part_02,specification,3,human_queue,6.000,7.7250,1.7250,6.000,1.7250
EXP-06A,exp06a_canonical_m3_mixed_overhead_k050,baseline,wait,t04_part_03,specification,4,human_queue,6.000,8.3250,2.3250,6.000,2.3250
EXP-06A,exp06a_canonical_m3_mixed_overhead_k050,exact,phase,t01,human_1,2,human,0.750000,1.125000,0.375000,0.750000,0.000000
EXP-06A,exp06a_canonical_m3_mixed_overhead_k050,exact,phase,t01,agent_1,2,agent,1.125000,3.375000,2.250000,,0
EXP-06A,exp06a_canonical_m3_mixed_overhead_k050,exact,phase,t01,human_2,2,human,3.375000,3.750000,0.375000,3.375000,0.000000
EXP-06A,exp06a_canonical_m3_mixed_overhead_k050,exact,phase,t02,human_1,1,human,0.000000,0.750000,0.750000,0.000000,0.000000
EXP-06A,exp06a_canonical_m3_mixed_overhead_k050,exact,phase,t02,agent_1,1,agent,0.750000,5.250000,4.500000,,0
EXP-06A,exp06a_canonical_m3_mixed_overhead_k050,exact,phase,t02,human_2,1,human,5.250000,6.000000,0.750000,5.250000,0.000000
EXP-06A,exp06a_canonical_m3_mixed_overhead_k050,exact,phase,t03,human_1,4,human,6.000000,7.125000,1.125000,6.000000,0.000000
EXP-06A,exp06a_canonical_m3_mixed_overhead_k050,exact,phase,t03,agent_1,4,agent,7.125000,13.875000,6.750000,,0
EXP-06A,exp06a_canonical_m3_mixed_overhead_k050,exact,phase,t03,human_2,4,human,14.125000,15.250000,1.125000,13.875000,0.250000
EXP-06A,exp06a_canonical_m3_mixed_overhead_k050,exact,phase,t04_part_01,specification,3,human,8.325000,8.925000,0.600000,8.325000,0.000000
EXP-06A,exp06a_canonical_m3_mixed_overhead_k050,exact,phase,t04_part_01,implementation,3,agent,8.925000,12.025000,3.100000,,0
EXP-06A,exp06a_canonical_m3_mixed_overhead_k050,exact,phase,t04_part_02,specification,2,human,7.725000,8.325000,0.600000,7.725000,0.000000
EXP-06A,exp06a_canonical_m3_mixed_overhead_k050,exact,phase,t04_part_02,implementation,2,agent,8.325000,11.425000,3.100000,,0
EXP-06A,exp06a_canonical_m3_mixed_overhead_k050,exact,phase,t04_part_03,specification,1,human,7.125000,7.725000,0.600000,7.125000,0.000000
EXP-06A,exp06a_canonical_m3_mixed_overhead_k050,exact,phase,t04_part_03,implementation,1,agent,7.725000,10.825000,3.100000,,0
EXP-06A,exp06a_canonical_m3_mixed_overhead_k050,exact,phase,t04_join,integration,1,agent,12.025000,12.325000,0.300000,,0
EXP-06A,exp06a_canonical_m3_mixed_overhead_k050,exact,phase,t04_join,acceptance,1,human,12.325000,14.125000,1.800000,12.325000,0.000000
EXP-06A,exp06a_canonical_m3_mixed_overhead_k050,exact,wait,t03,human_2,4,human_queue,13.875000,14.125000,0.250000,13.875000,0.250000
EXP-06A,exp06a_canonical_m3_mixed_overhead_k100,baseline,phase,t01,human_1,2,human,1.50,2.25,0.75,0,1.50
EXP-06A,exp06a_canonical_m3_mixed_overhead_k100,baseline,phase,t01,agent_1,2,agent,2.25,6.75,4.50,,0
EXP-06A,exp06a_canonical_m3_mixed_overhead_k100,baseline,phase,t01,human_2,2,human,6.75,7.50,0.75,6.75,0.00
EXP-06A,exp06a_canonical_m3_mixed_overhead_k100,baseline,phase,t02,human_1,1,human,0,1.50,1.50,0,0
EXP-06A,exp06a_canonical_m3_mixed_overhead_k100,baseline,phase,t02,agent_1,1,agent,1.50,10.50,9.00,,0
EXP-06A,exp06a_canonical_m3_mixed_overhead_k100,baseline,phase,t02,human_2,1,human,10.50,12.00,1.50,10.50,0.00
EXP-06A,exp06a_canonical_m3_mixed_overhead_k100,baseline,phase,t03,human_1,1,human,12.00,14.25,2.25,12.00,0.00
EXP-06A,exp06a_canonical_m3_mixed_overhead_k100,baseline,phase,t03,agent_1,1,agent,14.25,27.75,13.50,,0
EXP-06A,exp06a_canonical_m3_mixed_overhead_k100,baseline,phase,t03,human_2,1,human,28.250,30.500,2.250,27.75,0.500
EXP-06A,exp06a_canonical_m3_mixed_overhead_k100,baseline,phase,t04_part_01,specification,2,human,14.25,15.450,1.200,12.00,2.25
EXP-06A,exp06a_canonical_m3_mixed_overhead_k100,baseline,phase,t04_part_01,implementation,2,agent,15.450,21.650,6.200,,0
EXP-06A,exp06a_canonical_m3_mixed_overhead_k100,baseline,phase,t04_part_02,specification,3,human,15.450,16.650,1.200,12.00,3.450
EXP-06A,exp06a_canonical_m3_mixed_overhead_k100,baseline,phase,t04_part_02,implementation,3,agent,16.650,22.850,6.200,,0
EXP-06A,exp06a_canonical_m3_mixed_overhead_k100,baseline,phase,t04_part_03,specification,4,human,16.650,17.850,1.200,12.00,4.650
EXP-06A,exp06a_canonical_m3_mixed_overhead_k100,baseline,phase,t04_part_03,implementation,4,agent,17.850,24.050,6.200,,0
EXP-06A,exp06a_canonical_m3_mixed_overhead_k100,baseline,phase,t04_join,integration,2,agent,24.050,24.650,0.600,,0
EXP-06A,exp06a_canonical_m3_mixed_overhead_k100,baseline,phase,t04_join,acceptance,2,human,24.650,28.250,3.600,24.650,0.000
EXP-06A,exp06a_canonical_m3_mixed_overhead_k100,baseline,wait,t01,human_1,2,human_queue,0,1.50,1.50,0,1.50
EXP-06A,exp06a_canonical_m3_mixed_overhead_k100,baseline,wait,t03,human_2,1,human_queue,27.75,28.250,0.500,27.75,0.500
EXP-06A,exp06a_canonical_m3_mixed_overhead_k100,baseline,wait,t04_part_01,specification,2,human_queue,12.00,14.25,2.25,12.00,2.25
EXP-06A,exp06a_canonical_m3_mixed_overhead_k100,baseline,wait,t04_part_02,specification,3,human_queue,12.00,15.450,3.450,12.00,3.450
EXP-06A,exp06a_canonical_m3_mixed_overhead_k100,baseline,wait,t04_part_03,specification,4,human_queue,12.00,16.650,4.650,12.00,4.650
EXP-06A,exp06a_canonical_m3_mixed_overhead_k100,exact,phase,t01,human_1,2,human,1.50000,2.25000,0.75000,1.50000,0.00000
EXP-06A,exp06a_canonical_m3_mixed_overhead_k100,exact,phase,t01,agent_1,2,agent,2.25000,6.75000,4.50000,,0
EXP-06A,exp06a_canonical_m3_mixed_overhead_k100,exact,phase,t01,human_2,2,human,6.75000,7.50000,0.75000,6.75000,0.00000
EXP-06A,exp06a_canonical_m3_mixed_overhead_k100,exact,phase,t02,human_1,1,human,0.00000,1.50000,1.50000,0.00000,0.00000
EXP-06A,exp06a_canonical_m3_mixed_overhead_k100,exact,phase,t02,agent_1,1,agent,1.50000,10.50000,9.00000,,0
EXP-06A,exp06a_canonical_m3_mixed_overhead_k100,exact,phase,t02,human_2,1,human,10.50000,12.00000,1.50000,10.50000,0.00000
EXP-06A,exp06a_canonical_m3_mixed_overhead_k100,exact,phase,t03,human_1,4,human,12.00000,14.25000,2.25000,12.00000,0.00000
EXP-06A,exp06a_canonical_m3_mixed_overhead_k100,exact,phase,t03,agent_1,4,agent,14.25000,27.75000,13.50000,,0
EXP-06A,exp06a_canonical_m3_mixed_overhead_k100,exact,phase,t03,human_2,4,human,28.25000,30.50000,2.25000,27.75000,0.50000
EXP-06A,exp06a_canonical_m3_mixed_overhead_k100,exact,phase,t04_part_01,specification,3,human,16.65000,17.85000,1.20000,16.65000,0.00000
EXP-06A,exp06a_canonical_m3_mixed_overhead_k100,exact,phase,t04_part_01,implementation,3,agent,17.85000,24.05000,6.20000,,0
EXP-06A,exp06a_canonical_m3_mixed_overhead_k100,exact,phase,t04_part_02,specification,2,human,15.45000,16.65000,1.20000,15.45000,0.00000
EXP-06A,exp06a_canonical_m3_mixed_overhead_k100,exact,phase,t04_part_02,implementation,2,agent,16.65000,22.85000,6.20000,,0
EXP-06A,exp06a_canonical_m3_mixed_overhead_k100,exact,phase,t04_part_03,specification,1,human,14.25000,15.45000,1.20000,14.25000,0.00000
EXP-06A,exp06a_canonical_m3_mixed_overhead_k100,exact,phase,t04_part_03,implementation,1,agent,15.45000,21.65000,6.20000,,0
EXP-06A,exp06a_canonical_m3_mixed_overhead_k100,exact,phase,t04_join,integration,1,agent,24.05000,24.65000,0.60000,,0
EXP-06A,exp06a_canonical_m3_mixed_overhead_k100,exact,phase,t04_join,acceptance,1,human,24.65000,28.25000,3.60000,24.65000,0.00000
EXP-06A,exp06a_canonical_m3_mixed_overhead_k100,exact,wait,t03,human_2,4,human_queue,27.75000,28.25000,0.50000,27.75000,0.50000
EXP-06A,exp06a_canonical_m3_mixed_overhead_k200,baseline,phase,t01,human_1,2,human,3.00,4.50,1.50,0,3.00
EXP-06A,exp06a_canonical_m3_mixed_overhead_k200,baseline,phase,t01,agent_1,2,agent,4.50,13.50,9.00,,0
EXP-06A,exp06a_canonical_m3_mixed_overhead_k200,baseline,phase,t01,human_2,2,human,13.50,15.00,1.50,13.50,0.00
EXP-06A,exp06a_canonical_m3_mixed_overhead_k200,baseline,phase,t02,human_1,1,human,0,3.00,3.00,0,0
EXP-06A,exp06a_canonical_m3_mixed_overhead_k200,baseline,phase,t02,agent_1,1,agent,3.00,21.00,18.00,,0
EXP-06A,exp06a_canonical_m3_mixed_overhead_k200,baseline,phase,t02,human_2,1,human,21.00,24.00,3.00,21.00,0.00
EXP-06A,exp06a_canonical_m3_mixed_overhead_k200,baseline,phase,t03,human_1,1,human,24.00,28.50,4.50,24.00,0.00
EXP-06A,exp06a_canonical_m3_mixed_overhead_k200,baseline,phase,t03,agent_1,1,agent,28.50,55.50,27.00,,0
EXP-06A,exp06a_canonical_m3_mixed_overhead_k200,baseline,phase,t03,human_2,1,human,56.500,61.000,4.500,55.50,1.000
EXP-06A,exp06a_canonical_m3_mixed_overhead_k200,baseline,phase,t04_part_01,specification,2,human,28.50,30.900,2.400,24.00,4.50
EXP-06A,exp06a_canonical_m3_mixed_overhead_k200,baseline,phase,t04_part_01,implementation,2,agent,30.900,43.300,12.400,,0
EXP-06A,exp06a_canonical_m3_mixed_overhead_k200,baseline,phase,t04_part_02,specification,3,human,30.900,33.300,2.400,24.00,6.900
EXP-06A,exp06a_canonical_m3_mixed_overhead_k200,baseline,phase,t04_part_02,implementation,3,agent,33.300,45.700,12.400,,0
EXP-06A,exp06a_canonical_m3_mixed_overhead_k200,baseline,phase,t04_part_03,specification,4,human,33.300,35.700,2.400,24.00,9.300
EXP-06A,exp06a_canonical_m3_mixed_overhead_k200,baseline,phase,t04_part_03,implementation,4,agent,35.700,48.100,12.400,,0
EXP-06A,exp06a_canonical_m3_mixed_overhead_k200,baseline,phase,t04_join,integration,2,agent,48.100,49.300,1.200,,0
EXP-06A,exp06a_canonical_m3_mixed_overhead_k200,baseline,phase,t04_join,acceptance,2,human,49.300,56.500,7.200,49.300,0.000
EXP-06A,exp06a_canonical_m3_mixed_overhead_k200,baseline,wait,t01,human_1,2,human_queue,0,3.00,3.00,0,3.00
EXP-06A,exp06a_canonical_m3_mixed_overhead_k200,baseline,wait,t03,human_2,1,human_queue,55.50,56.500,1.000,55.50,1.000
EXP-06A,exp06a_canonical_m3_mixed_overhead_k200,baseline,wait,t04_part_01,specification,2,human_queue,24.00,28.50,4.50,24.00,4.50
EXP-06A,exp06a_canonical_m3_mixed_overhead_k200,baseline,wait,t04_part_02,specification,3,human_queue,24.00,30.900,6.900,24.00,6.900
EXP-06A,exp06a_canonical_m3_mixed_overhead_k200,baseline,wait,t04_part_03,specification,4,human_queue,24.00,33.300,9.300,24.00,9.300
EXP-06A,exp06a_canonical_m3_mixed_overhead_k200,exact,phase,t01,human_1,2,human,3.00000,4.50000,1.50000,3.00000,0.00000
EXP-06A,exp06a_canonical_m3_mixed_overhead_k200,exact,phase,t01,agent_1,2,agent,4.50000,13.50000,9.00000,,0
EXP-06A,exp06a_canonical_m3_mixed_overhead_k200,exact,phase,t01,human_2,2,human,13.50000,15.00000,1.50000,13.50000,0.00000
EXP-06A,exp06a_canonical_m3_mixed_overhead_k200,exact,phase,t02,human_1,1,human,0.00000,3.00000,3.00000,0.00000,0.00000
EXP-06A,exp06a_canonical_m3_mixed_overhead_k200,exact,phase,t02,agent_1,1,agent,3.00000,21.00000,18.00000,,0
EXP-06A,exp06a_canonical_m3_mixed_overhead_k200,exact,phase,t02,human_2,1,human,21.00000,24.00000,3.00000,21.00000,0.00000
EXP-06A,exp06a_canonical_m3_mixed_overhead_k200,exact,phase,t03,human_1,4,human,24.00000,28.50000,4.50000,24.00000,0.00000
EXP-06A,exp06a_canonical_m3_mixed_overhead_k200,exact,phase,t03,agent_1,4,agent,28.50000,55.50000,27.00000,,0
EXP-06A,exp06a_canonical_m3_mixed_overhead_k200,exact,phase,t03,human_2,4,human,56.50000,61.00000,4.50000,55.50000,1.00000
EXP-06A,exp06a_canonical_m3_mixed_overhead_k200,exact,phase,t04_part_01,specification,3,human,33.30000,35.70000,2.40000,33.30000,0.00000
EXP-06A,exp06a_canonical_m3_mixed_overhead_k200,exact,phase,t04_part_01,implementation,3,agent,35.70000,48.10000,12.40000,,0
EXP-06A,exp06a_canonical_m3_mixed_overhead_k200,exact,phase,t04_part_02,specification,2,human,30.90000,33.30000,2.40000,30.90000,0.00000
EXP-06A,exp06a_canonical_m3_mixed_overhead_k200,exact,phase,t04_part_02,implementation,2,agent,33.30000,45.70000,12.40000,,0
EXP-06A,exp06a_canonical_m3_mixed_overhead_k200,exact,phase,t04_part_03,specification,1,human,28.50000,30.90000,2.40000,28.50000,0.00000
EXP-06A,exp06a_canonical_m3_mixed_overhead_k200,exact,phase,t04_part_03,implementation,1,agent,30.90000,43.30000,12.40000,,0
EXP-06A,exp06a_canonical_m3_mixed_overhead_k200,exact,phase,t04_join,integration,1,agent,48.10000,49.30000,1.20000,,0
EXP-06A,exp06a_canonical_m3_mixed_overhead_k200,exact,phase,t04_join,acceptance,1,human,49.30000,56.50000,7.20000,49.30000,0.00000
EXP-06A,exp06a_canonical_m3_mixed_overhead_k200,exact,wait,t03,human_2,4,human_queue,55.50000,56.50000,1.00000,55.50000,1.00000
EXP-06A,exp06a_canonical_m3_mixed_overhead_k400,baseline,phase,t01,human_1,2,human,6.00,9.00,3.00,0,6.00
EXP-06A,exp06a_canonical_m3_mixed_overhead_k400,baseline,phase,t01,agent_1,2,agent,9.00,27.00,18.00,,0
EXP-06A,exp06a_canonical_m3_mixed_overhead_k400,baseline,phase,t01,human_2,2,human,27.00,30.00,3.00,27.00,0.00
EXP-06A,exp06a_canonical_m3_mixed_overhead_k400,baseline,phase,t02,human_1,1,human,0,6.00,6.00,0,0
EXP-06A,exp06a_canonical_m3_mixed_overhead_k400,baseline,phase,t02,agent_1,1,agent,6.00,42.00,36.00,,0
EXP-06A,exp06a_canonical_m3_mixed_overhead_k400,baseline,phase,t02,human_2,1,human,42.00,48.00,6.00,42.00,0.00
EXP-06A,exp06a_canonical_m3_mixed_overhead_k400,baseline,phase,t03,human_1,1,human,48.00,57.00,9.00,48.00,0.00
EXP-06A,exp06a_canonical_m3_mixed_overhead_k400,baseline,phase,t03,agent_1,1,agent,57.00,111.00,54.00,,0
EXP-06A,exp06a_canonical_m3_mixed_overhead_k400,baseline,phase,t03,human_2,1,human,113.000,122.000,9.000,111.00,2.000
EXP-06A,exp06a_canonical_m3_mixed_overhead_k400,baseline,phase,t04_part_01,specification,2,human,57.00,61.800,4.800,48.00,9.00
EXP-06A,exp06a_canonical_m3_mixed_overhead_k400,baseline,phase,t04_part_01,implementation,2,agent,61.800,86.600,24.800,,0
EXP-06A,exp06a_canonical_m3_mixed_overhead_k400,baseline,phase,t04_part_02,specification,3,human,61.800,66.600,4.800,48.00,13.800
EXP-06A,exp06a_canonical_m3_mixed_overhead_k400,baseline,phase,t04_part_02,implementation,3,agent,66.600,91.400,24.800,,0
EXP-06A,exp06a_canonical_m3_mixed_overhead_k400,baseline,phase,t04_part_03,specification,4,human,66.600,71.400,4.800,48.00,18.600
EXP-06A,exp06a_canonical_m3_mixed_overhead_k400,baseline,phase,t04_part_03,implementation,4,agent,71.400,96.200,24.800,,0
EXP-06A,exp06a_canonical_m3_mixed_overhead_k400,baseline,phase,t04_join,integration,2,agent,96.200,98.600,2.400,,0
EXP-06A,exp06a_canonical_m3_mixed_overhead_k400,baseline,phase,t04_join,acceptance,2,human,98.600,113.000,14.400,98.600,0.000
EXP-06A,exp06a_canonical_m3_mixed_overhead_k400,baseline,wait,t01,human_1,2,human_queue,0,6.00,6.00,0,6.00
EXP-06A,exp06a_canonical_m3_mixed_overhead_k400,baseline,wait,t03,human_2,1,human_queue,111.00,113.000,2.000,111.00,2.000
EXP-06A,exp06a_canonical_m3_mixed_overhead_k400,baseline,wait,t04_part_01,specification,2,human_queue,48.00,57.00,9.00,48.00,9.00
EXP-06A,exp06a_canonical_m3_mixed_overhead_k400,baseline,wait,t04_part_02,specification,3,human_queue,48.00,61.800,13.800,48.00,13.800
EXP-06A,exp06a_canonical_m3_mixed_overhead_k400,baseline,wait,t04_part_03,specification,4,human_queue,48.00,66.600,18.600,48.00,18.600
EXP-06A,exp06a_canonical_m3_mixed_overhead_k400,exact,phase,t01,human_1,2,human,6.00000,9.00000,3.00000,6.00000,0.00000
EXP-06A,exp06a_canonical_m3_mixed_overhead_k400,exact,phase,t01,agent_1,2,agent,9.00000,27.00000,18.00000,,0
EXP-06A,exp06a_canonical_m3_mixed_overhead_k400,exact,phase,t01,human_2,2,human,27.00000,30.00000,3.00000,27.00000,0.00000
EXP-06A,exp06a_canonical_m3_mixed_overhead_k400,exact,phase,t02,human_1,1,human,0.00000,6.00000,6.00000,0.00000,0.00000
EXP-06A,exp06a_canonical_m3_mixed_overhead_k400,exact,phase,t02,agent_1,1,agent,6.00000,42.00000,36.00000,,0
EXP-06A,exp06a_canonical_m3_mixed_overhead_k400,exact,phase,t02,human_2,1,human,42.00000,48.00000,6.00000,42.00000,0.00000
EXP-06A,exp06a_canonical_m3_mixed_overhead_k400,exact,phase,t03,human_1,4,human,48.00000,57.00000,9.00000,48.00000,0.00000
EXP-06A,exp06a_canonical_m3_mixed_overhead_k400,exact,phase,t03,agent_1,4,agent,57.00000,111.00000,54.00000,,0
EXP-06A,exp06a_canonical_m3_mixed_overhead_k400,exact,phase,t03,human_2,4,human,113.00000,122.00000,9.00000,111.00000,2.00000
EXP-06A,exp06a_canonical_m3_mixed_overhead_k400,exact,phase,t04_part_01,specification,3,human,66.60000,71.40000,4.80000,66.60000,0.00000
EXP-06A,exp06a_canonical_m3_mixed_overhead_k400,exact,phase,t04_part_01,implementation,3,agent,71.40000,96.20000,24.80000,,0
EXP-06A,exp06a_canonical_m3_mixed_overhead_k400,exact,phase,t04_part_02,specification,2,human,61.80000,66.60000,4.80000,61.80000,0.00000
EXP-06A,exp06a_canonical_m3_mixed_overhead_k400,exact,phase,t04_part_02,implementation,2,agent,66.60000,91.40000,24.80000,,0
EXP-06A,exp06a_canonical_m3_mixed_overhead_k400,exact,phase,t04_part_03,specification,1,human,57.00000,61.80000,4.80000,57.00000,0.00000
EXP-06A,exp06a_canonical_m3_mixed_overhead_k400,exact,phase,t04_part_03,implementation,1,agent,61.80000,86.60000,24.80000,,0
EXP-06A,exp06a_canonical_m3_mixed_overhead_k400,exact,phase,t04_join,integration,1,agent,96.20000,98.60000,2.40000,,0
EXP-06A,exp06a_canonical_m3_mixed_overhead_k400,exact,phase,t04_join,acceptance,1,human,98.60000,113.00000,14.40000,98.60000,0.00000
EXP-06A,exp06a_canonical_m3_mixed_overhead_k400,exact,wait,t03,human_2,4,human_queue,111.00000,113.00000,2.00000,111.00000,2.00000
