experiment_id,scenario_id,scenario_sha256,object_id,phase_profile,regime_id,slice_id,policy_id,agent_count,human_share,c_model,C,gamma_model,gamma,W4,L4,W4_over_P,gamma_H,B4,active_branches,critical_path,solver_status,exact_makespan,T_star,solver_best_bound,solver_gap,solver_wall_time_seconds,exact_gap_to_B4,exact_relative_gap_to_B4,exact_queue,exact_blocked_any,exact_max_human_queue,exact_agent_productive_utilization,exact_agent_slot_utilization,exact_human_utilization,baseline_makespan,baseline_gap_to_optimum,baseline_relative_gap,baseline_queue,baseline_blocked_any,baseline_max_human_queue,baseline_agent_productive_utilization,baseline_agent_slot_utilization,baseline_human_utilization,delta_T_star_to_next_P,delta_baseline_to_next_P
EXP-02,exp02_practical_v4_c0_g0_rh10_p01,44d1002adfa220f2a5a1d490a81fc9799c2cdd72c91c2dcf0e248aacecab2ab9,practical_v4,io,c0_g0_rh10,human_share,bottom_level_fcfs_v1,1,0.10,C0,1,gamma0,1,53.60000,36.70000,53.60000,5.36000,53.60000,work,1->2->3->4->6c,OPTIMAL,53.60000,53.60000,53.600000,0.0,0.003058,0.00000,0.000000,0,0,0,0.900000,1.000000,0.100000,53.60000,0.00000,0.000000,0,0,0,0.900000,1.000000,0.100000,16.90000,16.90000
EXP-02,exp02_practical_v4_c0_g0_rh10_p02,2ae727f1b6f4d4dd9fe4334c1e2e3509ca2bc8db3c7c5a747508661b95fbbba0,practical_v4,io,c0_g0_rh10,human_share,bottom_level_fcfs_v1,2,0.10,C0,1,gamma0,1,53.60000,36.70000,26.80000,5.36000,36.70000,critical_path,1->2->3->4->6c,OPTIMAL,36.70000,36.70000,36.700000,0.0,0.004605,0.00000,0.000000,0.69500,0.69500,1,0.657221,0.739714,0.146049,36.70000,0.00000,0.000000,0.8700,0.8700,1,0.657221,0.742098,0.146049,0.00000,0.00000
EXP-02,exp02_practical_v4_c0_g0_rh10_p03,ddf92e1958e729fb1131ce7e6a44bca85cce7ffe180e9bc3de33611ea3dda353,practical_v4,io,c0_g0_rh10,human_share,bottom_level_fcfs_v1,3,0.10,C0,1,gamma0,1,53.60000,36.70000,17.86666666666666666666666667,5.36000,36.70000,critical_path,1->2->3->4->6c,OPTIMAL,36.70000,36.70000,36.700000,0.0,0.004596,0.00000,0.000000,0,0,0,0.438147,0.486830,0.146049,36.70000,0.00000,0.000000,1.5100,1.5100,1,0.438147,0.500545,0.146049,0.00000,0.00000
EXP-02,exp02_practical_v4_c0_g0_rh10_p04,ab364554c866a57c70ef8b322f49d29190a98599dddcb5547a6684f8b8e0e73c,practical_v4,io,c0_g0_rh10,human_share,bottom_level_fcfs_v1,4,0.10,C0,1,gamma0,1,53.60000,36.70000,13.40000,5.36000,36.70000,critical_path,1->2->3->4->6c,OPTIMAL,36.70000,36.70000,36.700000,0.0,0.004855,0.00000,0.000000,0,0,0,0.328610,0.365123,0.146049,36.70000,0.00000,0.000000,1.5100,1.5100,1,0.328610,0.375409,0.146049,0.00000,0.00000
EXP-02,exp02_practical_v4_c0_g0_rh10_p06,a38cb4639e92cf8fb41eff9f0ea210d656ffda43968ddc79a5367a2449470ceb,practical_v4,io,c0_g0_rh10,human_share,bottom_level_fcfs_v1,6,0.10,C0,1,gamma0,1,53.60000,36.70000,8.933333333333333333333333333,5.36000,36.70000,critical_path,1->2->3->4->6c,OPTIMAL,36.70000,36.70000,36.700000,0.0,0.003340,0.00000,0.000000,0,0,0,0.219074,0.243415,0.146049,36.70000,0.00000,0.000000,1.5100,1.5100,1,0.219074,0.250272,0.146049,0.00000,0.00000
EXP-02,exp02_practical_v4_c0_g0_rh10_p08,dd3dc508ccf05303abb2ea1660ce1ef593d3a9cb13d3ed9fc290746d0d987188,practical_v4,io,c0_g0_rh10,human_share,bottom_level_fcfs_v1,8,0.10,C0,1,gamma0,1,53.60000,36.70000,6.70000,5.36000,36.70000,critical_path,1->2->3->4->6c,OPTIMAL,36.70000,36.70000,36.700000,0.0,0.003615,0.00000,0.000000,0,0,0,0.164305,0.182561,0.146049,36.70000,0.00000,0.000000,1.5100,1.5100,1,0.164305,0.187704,0.146049,0.00000,0.00000
EXP-02,exp02_practical_v4_c0_g0_rh10_p12,59d481ec1ede5eb6a159ec77f511e40eac835f8104a77cb8f14dc055076b9423,practical_v4,io,c0_g0_rh10,human_share,bottom_level_fcfs_v1,12,0.10,C0,1,gamma0,1,53.60000,36.70000,4.466666666666666666666666667,5.36000,36.70000,critical_path,1->2->3->4->6c,OPTIMAL,36.70000,36.70000,36.700000,0.0,0.004108,0.00000,0.000000,0,0,0,0.109537,0.121708,0.146049,36.70000,0.00000,0.000000,1.5100,1.5100,1,0.109537,0.125136,0.146049,,
EXP-02,exp02_practical_v4_c0_g0_rh25_p01,f78d61411353a9e260e65bbf07472a37ac9e772ea7467aece822818233d6d388,practical_v4,io,c0_g0_rh25,pure_parallelism_and_human_share,bottom_level_fcfs_v1,1,0.25,C0,1,gamma0,1,53.60000,36.70000,53.60000,13.40000,53.60000,work,1->2->3->4->6c,OPTIMAL,53.60000,53.60000,53.600000,0.0,0.001776,0.00000,0.000000,0,0,0,0.750000,1.000000,0.250000,53.60000,0.00000,0.000000,0,0,0,0.750000,1.000000,0.250000,16.90000,16.90000
EXP-02,exp02_practical_v4_c0_g0_rh25_p02,d841dba110c6d1b2519ecf7a3615106584a2fb6ebb8146216a15902178680859,practical_v4,io,c0_g0_rh25,pure_parallelism_and_human_share,bottom_level_fcfs_v1,2,0.25,C0,1,gamma0,1,53.60000,36.70000,26.80000,13.40000,36.70000,critical_path,1->2->3->4->6c,OPTIMAL,36.70000,36.70000,36.700000,0.0,0.004433,0.00000,0.000000,0.53750,0.53750,1,0.547684,0.737568,0.365123,36.70000,0.00000,0.000000,2.1750,2.1750,1,0.547684,0.759877,0.365123,0.00000,0.00000
EXP-02,exp02_practical_v4_c0_g0_rh25_p03,318e72a278079697cfae7b7b5cd807890aea251fd992733bdafd657e1be86718,practical_v4,io,c0_g0_rh25,pure_parallelism_and_human_share,bottom_level_fcfs_v1,3,0.25,C0,1,gamma0,1,53.60000,36.70000,17.86666666666666666666666667,13.40000,36.70000,critical_path,1->2->3->4->6c,OPTIMAL,36.70000,36.70000,36.700000,0.0,0.004607,0.00000,0.000000,0,0,0,0.365123,0.486830,0.365123,36.70000,0.00000,0.000000,3.7750,3.7750,1,0.365123,0.521117,0.365123,0.00000,0.00000
EXP-02,exp02_practical_v4_c0_g0_rh25_p04,07772728645a7809aceb53a0273fae3662f19777b2bb8632ce8c65f702577981,practical_v4,io,c0_g0_rh25,pure_parallelism_and_human_share,bottom_level_fcfs_v1,4,0.25,C0,1,gamma0,1,53.60000,36.70000,13.40000,13.40000,36.70000,critical_path,1->2->3->4->6c,OPTIMAL,36.70000,36.70000,36.700000,0.0,0.004942,0.00000,0.000000,0,0,0,0.273842,0.365123,0.365123,36.70000,0.00000,0.000000,3.7750,3.7750,1,0.273842,0.390838,0.365123,0.00000,0.00000
EXP-02,exp02_practical_v4_c0_g0_rh25_p06,ec75a14aac7ed6d55ece4fbfacf2fb957c9720939414641eb21926b99ee37b29,practical_v4,io,c0_g0_rh25,pure_parallelism_and_human_share,bottom_level_fcfs_v1,6,0.25,C0,1,gamma0,1,53.60000,36.70000,8.933333333333333333333333333,13.40000,36.70000,critical_path,1->2->3->4->6c,OPTIMAL,36.70000,36.70000,36.700000,0.0,0.003251,0.00000,0.000000,0,0,0,0.182561,0.243415,0.365123,36.70000,0.00000,0.000000,3.7750,3.7750,1,0.182561,0.260559,0.365123,0.00000,0.00000
EXP-02,exp02_practical_v4_c0_g0_rh25_p08,7e3d3b256797263cf6e6fe1a13927c31f551d5e8aebfacb62e98c0d6f207e657,practical_v4,io,c0_g0_rh25,pure_parallelism_and_human_share,bottom_level_fcfs_v1,8,0.25,C0,1,gamma0,1,53.60000,36.70000,6.70000,13.40000,36.70000,critical_path,1->2->3->4->6c,OPTIMAL,36.70000,36.70000,36.700000,0.0,0.003704,0.00000,0.000000,0,0,0,0.136921,0.182561,0.365123,36.70000,0.00000,0.000000,3.7750,3.7750,1,0.136921,0.195419,0.365123,0.00000,0.00000
EXP-02,exp02_practical_v4_c0_g0_rh25_p12,e9ac4005432f4ff8f78600fbf3137cfcf37eaf64ea4875be600079c2f81b22ab,practical_v4,io,c0_g0_rh25,pure_parallelism_and_human_share,bottom_level_fcfs_v1,12,0.25,C0,1,gamma0,1,53.60000,36.70000,4.466666666666666666666666667,13.40000,36.70000,critical_path,1->2->3->4->6c,OPTIMAL,36.70000,36.70000,36.700000,0.0,0.004108,0.00000,0.000000,0,0,0,0.091281,0.121708,0.365123,36.70000,0.00000,0.000000,3.7750,3.7750,1,0.091281,0.130279,0.365123,,
EXP-02,exp02_practical_v4_c0_g0_rh50_p01,66b316060b5af7d08dac0415797c03d41eee75882a270cbed5e78477b8bae53b,practical_v4,io,c0_g0_rh50,human_share,bottom_level_fcfs_v1,1,0.50,C0,1,gamma0,1,53.60000,36.70000,53.60000,26.80000,53.60000,work,1->2->3->4->6c,OPTIMAL,53.60000,53.60000,53.600000,0.0,0.001792,0.00000,0.000000,0,0,0,0.500000,1.000000,0.500000,53.60000,0.00000,0.000000,0,0,0,0.500000,1.000000,0.500000,16.80000,14.90000
EXP-02,exp02_practical_v4_c0_g0_rh50_p02,815a0a26fbd2c9211d74da657f912888f2201c80031636410a2b0d864da32b95,practical_v4,io,c0_g0_rh50,human_share,bottom_level_fcfs_v1,2,0.50,C0,1,gamma0,1,53.60000,36.70000,26.80000,26.80000,36.70000,critical_path,1->2->3->4->6c,OPTIMAL,36.80000,36.80000,36.800000,0.0,0.005566,0.10000,0.002725,8.65000,8.65000,1,0.364130,0.845788,0.728261,38.70000,1.90000,0.051630,8.8500,8.8500,1,0.346253,0.806848,0.692506,0.10000,0.00000
EXP-02,exp02_practical_v4_c0_g0_rh50_p03,ac618181e0e07676afa2be2722addb3c4b7f1a04f52d00d28f838c18f4e669a3,practical_v4,io,c0_g0_rh50,human_share,bottom_level_fcfs_v1,3,0.50,C0,1,gamma0,1,53.60000,36.70000,17.86666666666666666666666667,26.80000,36.70000,critical_path,1->2->3->4->6c,OPTIMAL,36.70000,36.70000,36.700000,0.0,0.006572,0.00000,0.000000,22.82500,16.50000,2,0.243415,0.694142,0.730245,38.70000,2.00000,0.054496,14.42500,12.62500,2,0.230835,0.585917,0.692506,0.00000,0.00000
EXP-02,exp02_practical_v4_c0_g0_rh50_p04,65b677e0f6ac073bc43f4f51dbe7909de5ec9c8a1433b09c3ad65086a9478f95,practical_v4,io,c0_g0_rh50,human_share,bottom_level_fcfs_v1,4,0.50,C0,1,gamma0,1,53.60000,36.70000,13.40000,26.80000,36.70000,critical_path,1->2->3->4->6c,OPTIMAL,36.70000,36.70000,36.700000,0.0,0.005934,0.00000,0.000000,10.62500,10.62500,1,0.182561,0.437500,0.730245,38.70000,2.00000,0.054496,14.42500,12.62500,2,0.173127,0.439438,0.692506,0.00000,0.00000
EXP-02,exp02_practical_v4_c0_g0_rh50_p06,459dce98ff40acc7b40ec8d1428144edc9738e5034255f3ae5aa25a9e8c46c9c,practical_v4,io,c0_g0_rh50,human_share,bottom_level_fcfs_v1,6,0.50,C0,1,gamma0,1,53.60000,36.70000,8.933333333333333333333333333,26.80000,36.70000,critical_path,1->2->3->4->6c,OPTIMAL,36.70000,36.70000,36.700000,0.0,0.006836,0.00000,0.000000,13.22500,13.22500,1,0.121708,0.303474,0.730245,38.70000,2.00000,0.054496,14.42500,12.62500,2,0.115418,0.292959,0.692506,0.00000,0.00000
EXP-02,exp02_practical_v4_c0_g0_rh50_p08,3482f628e39ce9bb976a33f0f8defe57a0bc7cbf2c6be6f4fdc11a58b7e2fde2,practical_v4,io,c0_g0_rh50,human_share,bottom_level_fcfs_v1,8,0.50,C0,1,gamma0,1,53.60000,36.70000,6.70000,26.80000,36.70000,critical_path,1->2->3->4->6c,OPTIMAL,36.70000,36.70000,36.700000,0.0,0.007370,0.00000,0.000000,13.22500,13.22500,1,0.091281,0.227606,0.730245,38.70000,2.00000,0.054496,14.42500,12.62500,2,0.086563,0.219719,0.692506,0.00000,0.00000
EXP-02,exp02_practical_v4_c0_g0_rh50_p12,a7830d056abfc5826aedf1a8e0dfbca5836054d6a2d4151ee4d2e15abb3f65aa,practical_v4,io,c0_g0_rh50,human_share,bottom_level_fcfs_v1,12,0.50,C0,1,gamma0,1,53.60000,36.70000,4.466666666666666666666666667,26.80000,36.70000,critical_path,1->2->3->4->6c,OPTIMAL,36.70000,36.70000,36.700000,0.0,0.007762,0.00000,0.000000,13.22500,13.22500,1,0.060854,0.151737,0.730245,38.70000,2.00000,0.054496,14.42500,12.62500,2,0.057709,0.146479,0.692506,,
EXP-02,exp02_practical_v4_c1_g0_rh25_p01,b9abfb63537a7a1102be2dc4013e458c71ea45528cbf3fc8d3b4d31ccf30aa3b,practical_v4,io,c1_g0_rh25,interagent_overhead,bottom_level_fcfs_v1,1,0.25,C1,1.000,gamma0,1,53.60000000,36.70000000,53.60000000,13.40000,53.60000000,work,1->2->3->4->6c,OPTIMAL,53.60000,53.60000,53.600000,0.0,0.001774,0.00000000,0.000000,0,0,0,0.750000,1.000000,0.250000,53.60000000,0.00000000,0.000000,0,0,0,0.750000,1.000000,0.250000,15.24850,15.24850000
EXP-02,exp02_practical_v4_c1_g0_rh25_p02,bfaad61678547e711d82f713906ccccc3bd12ff7913c4b16bd2a7516cc79bcc8,practical_v4,io,c1_g0_rh25,interagent_overhead,bottom_level_fcfs_v1,2,0.25,C1,1.060,gamma0,1,56.01200000,38.35150000,28.00600000,13.40000,38.35150000,critical_path,1->2->3->4->6c,OPTIMAL,38.35150,38.35150,38.351500,0.0,0.004490,0.00000000,0.000000,0.19850,0.19850,1,0.555545,0.732833,0.349400,38.35150000,0.00000000,0.000000,2.1750000,2.1750000,1,0.555545,0.758601,0.349400,-1.92675,-1.92675000
EXP-02,exp02_practical_v4_c1_g0_rh25_p03,a871a22bff70225aaeaf81598e0e67028d35774c61958b492c2e95ca45ea8cad,practical_v4,io,c1_g0_rh25,interagent_overhead,bottom_level_fcfs_v1,3,0.25,C1,1.130,gamma0,1,58.82600000,40.27825000,19.60866666666666666666666667,13.40000,40.27825000,critical_path,1->2->3->4->6c,OPTIMAL,40.27825,40.27825,40.278250,0.0,0.004528,0.00000000,0.000000,0,0,0,0.375935,0.486830,0.332686,40.27825000,0.00000000,0.000000,3.7750000,3.7750000,1,0.375935,0.518071,0.332686,-2.20200,-2.20200000
EXP-02,exp02_practical_v4_c1_g0_rh25_p04,d2b5f9a0f7b2caf91308c51b4244f2602f085c251317bb5f394a1a4aebf92b22,practical_v4,io,c1_g0_rh25,interagent_overhead,bottom_level_fcfs_v1,4,0.25,C1,1.210,gamma0,1,62.04200000,42.48025000,15.51050000,13.40000,42.48025000,critical_path,1->2->3->4->6c,OPTIMAL,42.48025,42.48025,42.480250,0.0,0.004831,0.00000000,0.000000,0,0,0,0.286262,0.365123,0.315441,42.48025000,0.00000000,0.000000,3.7750000,3.7750000,1,0.286262,0.387339,0.315441,-5.22975,-5.22975000
EXP-02,exp02_practical_v4_c1_g0_rh25_p06,bdf576fdd364324c11b91e75d248ea90ea98887ac737b371ebecf601479ec0a6,practical_v4,io,c1_g0_rh25,interagent_overhead,bottom_level_fcfs_v1,6,0.25,C1,1.400,gamma0,1,69.68000000,47.71000000,11.61333333333333333333333333,13.40000,47.71000000,critical_path,1->2->3->4->6c,OPTIMAL,47.71000,47.71000,47.710000,0.0,0.003331,0.00000000,0.000000,0,0,0,0.196604,0.243415,0.280864,47.71000000,0.00000000,0.000000,3.7750000,3.7750000,1,0.196604,0.256602,0.280864,-6.33075,-6.33075000
EXP-02,exp02_practical_v4_c1_g0_rh25_p08,d34c0a231683808cde9c9b033ed3c441070e087b19792b1f0b1ebefbea1f580a,practical_v4,io,c1_g0_rh25,interagent_overhead,bottom_level_fcfs_v1,8,0.25,C1,1.630,gamma0,1,78.92600000,54.04075000,9.86575000,13.40000,54.04075000,critical_path,1->2->3->4->6c,OPTIMAL,54.04075,54.04075,54.040750,0.0,0.003665,0.00000000,0.000000,0,0,0,0.151566,0.182561,0.247961,54.04075000,0.00000000,0.000000,3.7750000,3.7750000,1,0.151566,0.191293,0.247961,-15.96450,-15.96450000
EXP-02,exp02_practical_v4_c1_g0_rh25_p12,9bf4900bd0b648d8e76739f9d7263c08a94bde61ea9beafa6b00f660a9961bd8,practical_v4,io,c1_g0_rh25,interagent_overhead,bottom_level_fcfs_v1,12,0.25,C1,2.210,gamma0,1,102.24200000,70.00525000,8.520166666666666666666666667,13.40000,70.00525000,critical_path,1->2->3->4->6c,OPTIMAL,70.00525,70.00525,70.005250,0.0,0.004050,0.00000000,0.000000,0,0,0,0.105756,0.121708,0.191414,70.00525000,0.00000000,0.000000,3.7750000,3.7750000,1,0.105756,0.126201,0.191414,,
EXP-02,exp02_practical_v4_c0_g1_rh25_p01,9b624f72733bd14a7689f3a8fca74a1360c4dbf512e0a1a088e3e7b6c6ab8e0a,practical_v4,io,c0_g1_rh25,human_switching,bottom_level_fcfs_v1,1,0.25,C0,1,gamma1,1.00,53.6000000,36.7000000,53.6000000,13.4000000,53.6000000,work,1->2->3->4->6c,OPTIMAL,53.60000,53.60000,53.600000,0.0,0.001742,0.0000000,0.000000,0,0,0,0.750000,1.000000,0.250000,53.6000000,0.0000000,0.000000,0,0,0,0.750000,1.000000,0.250000,15.98250,15.9825000
EXP-02,exp02_practical_v4_c0_g1_rh25_p02,a332c1be1e79f7b9b13d2782099bfebdacdf81726946e5c834630f93532213e2,practical_v4,io,c0_g1_rh25,human_switching,bottom_level_fcfs_v1,2,0.25,C0,1,gamma1,1.10,54.9400000,37.6175000,27.4700000,14.7400000,37.6175000,critical_path,1->2->3->4->6c,OPTIMAL,37.61750,37.61750,37.617500,0.0,0.004814,0.0000000,0.000000,0.53125,0.53125,1,0.534326,0.737306,0.391839,37.6175000,0.0000000,0.000000,2.392500,2.392500,1,0.534326,0.762046,0.391839,-0.91750,-0.9175000
EXP-02,exp02_practical_v4_c0_g1_rh25_p03,fc09d37cf7ddb2258baf6f20698e0f8486f9910e9699229c8e6ea51406256f12,practical_v4,io,c0_g1_rh25,human_switching,bottom_level_fcfs_v1,3,0.25,C0,1,gamma1,1.20,56.2800000,38.5350000,18.7600000,16.0800000,38.5350000,critical_path,1->2->3->4->6c,OPTIMAL,38.53500,38.53500,38.535000,0.0,0.004582,0.0000000,0.000000,0,0,0,0.347736,0.486830,0.417283,38.5350000,0.0000000,0.000000,4.530000,4.530000,1,0.347736,0.526015,0.417283,-0.91750,-0.9175000
EXP-02,exp02_practical_v4_c0_g1_rh25_p04,5f8e072016502ded2ce137f8dcd3ec8b4d4c216e21c13fca34b09e58844223d0,practical_v4,io,c0_g1_rh25,human_switching,bottom_level_fcfs_v1,4,0.25,C0,1,gamma1,1.30,57.6200000,39.4525000,14.4050000,17.4200000,39.4525000,critical_path,1->2->3->4->6c,OPTIMAL,39.45250,39.45250,39.452500,0.0,0.004981,0.0000000,0.000000,0.10875,0.10875,1,0.254737,0.365812,0.441544,39.4525000,0.0000000,0.000000,5.0162500,5.0162500,1,0.254737,0.396909,0.441544,-1.83500,-1.9850000
EXP-02,exp02_practical_v4_c0_g1_rh25_p06,70525bcec487889fc6d3cbea88f38c7a99fa1c1e6de12a09a7605620e9478f67,practical_v4,io,c0_g1_rh25,human_switching,bottom_level_fcfs_v1,6,0.25,C0,1,gamma1,1.50,60.3000000,41.2875000,10.0500000,20.1000000,41.2875000,critical_path,1->2->3->4->6c,OPTIMAL,41.28750,41.28750,41.287500,0.0,0.003329,0.0000000,0.000000,1.59375,1.59375,1,0.162277,0.249849,0.486830,41.4375000,0.1500000,0.003633,6.3187500,6.3187500,1,0.161689,0.267949,0.485068,-1.83500,-2.2150000
EXP-02,exp02_practical_v4_c0_g1_rh25_p08,233bd42168034b4ec8b0b8d5e551eeb80a99b1b824e00054203440f8b2a50bb5,practical_v4,io,c0_g1_rh25,human_switching,bottom_level_fcfs_v1,8,0.25,C0,1,gamma1,1.70,62.9800000,43.1225000,7.8725000,22.7800000,43.1225000,critical_path,1->2->3->4->6c,OPTIMAL,43.12250,43.12250,43.122500,0.0,0.003690,0.0000000,0.000000,1.63625,1.63625,1,0.116528,0.187304,0.528263,43.6525000,0.5300000,0.012291,8.0812500,7.7762500,2,0.115114,0.203486,0.521849,-3.67000,-4.4300000
EXP-02,exp02_practical_v4_c0_g1_rh25_p12,a108a219fa55bc20734471667e0e2823f30e3a4538e6df81a3326b8b5b6d2ec6,practical_v4,io,c0_g1_rh25,human_switching,bottom_level_fcfs_v1,12,0.25,C0,1,gamma1,2.10,68.3400000,46.7925000,5.6950000,28.1400000,46.7925000,critical_path,1->2->3->4->6c,OPTIMAL,46.79250,46.79250,46.792500,0.0,0.004115,0.0000000,0.000000,1.72125,1.72125,1,0.071593,0.124773,0.601378,48.0825000,1.2900000,0.027569,11.6062500,10.2412500,2,0.069672,0.138557,0.585244,,
EXP-02,exp02_fork_join_n4_c0_g0_rh10_p01,9873a28c277549dcd69aab55abc4f1f2b93914aa0bf152c6d502ba68f045b457,fork_join_n4,alternating_sync,c0_g0_rh10,human_share,bottom_level_fcfs_v1,1,0.10,C0,1,gamma0,1,60.00,48.00,60.00,6.00,60.00,work,t01->t03->t04,OPTIMAL,60.00000,60.00000,60.000000,0.0,0.001328,0.00000,0.000000,0,0,0,0.900000,1.000000,0.100000,60.00,0.00000,0.000000,0,0,0,0.900000,1.000000,0.100000,12.00000,12.00
EXP-02,exp02_fork_join_n4_c0_g0_rh10_p02,dd14f7aa356faa3b7b569074cdece118059727ee930cfce5bd8de45794514068,fork_join_n4,alternating_sync,c0_g0_rh10,human_share,bottom_level_fcfs_v1,2,0.10,C0,1,gamma0,1,60.00,48.00,30.00,6.00,48.00,critical_path,t01->t03->t04,OPTIMAL,48.00000,48.00000,48.000000,0.0,0.002768,0.00000,0.000000,0,0,0,0.562500,0.625000,0.125000,48.00,0.00000,0.000000,0.45,0.45,1,0.562500,0.629688,0.125000,0.00000,0.00
EXP-02,exp02_fork_join_n4_c0_g0_rh10_p03,0d25eb42fee81995a060cc3fbd2a133698889d9120f8952194f254043b4055f5,fork_join_n4,alternating_sync,c0_g0_rh10,human_share,bottom_level_fcfs_v1,3,0.10,C0,1,gamma0,1,60.00,48.00,20.00,6.00,48.00,critical_path,t01->t03->t04,OPTIMAL,48.00000,48.00000,48.000000,0.0,0.003086,0.00000,0.000000,0,0,0,0.375000,0.416667,0.125000,48.00,0.00000,0.000000,0.45,0.45,1,0.375000,0.419792,0.125000,0.00000,0.00
EXP-02,exp02_fork_join_n4_c0_g0_rh10_p04,130ac14e27f0fb3bda639924b60d699669e9b056cdec5d67d3c0dce041bbbb5a,fork_join_n4,alternating_sync,c0_g0_rh10,human_share,bottom_level_fcfs_v1,4,0.10,C0,1,gamma0,1,60.00,48.00,15.00,6.00,48.00,critical_path,t01->t03->t04,OPTIMAL,48.00000,48.00000,48.000000,0.0,0.002790,0.00000,0.000000,0,0,0,0.281250,0.312500,0.125000,48.00,0.00000,0.000000,0.45,0.45,1,0.281250,0.314844,0.125000,0.00000,0.00
EXP-02,exp02_fork_join_n4_c0_g0_rh10_p06,3519405808f098425ba9aeffc327433268c0388e4038bf914c84b5015dcdf8a3,fork_join_n4,alternating_sync,c0_g0_rh10,human_share,bottom_level_fcfs_v1,6,0.10,C0,1,gamma0,1,60.00,48.00,10.00,6.00,48.00,critical_path,t01->t03->t04,OPTIMAL,48.00000,48.00000,48.000000,0.0,0.002972,0.00000,0.000000,0,0,0,0.187500,0.208333,0.125000,48.00,0.00000,0.000000,0.45,0.45,1,0.187500,0.209896,0.125000,0.00000,0.00
EXP-02,exp02_fork_join_n4_c0_g0_rh10_p08,2c6d977f08f9819e92cdaaacb74a313ce75c066d7c732c289230ac033267bcf9,fork_join_n4,alternating_sync,c0_g0_rh10,human_share,bottom_level_fcfs_v1,8,0.10,C0,1,gamma0,1,60.00,48.00,7.50,6.00,48.00,critical_path,t01->t03->t04,OPTIMAL,48.00000,48.00000,48.000000,0.0,0.003071,0.00000,0.000000,0,0,0,0.140625,0.156250,0.125000,48.00,0.00000,0.000000,0.45,0.45,1,0.140625,0.157422,0.125000,0.00000,0.00
EXP-02,exp02_fork_join_n4_c0_g0_rh10_p12,d768aec5b39de8b3816797c25368a0b25c9514f22616f046c8f802082817d21a,fork_join_n4,alternating_sync,c0_g0_rh10,human_share,bottom_level_fcfs_v1,12,0.10,C0,1,gamma0,1,60.00,48.00,5.00,6.00,48.00,critical_path,t01->t03->t04,OPTIMAL,48.00000,48.00000,48.000000,0.0,0.003421,0.00000,0.000000,0,0,0,0.093750,0.104167,0.125000,48.00,0.00000,0.000000,0.45,0.45,1,0.093750,0.104948,0.125000,,
EXP-02,exp02_fork_join_n4_c0_g0_rh25_p01,4f5ecabcd76fdf57e0461fd3bba7f668ae2201f4b9af08ee683bb6d7519be0c0,fork_join_n4,alternating_sync,c0_g0_rh25,pure_parallelism_and_human_share,bottom_level_fcfs_v1,1,0.25,C0,1,gamma0,1,60.00,48.00,60.00,15.00,60.00,work,t01->t03->t04,OPTIMAL,60.00000,60.00000,60.000000,0.0,0.001319,0.00000,0.000000,0,0,0,0.750000,1.000000,0.250000,60.000,0.00000,0.000000,0,0,0,0.750000,1.000000,0.250000,12.00000,12.000
EXP-02,exp02_fork_join_n4_c0_g0_rh25_p02,e4375547bf6fbfeb6be2c20fd0d44e4eb343c4a4d4246baa25ce66d66a7b3cda,fork_join_n4,alternating_sync,c0_g0_rh25,pure_parallelism_and_human_share,bottom_level_fcfs_v1,2,0.25,C0,1,gamma0,1,60.00,48.00,30.00,15.00,48.00,critical_path,t01->t03->t04,OPTIMAL,48.00000,48.00000,48.000000,0.0,0.002703,0.00000,0.000000,0,0,0,0.468750,0.625000,0.312500,48.000,0.00000,0.000000,1.125,1.125,1,0.468750,0.636719,0.312500,0.00000,0.000
EXP-02,exp02_fork_join_n4_c0_g0_rh25_p03,5d46bc53926fa2d51c4da56c05eaa47b607e3d05266cb1997e0f4e1bd8356a31,fork_join_n4,alternating_sync,c0_g0_rh25,pure_parallelism_and_human_share,bottom_level_fcfs_v1,3,0.25,C0,1,gamma0,1,60.00,48.00,20.00,15.00,48.00,critical_path,t01->t03->t04,OPTIMAL,48.00000,48.00000,48.000000,0.0,0.003060,0.00000,0.000000,0,0,0,0.312500,0.416667,0.312500,48.000,0.00000,0.000000,1.125,1.125,1,0.312500,0.424479,0.312500,0.00000,0.000
EXP-02,exp02_fork_join_n4_c0_g0_rh25_p04,33039204d0781ff38f0315ffd074669922b371b5d34d1735328098f00d956419,fork_join_n4,alternating_sync,c0_g0_rh25,pure_parallelism_and_human_share,bottom_level_fcfs_v1,4,0.25,C0,1,gamma0,1,60.00,48.00,15.00,15.00,48.00,critical_path,t01->t03->t04,OPTIMAL,48.00000,48.00000,48.000000,0.0,0.002795,0.00000,0.000000,0,0,0,0.234375,0.312500,0.312500,48.000,0.00000,0.000000,1.125,1.125,1,0.234375,0.318359,0.312500,0.00000,0.000
EXP-02,exp02_fork_join_n4_c0_g0_rh25_p06,a2fcc448769f4951267f5a6de9eea38e5b9b8338e55b8ce73721ff284a69f994,fork_join_n4,alternating_sync,c0_g0_rh25,pure_parallelism_and_human_share,bottom_level_fcfs_v1,6,0.25,C0,1,gamma0,1,60.00,48.00,10.00,15.00,48.00,critical_path,t01->t03->t04,OPTIMAL,48.00000,48.00000,48.000000,0.0,0.003357,0.00000,0.000000,0,0,0,0.156250,0.208333,0.312500,48.000,0.00000,0.000000,1.125,1.125,1,0.156250,0.212240,0.312500,0.00000,0.000
EXP-02,exp02_fork_join_n4_c0_g0_rh25_p08,ffb808627ca1ce7e6bfc8b2a9c1d9a3193f9218cce01f42d643c3df2d8b207da,fork_join_n4,alternating_sync,c0_g0_rh25,pure_parallelism_and_human_share,bottom_level_fcfs_v1,8,0.25,C0,1,gamma0,1,60.00,48.00,7.50,15.00,48.00,critical_path,t01->t03->t04,OPTIMAL,48.00000,48.00000,48.000000,0.0,0.003171,0.00000,0.000000,0,0,0,0.117188,0.156250,0.312500,48.000,0.00000,0.000000,1.125,1.125,1,0.117188,0.159180,0.312500,0.00000,0.000
EXP-02,exp02_fork_join_n4_c0_g0_rh25_p12,8d8b79b16f9e2881a45b5009300ef3dc54b0882a814891e15f4a33c366aec7f9,fork_join_n4,alternating_sync,c0_g0_rh25,pure_parallelism_and_human_share,bottom_level_fcfs_v1,12,0.25,C0,1,gamma0,1,60.00,48.00,5.00,15.00,48.00,critical_path,t01->t03->t04,OPTIMAL,48.00000,48.00000,48.000000,0.0,0.003375,0.00000,0.000000,0,0,0,0.078125,0.104167,0.312500,48.000,0.00000,0.000000,1.125,1.125,1,0.078125,0.106120,0.312500,,
EXP-02,exp02_fork_join_n4_c0_g0_rh50_p01,35ba119bddd0eb411eb91daba1ff2ee88bc44b7a3e2811d16f3dc80411d191d9,fork_join_n4,alternating_sync,c0_g0_rh50,human_share,bottom_level_fcfs_v1,1,0.50,C0,1,gamma0,1,60.00,48.00,60.00,30.00,60.00,work,t01->t03->t04,OPTIMAL,60.00000,60.00000,60.000000,0.0,0.001374,0.00000,0.000000,0,0,0,0.500000,1.000000,0.500000,60.00,0.00000,0.000000,0,0,0,0.500000,1.000000,0.500000,10.50000,10.50
EXP-02,exp02_fork_join_n4_c0_g0_rh50_p02,450901c269defd0c7083eeaaca5ed68ae4d396d11c8004cd36461fc82dfac370,fork_join_n4,alternating_sync,c0_g0_rh50,human_share,bottom_level_fcfs_v1,2,0.50,C0,1,gamma0,1,60.00,48.00,30.00,30.00,48.00,critical_path,t01->t03->t04,OPTIMAL,49.50000,49.50000,49.500000,0.0,0.004267,1.50000,0.031250,3.75000,3.75000,1,0.303030,0.643939,0.606061,49.50,0.00000,0.000000,7.50,7.50,1,0.303030,0.681818,0.606061,0.00000,0.00
EXP-02,exp02_fork_join_n4_c0_g0_rh50_p03,6155acc721b986d12f8d049a8bac9d84bbe11e24183fa6c5faa53e4a1591bbdf,fork_join_n4,alternating_sync,c0_g0_rh50,human_share,bottom_level_fcfs_v1,3,0.50,C0,1,gamma0,1,60.00,48.00,20.00,30.00,48.00,critical_path,t01->t03->t04,OPTIMAL,49.50000,49.50000,49.500000,0.0,0.342096,1.50000,0.031250,3.75000,3.75000,1,0.202020,0.429293,0.606061,49.50,0.00000,0.000000,7.50,7.50,1,0.202020,0.454545,0.606061,0.00000,0.00
EXP-02,exp02_fork_join_n4_c0_g0_rh50_p04,8faeedf3b77ac1d378bc68a0fa9772e0ebe23b41328940a8c525a521e0b80557,fork_join_n4,alternating_sync,c0_g0_rh50,human_share,bottom_level_fcfs_v1,4,0.50,C0,1,gamma0,1,60.00,48.00,15.00,30.00,48.00,critical_path,t01->t03->t04,OPTIMAL,49.50000,49.50000,49.500000,0.0,0.345862,1.50000,0.031250,3.75000,3.75000,1,0.151515,0.321970,0.606061,49.50,0.00000,0.000000,7.50,7.50,1,0.151515,0.340909,0.606061,0.00000,0.00
EXP-02,exp02_fork_join_n4_c0_g0_rh50_p06,6b2ef5181879ca70217a75c69ba3616ed60f10baeba42688c98ddfc089bacb85,fork_join_n4,alternating_sync,c0_g0_rh50,human_share,bottom_level_fcfs_v1,6,0.50,C0,1,gamma0,1,60.00,48.00,10.00,30.00,48.00,critical_path,t01->t03->t04,OPTIMAL,49.50000,49.50000,49.500000,0.0,0.344814,1.50000,0.031250,3.75000,3.75000,1,0.101010,0.214646,0.606061,49.50,0.00000,0.000000,7.50,7.50,1,0.101010,0.227273,0.606061,0.00000,0.00
EXP-02,exp02_fork_join_n4_c0_g0_rh50_p08,0caaecb67b1cb36c9d752e7c8dd6ecd81bb09211212b5981e27639f68b8d9c8c,fork_join_n4,alternating_sync,c0_g0_rh50,human_share,bottom_level_fcfs_v1,8,0.50,C0,1,gamma0,1,60.00,48.00,7.50,30.00,48.00,critical_path,t01->t03->t04,OPTIMAL,49.50000,49.50000,49.500000,0.0,0.340181,1.50000,0.031250,3.75000,3.75000,1,0.075758,0.160985,0.606061,49.50,0.00000,0.000000,7.50,7.50,1,0.075758,0.170455,0.606061,0.00000,0.00
EXP-02,exp02_fork_join_n4_c0_g0_rh50_p12,6a52b7c55ad4113dd5d4e4b45050643607c80db853990d5176c7bd87fb823a20,fork_join_n4,alternating_sync,c0_g0_rh50,human_share,bottom_level_fcfs_v1,12,0.50,C0,1,gamma0,1,60.00,48.00,5.00,30.00,48.00,critical_path,t01->t03->t04,OPTIMAL,49.50000,49.50000,49.500000,0.0,0.343153,1.50000,0.031250,3.75000,3.75000,1,0.050505,0.107323,0.606061,49.50,0.00000,0.000000,7.50,7.50,1,0.050505,0.113636,0.606061,,
EXP-02,exp02_fork_join_n4_c1_g0_rh25_p01,8f634c1c78315de0b31558dbef27cf90de97d79901f9f36c3466d5d4a6d714a3,fork_join_n4,alternating_sync,c1_g0_rh25,interagent_overhead,bottom_level_fcfs_v1,1,0.25,C1,1.000,gamma0,1,60.00000,48.00000,60.00000,15.00,60.00000,work,t01->t03->t04,OPTIMAL,60.00000,60.00000,60.000000,0.0,0.001561,0.00000,0.000000,0,0,0,0.750000,1.000000,0.250000,60.00000,0.00000,0.000000,0,0,0,0.750000,1.000000,0.250000,9.84000,9.84000
EXP-02,exp02_fork_join_n4_c1_g0_rh25_p02,ea3a1f1edbd516f7b9e568dfc91b8a84b0866bfa03d46349384ec76ef1e070df,fork_join_n4,alternating_sync,c1_g0_rh25,interagent_overhead,bottom_level_fcfs_v1,2,0.25,C1,1.060,gamma0,1,62.70000,50.16000,31.35000,15.00,50.16000,critical_path,t01->t03->t04,OPTIMAL,50.16000,50.16000,50.160000,0.0,0.002888,0.00000,0.000000,0,0,0,0.475478,0.625000,0.299043,50.16000,0.00000,0.000000,1.12500,1.12500,1,0.475478,0.636214,0.299043,-2.52000,-2.52000
EXP-02,exp02_fork_join_n4_c1_g0_rh25_p03,c954ece332b068aa050cad630b67b3e2fdd7d05704ed3c3998c6151f64c0f0cd,fork_join_n4,alternating_sync,c1_g0_rh25,interagent_overhead,bottom_level_fcfs_v1,3,0.25,C1,1.130,gamma0,1,65.85000,52.68000,21.95000,15.00,52.68000,critical_path,t01->t03->t04,OPTIMAL,52.68000,52.68000,52.680000,0.0,0.003092,0.00000,0.000000,0,0,0,0.321754,0.416667,0.284738,52.68000,0.00000,0.000000,1.12500,1.12500,1,0.321754,0.423785,0.284738,-2.88000,-2.88000
EXP-02,exp02_fork_join_n4_c1_g0_rh25_p04,2c6e1db0947f3fd8ee0350817c00c473542235e08f96254287c98d480ffbbcf2,fork_join_n4,alternating_sync,c1_g0_rh25,interagent_overhead,bottom_level_fcfs_v1,4,0.25,C1,1.210,gamma0,1,69.45000,55.56000,17.36250,15.00,55.56000,critical_path,t01->t03->t04,OPTIMAL,55.56000,55.56000,55.560000,0.0,0.002813,0.00000,0.000000,0,0,0,0.245005,0.312500,0.269978,55.56000,0.00000,0.000000,1.12500,1.12500,1,0.245005,0.317562,0.269978,-6.84000,-6.84000
EXP-02,exp02_fork_join_n4_c1_g0_rh25_p06,61ad1a68163e9c2e4054d583524a6d749a52f1e9e6908d5dcfb61b756e59ca0b,fork_join_n4,alternating_sync,c1_g0_rh25,interagent_overhead,bottom_level_fcfs_v1,6,0.25,C1,1.400,gamma0,1,78.00000,62.40000,13.00000,15.00,62.40000,critical_path,t01->t03->t04,OPTIMAL,62.40000,62.40000,62.400000,0.0,0.003008,0.00000,0.000000,0,0,0,0.168269,0.208333,0.240385,62.40000,0.00000,0.000000,1.12500,1.12500,1,0.168269,0.211338,0.240385,-8.28000,-8.28000
EXP-02,exp02_fork_join_n4_c1_g0_rh25_p08,a9bab95965aa97a88ff031a62921a850845ecd934081a7fa7e7b6d39e52e7aa8,fork_join_n4,alternating_sync,c1_g0_rh25,interagent_overhead,bottom_level_fcfs_v1,8,0.25,C1,1.630,gamma0,1,88.35000,70.68000,11.04375,15.00,70.68000,critical_path,t01->t03->t04,OPTIMAL,70.68000,70.68000,70.680000,0.0,0.003234,0.00000,0.000000,0,0,0,0.129722,0.156250,0.212224,70.68000,0.00000,0.000000,1.12500,1.12500,1,0.129722,0.158240,0.212224,-20.88000,-20.88000
EXP-02,exp02_fork_join_n4_c1_g0_rh25_p12,1e6681715b535eae12258a0ddd3f5f1875707fa8409a872cab46854e9eb640fb,fork_join_n4,alternating_sync,c1_g0_rh25,interagent_overhead,bottom_level_fcfs_v1,12,0.25,C1,2.210,gamma0,1,114.45000,91.56000,9.53750,15.00,91.56000,critical_path,t01->t03->t04,OPTIMAL,91.56000,91.56000,91.560000,0.0,0.003363,0.00000,0.000000,0,0,0,0.090514,0.104167,0.163827,91.56000,0.00000,0.000000,1.12500,1.12500,1,0.090514,0.105191,0.163827,,
EXP-02,exp02_fork_join_n4_c0_g1_rh25_p01,0f4d801baffb69761c33d965a1a9fced599360e1844022e78e2eb6a2a640680b,fork_join_n4,alternating_sync,c0_g1_rh25,human_switching,bottom_level_fcfs_v1,1,0.25,C0,1,gamma1,1.00,60.0000,48.0000,60.0000,15.0000,60.0000,work,t01->t03->t04,OPTIMAL,60.00000,60.00000,60.000000,0.0,0.001318,0.00000,0.000000,0,0,0,0.750000,1.000000,0.250000,60.00000,0.00000,0.000000,0,0,0,0.750000,1.000000,0.250000,10.65000,10.65000
EXP-02,exp02_fork_join_n4_c0_g1_rh25_p02,6004ff7c791d24d912e24f587b4304949cf48630a329210e8ac5565b48b6f300,fork_join_n4,alternating_sync,c0_g1_rh25,human_switching,bottom_level_fcfs_v1,2,0.25,C0,1,gamma1,1.10,61.5000,49.2000,30.7500,16.5000,49.2000,critical_path,t01->t03->t04,OPTIMAL,49.35000,49.35000,49.350000,0.0,0.003778,0.15000,0.003049,2.06250,2.06250,1,0.455927,0.643997,0.334347,49.35000,0.00000,0.000000,1.53750,1.53750,1,0.455927,0.638678,0.334347,-1.35000,-1.35000
EXP-02,exp02_fork_join_n4_c0_g1_rh25_p03,a142eaf992d24abbc163e3a65ab2164385039c2ec39527643bb49834deb9492c,fork_join_n4,alternating_sync,c0_g1_rh25,human_switching,bottom_level_fcfs_v1,3,0.25,C0,1,gamma1,1.20,63.0000,50.4000,21.0000,18.0000,50.4000,critical_path,t01->t03->t04,OPTIMAL,50.70000,50.70000,50.700000,0.0,0.003631,0.30000,0.005952,0.30000,0.30000,1,0.295858,0.418146,0.355030,50.70000,0.00000,0.000000,1.95000,1.95000,1,0.295858,0.427022,0.355030,-1.35000,-1.35000
EXP-02,exp02_fork_join_n4_c0_g1_rh25_p04,f7f73fb760a0ec596104b360b5f22fb66a830593e047c1e185e639194a679ffd,fork_join_n4,alternating_sync,c0_g1_rh25,human_switching,bottom_level_fcfs_v1,4,0.25,C0,1,gamma1,1.30,64.5000,51.6000,16.1250,19.5000,51.6000,critical_path,t01->t03->t04,OPTIMAL,52.05000,52.05000,52.050000,0.0,0.003160,0.45000,0.008721,2.43750,2.43750,1,0.216138,0.321506,0.374640,52.05000,0.00000,0.000000,2.36250,2.36250,1,0.216138,0.321146,0.374640,-2.70000,-2.70000
EXP-02,exp02_fork_join_n4_c0_g1_rh25_p06,12ec999fb6fde700a52331bcc7e1788eff432e9e26399c917803bbefeebfe1f9,fork_join_n4,alternating_sync,c0_g1_rh25,human_switching,bottom_level_fcfs_v1,6,0.25,C0,1,gamma1,1.50,67.5000,54.0000,11.2500,22.5000,54.0000,critical_path,t01->t03->t04,OPTIMAL,54.75000,54.75000,54.750000,0.0,0.003417,0.75000,0.013889,2.81250,2.81250,1,0.136986,0.214041,0.410959,54.75000,0.00000,0.000000,3.18750,3.18750,1,0.136986,0.215183,0.410959,-2.70000,-2.70000
EXP-02,exp02_fork_join_n4_c0_g1_rh25_p08,625a2be85a51d59dcc8c81e179291282983e72429c71895e06691020202b5f5e,fork_join_n4,alternating_sync,c0_g1_rh25,human_switching,bottom_level_fcfs_v1,8,0.25,C0,1,gamma1,1.70,70.5000,56.4000,8.8125,25.5000,56.4000,critical_path,t01->t03->t04,OPTIMAL,57.45000,57.45000,57.450000,0.0,0.003480,1.05000,0.018617,3.18750,3.18750,1,0.097911,0.160330,0.443864,57.45000,0.00000,0.000000,4.01250,4.01250,1,0.097911,0.162125,0.443864,-5.32500,-5.32500
EXP-02,exp02_fork_join_n4_c0_g1_rh25_p12,a10c6f5c62e07a059bda97721a6ae4da5f7b1e99550025ba3aba66df69b4e190,fork_join_n4,alternating_sync,c0_g1_rh25,human_switching,bottom_level_fcfs_v1,12,0.25,C0,1,gamma1,2.10,76.5000,61.2000,6.3750,31.5000,61.2000,critical_path,t01->t03->t04,OPTIMAL,62.77500,62.77500,62.775000,0.0,0.309133,1.57500,0.025735,6.86250,6.86250,1,0.059737,0.110663,0.501792,62.77500,0.00000,0.000000,9.22500,9.22500,1,0.059737,0.113799,0.501792,,
