dag_id,task_count,topology_family,weight_type,allocation,phase_profile,P,wall_time_seconds,outcome_recorded
exp08_development_n8_wide_layered_homogeneous_00,8,wide_layered,homogeneous,low,io,8,0.000316958,false
exp08_development_n8_wide_layered_homogeneous_00,8,wide_layered,homogeneous,high,io,8,0.000249708,false
exp08_development_n8_wide_layered_homogeneous_01,8,wide_layered,homogeneous,low,io,8,0.000229667,false
exp08_development_n8_wide_layered_homogeneous_01,8,wide_layered,homogeneous,high,io,8,0.000225792,false
exp08_development_n8_wide_layered_homogeneous_02,8,wide_layered,homogeneous,low,io,8,0.000225416,false
exp08_development_n8_wide_layered_homogeneous_02,8,wide_layered,homogeneous,high,io,8,0.000229292,false
exp08_development_n8_wide_layered_homogeneous_03,8,wide_layered,homogeneous,low,io,8,0.000218084,false
exp08_development_n8_wide_layered_homogeneous_03,8,wide_layered,homogeneous,high,io,8,0.000226208,false
exp08_development_n8_wide_layered_homogeneous_04,8,wide_layered,homogeneous,low,io,8,0.000217541,false
exp08_development_n8_wide_layered_homogeneous_04,8,wide_layered,homogeneous,high,io,8,0.000221958,false
exp08_development_n8_wide_layered_homogeneous_05,8,wide_layered,homogeneous,low,io,8,0.000285792,false
exp08_development_n8_wide_layered_homogeneous_05,8,wide_layered,homogeneous,high,io,8,0.000230584,false
exp08_development_n8_wide_layered_homogeneous_06,8,wide_layered,homogeneous,low,io,8,0.000223166,false
exp08_development_n8_wide_layered_homogeneous_06,8,wide_layered,homogeneous,high,io,8,0.000224833,false
exp08_development_n8_wide_layered_homogeneous_07,8,wide_layered,homogeneous,low,io,8,0.000229625,false
exp08_development_n8_wide_layered_homogeneous_07,8,wide_layered,homogeneous,high,io,8,0.000221542,false
exp08_development_n8_wide_layered_homogeneous_08,8,wide_layered,homogeneous,low,io,8,0.000217542,false
exp08_development_n8_wide_layered_homogeneous_08,8,wide_layered,homogeneous,high,io,8,0.000230042,false
exp08_development_n8_wide_layered_homogeneous_09,8,wide_layered,homogeneous,low,io,8,0.000217375,false
exp08_development_n8_wide_layered_homogeneous_09,8,wide_layered,homogeneous,high,io,8,0.000218833,false
exp08_development_n8_wide_layered_lognormal_00,8,wide_layered,lognormal,low,io,8,0.000222000,false
exp08_development_n8_wide_layered_lognormal_00,8,wide_layered,lognormal,high,io,8,0.000223041,false
exp08_development_n8_wide_layered_lognormal_01,8,wide_layered,lognormal,low,io,8,0.000223166,false
exp08_development_n8_wide_layered_lognormal_01,8,wide_layered,lognormal,high,io,8,0.000219917,false
exp08_development_n8_wide_layered_lognormal_02,8,wide_layered,lognormal,low,io,8,0.000219416,false
exp08_development_n8_wide_layered_lognormal_02,8,wide_layered,lognormal,high,io,8,0.000221667,false
exp08_development_n8_wide_layered_lognormal_03,8,wide_layered,lognormal,low,io,8,0.000222917,false
exp08_development_n8_wide_layered_lognormal_03,8,wide_layered,lognormal,high,io,8,0.000220417,false
exp08_development_n8_wide_layered_lognormal_04,8,wide_layered,lognormal,low,io,8,0.000223000,false
exp08_development_n8_wide_layered_lognormal_04,8,wide_layered,lognormal,high,io,8,0.000222083,false
exp08_development_n8_wide_layered_lognormal_05,8,wide_layered,lognormal,low,io,8,0.000220166,false
exp08_development_n8_wide_layered_lognormal_05,8,wide_layered,lognormal,high,io,8,0.000224208,false
exp08_development_n8_wide_layered_lognormal_06,8,wide_layered,lognormal,low,io,8,0.000231542,false
exp08_development_n8_wide_layered_lognormal_06,8,wide_layered,lognormal,high,io,8,0.000225250,false
exp08_development_n8_wide_layered_lognormal_07,8,wide_layered,lognormal,low,io,8,0.000223000,false
exp08_development_n8_wide_layered_lognormal_07,8,wide_layered,lognormal,high,io,8,0.000228333,false
exp08_development_n8_wide_layered_lognormal_08,8,wide_layered,lognormal,low,io,8,0.000225125,false
exp08_development_n8_wide_layered_lognormal_08,8,wide_layered,lognormal,high,io,8,0.000226500,false
exp08_development_n8_wide_layered_lognormal_09,8,wide_layered,lognormal,low,io,8,0.000334291,false
exp08_development_n8_wide_layered_lognormal_09,8,wide_layered,lognormal,high,io,8,0.000234542,false
exp08_development_n8_mixed_homogeneous_00,8,mixed,homogeneous,low,io,8,0.000232791,false
exp08_development_n8_mixed_homogeneous_00,8,mixed,homogeneous,high,io,8,0.000227958,false
exp08_development_n8_mixed_homogeneous_01,8,mixed,homogeneous,low,io,8,0.000224083,false
exp08_development_n8_mixed_homogeneous_01,8,mixed,homogeneous,high,io,8,0.000224042,false
exp08_development_n8_mixed_homogeneous_02,8,mixed,homogeneous,low,io,8,0.000222166,false
exp08_development_n8_mixed_homogeneous_02,8,mixed,homogeneous,high,io,8,0.000229167,false
exp08_development_n8_mixed_homogeneous_03,8,mixed,homogeneous,low,io,8,0.000225125,false
exp08_development_n8_mixed_homogeneous_03,8,mixed,homogeneous,high,io,8,0.000226875,false
exp08_development_n8_mixed_homogeneous_04,8,mixed,homogeneous,low,io,8,0.000226667,false
exp08_development_n8_mixed_homogeneous_04,8,mixed,homogeneous,high,io,8,0.000226125,false
exp08_development_n8_mixed_homogeneous_05,8,mixed,homogeneous,low,io,8,0.000226083,false
exp08_development_n8_mixed_homogeneous_05,8,mixed,homogeneous,high,io,8,0.000225000,false
exp08_development_n8_mixed_homogeneous_06,8,mixed,homogeneous,low,io,8,0.000224167,false
exp08_development_n8_mixed_homogeneous_06,8,mixed,homogeneous,high,io,8,0.000221916,false
exp08_development_n8_mixed_homogeneous_07,8,mixed,homogeneous,low,io,8,0.000223958,false
exp08_development_n8_mixed_homogeneous_07,8,mixed,homogeneous,high,io,8,0.000229291,false
exp08_development_n8_mixed_homogeneous_08,8,mixed,homogeneous,low,io,8,0.000228083,false
exp08_development_n8_mixed_homogeneous_08,8,mixed,homogeneous,high,io,8,0.000238708,false
exp08_development_n8_mixed_homogeneous_09,8,mixed,homogeneous,low,io,8,0.000224333,false
exp08_development_n8_mixed_homogeneous_09,8,mixed,homogeneous,high,io,8,0.000225417,false
exp08_development_n8_mixed_lognormal_00,8,mixed,lognormal,low,io,8,0.000230500,false
exp08_development_n8_mixed_lognormal_00,8,mixed,lognormal,high,io,8,0.000229166,false
exp08_development_n8_mixed_lognormal_01,8,mixed,lognormal,low,io,8,0.000229208,false
exp08_development_n8_mixed_lognormal_01,8,mixed,lognormal,high,io,8,0.000225708,false
exp08_development_n8_mixed_lognormal_02,8,mixed,lognormal,low,io,8,0.000233333,false
exp08_development_n8_mixed_lognormal_02,8,mixed,lognormal,high,io,8,0.000237625,false
exp08_development_n8_mixed_lognormal_03,8,mixed,lognormal,low,io,8,0.000345833,false
exp08_development_n8_mixed_lognormal_03,8,mixed,lognormal,high,io,8,0.000288958,false
exp08_development_n8_mixed_lognormal_04,8,mixed,lognormal,low,io,8,0.000245084,false
exp08_development_n8_mixed_lognormal_04,8,mixed,lognormal,high,io,8,0.000235750,false
exp08_development_n8_mixed_lognormal_05,8,mixed,lognormal,low,io,8,0.000244709,false
exp08_development_n8_mixed_lognormal_05,8,mixed,lognormal,high,io,8,0.000240834,false
exp08_development_n8_mixed_lognormal_06,8,mixed,lognormal,low,io,8,0.000232667,false
exp08_development_n8_mixed_lognormal_06,8,mixed,lognormal,high,io,8,0.000236375,false
exp08_development_n8_mixed_lognormal_07,8,mixed,lognormal,low,io,8,0.000235750,false
exp08_development_n8_mixed_lognormal_07,8,mixed,lognormal,high,io,8,0.000227542,false
exp08_development_n8_mixed_lognormal_08,8,mixed,lognormal,low,io,8,0.000238042,false
exp08_development_n8_mixed_lognormal_08,8,mixed,lognormal,high,io,8,0.000230917,false
exp08_development_n8_mixed_lognormal_09,8,mixed,lognormal,low,io,8,0.000243917,false
exp08_development_n8_mixed_lognormal_09,8,mixed,lognormal,high,io,8,0.000237333,false
exp08_development_n8_chain_like_homogeneous_00,8,chain_like,homogeneous,low,io,8,0.000228167,false
exp08_development_n8_chain_like_homogeneous_00,8,chain_like,homogeneous,high,io,8,0.000226125,false
exp08_development_n8_chain_like_homogeneous_01,8,chain_like,homogeneous,low,io,8,0.000237750,false
exp08_development_n8_chain_like_homogeneous_01,8,chain_like,homogeneous,high,io,8,0.000230375,false
exp08_development_n8_chain_like_homogeneous_02,8,chain_like,homogeneous,low,io,8,0.000234708,false
exp08_development_n8_chain_like_homogeneous_02,8,chain_like,homogeneous,high,io,8,0.000224667,false
exp08_development_n8_chain_like_homogeneous_03,8,chain_like,homogeneous,low,io,8,0.000237000,false
exp08_development_n8_chain_like_homogeneous_03,8,chain_like,homogeneous,high,io,8,0.000224125,false
exp08_development_n8_chain_like_homogeneous_04,8,chain_like,homogeneous,low,io,8,0.000231792,false
exp08_development_n8_chain_like_homogeneous_04,8,chain_like,homogeneous,high,io,8,0.000228792,false
exp08_development_n8_chain_like_homogeneous_05,8,chain_like,homogeneous,low,io,8,0.000237833,false
exp08_development_n8_chain_like_homogeneous_05,8,chain_like,homogeneous,high,io,8,0.000227208,false
exp08_development_n8_chain_like_homogeneous_06,8,chain_like,homogeneous,low,io,8,0.000223625,false
exp08_development_n8_chain_like_homogeneous_06,8,chain_like,homogeneous,high,io,8,0.000329000,false
exp08_development_n8_chain_like_homogeneous_07,8,chain_like,homogeneous,low,io,8,0.000255750,false
exp08_development_n8_chain_like_homogeneous_07,8,chain_like,homogeneous,high,io,8,0.000248333,false
exp08_development_n8_chain_like_homogeneous_08,8,chain_like,homogeneous,low,io,8,0.000239500,false
exp08_development_n8_chain_like_homogeneous_08,8,chain_like,homogeneous,high,io,8,0.000240583,false
exp08_development_n8_chain_like_homogeneous_09,8,chain_like,homogeneous,low,io,8,0.000271458,false
exp08_development_n8_chain_like_homogeneous_09,8,chain_like,homogeneous,high,io,8,0.000254792,false
exp08_development_n8_chain_like_lognormal_00,8,chain_like,lognormal,low,io,8,0.000270708,false
exp08_development_n8_chain_like_lognormal_00,8,chain_like,lognormal,high,io,8,0.000251750,false
exp08_development_n8_chain_like_lognormal_01,8,chain_like,lognormal,low,io,8,0.000265375,false
exp08_development_n8_chain_like_lognormal_01,8,chain_like,lognormal,high,io,8,0.000261458,false
exp08_development_n8_chain_like_lognormal_02,8,chain_like,lognormal,low,io,8,0.000243125,false
exp08_development_n8_chain_like_lognormal_02,8,chain_like,lognormal,high,io,8,0.000305333,false
exp08_development_n8_chain_like_lognormal_03,8,chain_like,lognormal,low,io,8,0.000241709,false
exp08_development_n8_chain_like_lognormal_03,8,chain_like,lognormal,high,io,8,0.000227333,false
exp08_development_n8_chain_like_lognormal_04,8,chain_like,lognormal,low,io,8,0.000224916,false
exp08_development_n8_chain_like_lognormal_04,8,chain_like,lognormal,high,io,8,0.000227042,false
exp08_development_n8_chain_like_lognormal_05,8,chain_like,lognormal,low,io,8,0.000222292,false
exp08_development_n8_chain_like_lognormal_05,8,chain_like,lognormal,high,io,8,0.000222250,false
exp08_development_n8_chain_like_lognormal_06,8,chain_like,lognormal,low,io,8,0.000228709,false
exp08_development_n8_chain_like_lognormal_06,8,chain_like,lognormal,high,io,8,0.000234709,false
exp08_development_n8_chain_like_lognormal_07,8,chain_like,lognormal,low,io,8,0.000223208,false
exp08_development_n8_chain_like_lognormal_07,8,chain_like,lognormal,high,io,8,0.000227625,false
exp08_development_n8_chain_like_lognormal_08,8,chain_like,lognormal,low,io,8,0.000223625,false
exp08_development_n8_chain_like_lognormal_08,8,chain_like,lognormal,high,io,8,0.000222917,false
exp08_development_n8_chain_like_lognormal_09,8,chain_like,lognormal,low,io,8,0.000223416,false
exp08_development_n8_chain_like_lognormal_09,8,chain_like,lognormal,high,io,8,0.000308750,false
exp08_development_n16_wide_layered_homogeneous_00,16,wide_layered,homogeneous,low,io,8,0.000550166,false
exp08_development_n16_wide_layered_homogeneous_00,16,wide_layered,homogeneous,high,io,8,0.000537292,false
exp08_development_n16_wide_layered_homogeneous_01,16,wide_layered,homogeneous,low,io,8,0.000517167,false
exp08_development_n16_wide_layered_homogeneous_01,16,wide_layered,homogeneous,high,io,8,0.000525708,false
exp08_development_n16_wide_layered_homogeneous_02,16,wide_layered,homogeneous,low,io,8,0.000496875,false
exp08_development_n16_wide_layered_homogeneous_02,16,wide_layered,homogeneous,high,io,8,0.000528208,false
exp08_development_n16_wide_layered_homogeneous_03,16,wide_layered,homogeneous,low,io,8,0.000605750,false
exp08_development_n16_wide_layered_homogeneous_03,16,wide_layered,homogeneous,high,io,8,0.000537042,false
exp08_development_n16_wide_layered_homogeneous_04,16,wide_layered,homogeneous,low,io,8,0.000514917,false
exp08_development_n16_wide_layered_homogeneous_04,16,wide_layered,homogeneous,high,io,8,0.000524917,false
exp08_development_n16_wide_layered_homogeneous_05,16,wide_layered,homogeneous,low,io,8,0.000522375,false
exp08_development_n16_wide_layered_homogeneous_05,16,wide_layered,homogeneous,high,io,8,0.000521750,false
exp08_development_n16_wide_layered_homogeneous_06,16,wide_layered,homogeneous,low,io,8,0.000528459,false
exp08_development_n16_wide_layered_homogeneous_06,16,wide_layered,homogeneous,high,io,8,0.000510917,false
exp08_development_n16_wide_layered_homogeneous_07,16,wide_layered,homogeneous,low,io,8,0.000521083,false
exp08_development_n16_wide_layered_homogeneous_07,16,wide_layered,homogeneous,high,io,8,0.000529458,false
exp08_development_n16_wide_layered_homogeneous_08,16,wide_layered,homogeneous,low,io,8,0.000559417,false
exp08_development_n16_wide_layered_homogeneous_08,16,wide_layered,homogeneous,high,io,8,0.000494250,false
exp08_development_n16_wide_layered_homogeneous_09,16,wide_layered,homogeneous,low,io,8,0.000499125,false
exp08_development_n16_wide_layered_homogeneous_09,16,wide_layered,homogeneous,high,io,8,0.000508250,false
exp08_development_n16_wide_layered_lognormal_00,16,wide_layered,lognormal,low,io,8,0.000498583,false
exp08_development_n16_wide_layered_lognormal_00,16,wide_layered,lognormal,high,io,8,0.000486792,false
exp08_development_n16_wide_layered_lognormal_01,16,wide_layered,lognormal,low,io,8,0.000494958,false
exp08_development_n16_wide_layered_lognormal_01,16,wide_layered,lognormal,high,io,8,0.000486500,false
exp08_development_n16_wide_layered_lognormal_02,16,wide_layered,lognormal,low,io,8,0.000487792,false
exp08_development_n16_wide_layered_lognormal_02,16,wide_layered,lognormal,high,io,8,0.000573875,false
exp08_development_n16_wide_layered_lognormal_03,16,wide_layered,lognormal,low,io,8,0.000576209,false
exp08_development_n16_wide_layered_lognormal_03,16,wide_layered,lognormal,high,io,8,0.000505875,false
exp08_development_n16_wide_layered_lognormal_04,16,wide_layered,lognormal,low,io,8,0.000508625,false
exp08_development_n16_wide_layered_lognormal_04,16,wide_layered,lognormal,high,io,8,0.000502375,false
exp08_development_n16_wide_layered_lognormal_05,16,wide_layered,lognormal,low,io,8,0.000483916,false
exp08_development_n16_wide_layered_lognormal_05,16,wide_layered,lognormal,high,io,8,0.000486375,false
exp08_development_n16_wide_layered_lognormal_06,16,wide_layered,lognormal,low,io,8,0.000494834,false
exp08_development_n16_wide_layered_lognormal_06,16,wide_layered,lognormal,high,io,8,0.000487375,false
exp08_development_n16_wide_layered_lognormal_07,16,wide_layered,lognormal,low,io,8,0.000494292,false
exp08_development_n16_wide_layered_lognormal_07,16,wide_layered,lognormal,high,io,8,0.000487666,false
exp08_development_n16_wide_layered_lognormal_08,16,wide_layered,lognormal,low,io,8,0.000479958,false
exp08_development_n16_wide_layered_lognormal_08,16,wide_layered,lognormal,high,io,8,0.000472541,false
exp08_development_n16_wide_layered_lognormal_09,16,wide_layered,lognormal,low,io,8,0.000513458,false
exp08_development_n16_wide_layered_lognormal_09,16,wide_layered,lognormal,high,io,8,0.000492916,false
exp08_development_n16_mixed_homogeneous_00,16,mixed,homogeneous,low,io,8,0.000466375,false
exp08_development_n16_mixed_homogeneous_00,16,mixed,homogeneous,high,io,8,0.000459250,false
exp08_development_n16_mixed_homogeneous_01,16,mixed,homogeneous,low,io,8,0.000466709,false
exp08_development_n16_mixed_homogeneous_01,16,mixed,homogeneous,high,io,8,0.000482541,false
exp08_development_n16_mixed_homogeneous_02,16,mixed,homogeneous,low,io,8,0.000468958,false
exp08_development_n16_mixed_homogeneous_02,16,mixed,homogeneous,high,io,8,0.000463875,false
exp08_development_n16_mixed_homogeneous_03,16,mixed,homogeneous,low,io,8,0.000471291,false
exp08_development_n16_mixed_homogeneous_03,16,mixed,homogeneous,high,io,8,0.000456916,false
exp08_development_n16_mixed_homogeneous_04,16,mixed,homogeneous,low,io,8,0.000471959,false
exp08_development_n16_mixed_homogeneous_04,16,mixed,homogeneous,high,io,8,0.000454584,false
exp08_development_n16_mixed_homogeneous_05,16,mixed,homogeneous,low,io,8,0.000461166,false
exp08_development_n16_mixed_homogeneous_05,16,mixed,homogeneous,high,io,8,0.000457084,false
exp08_development_n16_mixed_homogeneous_06,16,mixed,homogeneous,low,io,8,0.000548541,false
exp08_development_n16_mixed_homogeneous_06,16,mixed,homogeneous,high,io,8,0.000530167,false
exp08_development_n16_mixed_homogeneous_07,16,mixed,homogeneous,low,io,8,0.000501708,false
exp08_development_n16_mixed_homogeneous_07,16,mixed,homogeneous,high,io,8,0.000559292,false
exp08_development_n16_mixed_homogeneous_08,16,mixed,homogeneous,low,io,8,0.000478375,false
exp08_development_n16_mixed_homogeneous_08,16,mixed,homogeneous,high,io,8,0.000460917,false
exp08_development_n16_mixed_homogeneous_09,16,mixed,homogeneous,low,io,8,0.000457750,false
exp08_development_n16_mixed_homogeneous_09,16,mixed,homogeneous,high,io,8,0.000477792,false
exp08_development_n16_mixed_lognormal_00,16,mixed,lognormal,low,io,8,0.000496917,false
exp08_development_n16_mixed_lognormal_00,16,mixed,lognormal,high,io,8,0.000477125,false
exp08_development_n16_mixed_lognormal_01,16,mixed,lognormal,low,io,8,0.000471208,false
exp08_development_n16_mixed_lognormal_01,16,mixed,lognormal,high,io,8,0.000475584,false
exp08_development_n16_mixed_lognormal_02,16,mixed,lognormal,low,io,8,0.000462166,false
exp08_development_n16_mixed_lognormal_02,16,mixed,lognormal,high,io,8,0.000464541,false
exp08_development_n16_mixed_lognormal_03,16,mixed,lognormal,low,io,8,0.000611084,false
exp08_development_n16_mixed_lognormal_03,16,mixed,lognormal,high,io,8,0.000567417,false
exp08_development_n16_mixed_lognormal_04,16,mixed,lognormal,low,io,8,0.000498875,false
exp08_development_n16_mixed_lognormal_04,16,mixed,lognormal,high,io,8,0.000484625,false
exp08_development_n16_mixed_lognormal_05,16,mixed,lognormal,low,io,8,0.000480916,false
exp08_development_n16_mixed_lognormal_05,16,mixed,lognormal,high,io,8,0.000485750,false
exp08_development_n16_mixed_lognormal_06,16,mixed,lognormal,low,io,8,0.000478917,false
exp08_development_n16_mixed_lognormal_06,16,mixed,lognormal,high,io,8,0.000473792,false
exp08_development_n16_mixed_lognormal_07,16,mixed,lognormal,low,io,8,0.000473584,false
exp08_development_n16_mixed_lognormal_07,16,mixed,lognormal,high,io,8,0.000468667,false
exp08_development_n16_mixed_lognormal_08,16,mixed,lognormal,low,io,8,0.000474917,false
exp08_development_n16_mixed_lognormal_08,16,mixed,lognormal,high,io,8,0.000468584,false
exp08_development_n16_mixed_lognormal_09,16,mixed,lognormal,low,io,8,0.000626666,false
exp08_development_n16_mixed_lognormal_09,16,mixed,lognormal,high,io,8,0.000578375,false
exp08_development_n16_chain_like_homogeneous_00,16,chain_like,homogeneous,low,io,8,0.000500459,false
exp08_development_n16_chain_like_homogeneous_00,16,chain_like,homogeneous,high,io,8,0.000489458,false
exp08_development_n16_chain_like_homogeneous_01,16,chain_like,homogeneous,low,io,8,0.000478583,false
exp08_development_n16_chain_like_homogeneous_01,16,chain_like,homogeneous,high,io,8,0.000589166,false
exp08_development_n16_chain_like_homogeneous_02,16,chain_like,homogeneous,low,io,8,0.000476250,false
exp08_development_n16_chain_like_homogeneous_02,16,chain_like,homogeneous,high,io,8,0.000466875,false
exp08_development_n16_chain_like_homogeneous_03,16,chain_like,homogeneous,low,io,8,0.000458833,false
exp08_development_n16_chain_like_homogeneous_03,16,chain_like,homogeneous,high,io,8,0.000454208,false
exp08_development_n16_chain_like_homogeneous_04,16,chain_like,homogeneous,low,io,8,0.000455625,false
exp08_development_n16_chain_like_homogeneous_04,16,chain_like,homogeneous,high,io,8,0.000456833,false
exp08_development_n16_chain_like_homogeneous_05,16,chain_like,homogeneous,low,io,8,0.000472208,false
exp08_development_n16_chain_like_homogeneous_05,16,chain_like,homogeneous,high,io,8,0.000462791,false
exp08_development_n16_chain_like_homogeneous_06,16,chain_like,homogeneous,low,io,8,0.000469917,false
exp08_development_n16_chain_like_homogeneous_06,16,chain_like,homogeneous,high,io,8,0.000524583,false
exp08_development_n16_chain_like_homogeneous_07,16,chain_like,homogeneous,low,io,8,0.000469667,false
exp08_development_n16_chain_like_homogeneous_07,16,chain_like,homogeneous,high,io,8,0.000464333,false
exp08_development_n16_chain_like_homogeneous_08,16,chain_like,homogeneous,low,io,8,0.000459875,false
exp08_development_n16_chain_like_homogeneous_08,16,chain_like,homogeneous,high,io,8,0.000473958,false
exp08_development_n16_chain_like_homogeneous_09,16,chain_like,homogeneous,low,io,8,0.000468000,false
exp08_development_n16_chain_like_homogeneous_09,16,chain_like,homogeneous,high,io,8,0.000460458,false
exp08_development_n16_chain_like_lognormal_00,16,chain_like,lognormal,low,io,8,0.000482542,false
exp08_development_n16_chain_like_lognormal_00,16,chain_like,lognormal,high,io,8,0.000480375,false
exp08_development_n16_chain_like_lognormal_01,16,chain_like,lognormal,low,io,8,0.000482167,false
exp08_development_n16_chain_like_lognormal_01,16,chain_like,lognormal,high,io,8,0.000479417,false
exp08_development_n16_chain_like_lognormal_02,16,chain_like,lognormal,low,io,8,0.000473959,false
exp08_development_n16_chain_like_lognormal_02,16,chain_like,lognormal,high,io,8,0.000457125,false
exp08_development_n16_chain_like_lognormal_03,16,chain_like,lognormal,low,io,8,0.000456792,false
exp08_development_n16_chain_like_lognormal_03,16,chain_like,lognormal,high,io,8,0.000613250,false
exp08_development_n16_chain_like_lognormal_04,16,chain_like,lognormal,low,io,8,0.000507708,false
exp08_development_n16_chain_like_lognormal_04,16,chain_like,lognormal,high,io,8,0.000531958,false
exp08_development_n16_chain_like_lognormal_05,16,chain_like,lognormal,low,io,8,0.000494250,false
exp08_development_n16_chain_like_lognormal_05,16,chain_like,lognormal,high,io,8,0.000491334,false
exp08_development_n16_chain_like_lognormal_06,16,chain_like,lognormal,low,io,8,0.000480417,false
exp08_development_n16_chain_like_lognormal_06,16,chain_like,lognormal,high,io,8,0.000519917,false
exp08_development_n16_chain_like_lognormal_07,16,chain_like,lognormal,low,io,8,0.000486792,false
exp08_development_n16_chain_like_lognormal_07,16,chain_like,lognormal,high,io,8,0.000451375,false
exp08_development_n16_chain_like_lognormal_08,16,chain_like,lognormal,low,io,8,0.000452667,false
exp08_development_n16_chain_like_lognormal_08,16,chain_like,lognormal,high,io,8,0.000462458,false
exp08_development_n16_chain_like_lognormal_09,16,chain_like,lognormal,low,io,8,0.000450542,false
exp08_development_n16_chain_like_lognormal_09,16,chain_like,lognormal,high,io,8,0.000448958,false
exp08_development_n32_wide_layered_homogeneous_00,32,wide_layered,homogeneous,low,io,8,0.001089666,false
exp08_development_n32_wide_layered_homogeneous_00,32,wide_layered,homogeneous,high,io,8,0.001093000,false
exp08_development_n32_wide_layered_homogeneous_01,32,wide_layered,homogeneous,low,io,8,0.001079500,false
exp08_development_n32_wide_layered_homogeneous_01,32,wide_layered,homogeneous,high,io,8,0.001084625,false
exp08_development_n32_wide_layered_homogeneous_02,32,wide_layered,homogeneous,low,io,8,0.001041250,false
exp08_development_n32_wide_layered_homogeneous_02,32,wide_layered,homogeneous,high,io,8,0.001083958,false
exp08_development_n32_wide_layered_homogeneous_03,32,wide_layered,homogeneous,low,io,8,0.001252625,false
exp08_development_n32_wide_layered_homogeneous_03,32,wide_layered,homogeneous,high,io,8,0.001184208,false
exp08_development_n32_wide_layered_homogeneous_04,32,wide_layered,homogeneous,low,io,8,0.001099417,false
exp08_development_n32_wide_layered_homogeneous_04,32,wide_layered,homogeneous,high,io,8,0.001108042,false
exp08_development_n32_wide_layered_homogeneous_05,32,wide_layered,homogeneous,low,io,8,0.001086166,false
exp08_development_n32_wide_layered_homogeneous_05,32,wide_layered,homogeneous,high,io,8,0.001098166,false
exp08_development_n32_wide_layered_homogeneous_06,32,wide_layered,homogeneous,low,io,8,0.001190125,false
exp08_development_n32_wide_layered_homogeneous_06,32,wide_layered,homogeneous,high,io,8,0.001073458,false
exp08_development_n32_wide_layered_homogeneous_07,32,wide_layered,homogeneous,low,io,8,0.001101542,false
exp08_development_n32_wide_layered_homogeneous_07,32,wide_layered,homogeneous,high,io,8,0.001094167,false
exp08_development_n32_wide_layered_homogeneous_08,32,wide_layered,homogeneous,low,io,8,0.001061750,false
exp08_development_n32_wide_layered_homogeneous_08,32,wide_layered,homogeneous,high,io,8,0.001100292,false
exp08_development_n32_wide_layered_homogeneous_09,32,wide_layered,homogeneous,low,io,8,0.001041542,false
exp08_development_n32_wide_layered_homogeneous_09,32,wide_layered,homogeneous,high,io,8,0.001251958,false
exp08_development_n32_wide_layered_lognormal_00,32,wide_layered,lognormal,low,io,8,0.001158708,false
exp08_development_n32_wide_layered_lognormal_00,32,wide_layered,lognormal,high,io,8,0.001204917,false
exp08_development_n32_wide_layered_lognormal_01,32,wide_layered,lognormal,low,io,8,0.001152459,false
exp08_development_n32_wide_layered_lognormal_01,32,wide_layered,lognormal,high,io,8,0.001114542,false
exp08_development_n32_wide_layered_lognormal_02,32,wide_layered,lognormal,low,io,8,0.001078584,false
exp08_development_n32_wide_layered_lognormal_02,32,wide_layered,lognormal,high,io,8,0.001247792,false
exp08_development_n32_wide_layered_lognormal_03,32,wide_layered,lognormal,low,io,8,0.001174750,false
exp08_development_n32_wide_layered_lognormal_03,32,wide_layered,lognormal,high,io,8,0.001187666,false
exp08_development_n32_wide_layered_lognormal_04,32,wide_layered,lognormal,low,io,8,0.001126958,false
exp08_development_n32_wide_layered_lognormal_04,32,wide_layered,lognormal,high,io,8,0.001115291,false
exp08_development_n32_wide_layered_lognormal_05,32,wide_layered,lognormal,low,io,8,0.001098541,false
exp08_development_n32_wide_layered_lognormal_05,32,wide_layered,lognormal,high,io,8,0.001235708,false
exp08_development_n32_wide_layered_lognormal_06,32,wide_layered,lognormal,low,io,8,0.001091000,false
exp08_development_n32_wide_layered_lognormal_06,32,wide_layered,lognormal,high,io,8,0.001079416,false
exp08_development_n32_wide_layered_lognormal_07,32,wide_layered,lognormal,low,io,8,0.001094000,false
exp08_development_n32_wide_layered_lognormal_07,32,wide_layered,lognormal,high,io,8,0.001087125,false
exp08_development_n32_wide_layered_lognormal_08,32,wide_layered,lognormal,low,io,8,0.001120667,false
exp08_development_n32_wide_layered_lognormal_08,32,wide_layered,lognormal,high,io,8,0.001268417,false
exp08_development_n32_wide_layered_lognormal_09,32,wide_layered,lognormal,low,io,8,0.001138625,false
exp08_development_n32_wide_layered_lognormal_09,32,wide_layered,lognormal,high,io,8,0.001109625,false
exp08_development_n32_mixed_homogeneous_00,32,mixed,homogeneous,low,io,8,0.001056458,false
exp08_development_n32_mixed_homogeneous_00,32,mixed,homogeneous,high,io,8,0.001053792,false
exp08_development_n32_mixed_homogeneous_01,32,mixed,homogeneous,low,io,8,0.001126875,false
exp08_development_n32_mixed_homogeneous_01,32,mixed,homogeneous,high,io,8,0.001302417,false
exp08_development_n32_mixed_homogeneous_02,32,mixed,homogeneous,low,io,8,0.001149959,false
exp08_development_n32_mixed_homogeneous_02,32,mixed,homogeneous,high,io,8,0.001062750,false
exp08_development_n32_mixed_homogeneous_03,32,mixed,homogeneous,low,io,8,0.001091291,false
exp08_development_n32_mixed_homogeneous_03,32,mixed,homogeneous,high,io,8,0.001073125,false
exp08_development_n32_mixed_homogeneous_04,32,mixed,homogeneous,low,io,8,0.001155167,false
exp08_development_n32_mixed_homogeneous_04,32,mixed,homogeneous,high,io,8,0.001229583,false
exp08_development_n32_mixed_homogeneous_05,32,mixed,homogeneous,low,io,8,0.001128125,false
exp08_development_n32_mixed_homogeneous_05,32,mixed,homogeneous,high,io,8,0.001094208,false
exp08_development_n32_mixed_homogeneous_06,32,mixed,homogeneous,low,io,8,0.001078875,false
exp08_development_n32_mixed_homogeneous_06,32,mixed,homogeneous,high,io,8,0.001069084,false
exp08_development_n32_mixed_homogeneous_07,32,mixed,homogeneous,low,io,8,0.001092292,false
exp08_development_n32_mixed_homogeneous_07,32,mixed,homogeneous,high,io,8,0.001190166,false
exp08_development_n32_mixed_homogeneous_08,32,mixed,homogeneous,low,io,8,0.001110459,false
exp08_development_n32_mixed_homogeneous_08,32,mixed,homogeneous,high,io,8,0.001068416,false
exp08_development_n32_mixed_homogeneous_09,32,mixed,homogeneous,low,io,8,0.001056583,false
exp08_development_n32_mixed_homogeneous_09,32,mixed,homogeneous,high,io,8,0.001036083,false
exp08_development_n32_mixed_lognormal_00,32,mixed,lognormal,low,io,8,0.001099750,false
exp08_development_n32_mixed_lognormal_00,32,mixed,lognormal,high,io,8,0.001093291,false
exp08_development_n32_mixed_lognormal_01,32,mixed,lognormal,low,io,8,0.001250625,false
exp08_development_n32_mixed_lognormal_01,32,mixed,lognormal,high,io,8,0.001190542,false
exp08_development_n32_mixed_lognormal_02,32,mixed,lognormal,low,io,8,0.001088333,false
exp08_development_n32_mixed_lognormal_02,32,mixed,lognormal,high,io,8,0.001136459,false
exp08_development_n32_mixed_lognormal_03,32,mixed,lognormal,low,io,8,0.001151666,false
exp08_development_n32_mixed_lognormal_03,32,mixed,lognormal,high,io,8,0.001111541,false
exp08_development_n32_mixed_lognormal_04,32,mixed,lognormal,low,io,8,0.001131083,false
exp08_development_n32_mixed_lognormal_04,32,mixed,lognormal,high,io,8,0.001068834,false
exp08_development_n32_mixed_lognormal_05,32,mixed,lognormal,low,io,8,0.001102000,false
exp08_development_n32_mixed_lognormal_05,32,mixed,lognormal,high,io,8,0.001111666,false
exp08_development_n32_mixed_lognormal_06,32,mixed,lognormal,low,io,8,0.001089458,false
exp08_development_n32_mixed_lognormal_06,32,mixed,lognormal,high,io,8,0.001119000,false
exp08_development_n32_mixed_lognormal_07,32,mixed,lognormal,low,io,8,0.001259584,false
exp08_development_n32_mixed_lognormal_07,32,mixed,lognormal,high,io,8,0.001102916,false
exp08_development_n32_mixed_lognormal_08,32,mixed,lognormal,low,io,8,0.001087959,false
exp08_development_n32_mixed_lognormal_08,32,mixed,lognormal,high,io,8,0.001089625,false
exp08_development_n32_mixed_lognormal_09,32,mixed,lognormal,low,io,8,0.001093208,false
exp08_development_n32_mixed_lognormal_09,32,mixed,lognormal,high,io,8,0.001083708,false
exp08_development_n32_chain_like_homogeneous_00,32,chain_like,homogeneous,low,io,8,0.001224000,false
exp08_development_n32_chain_like_homogeneous_00,32,chain_like,homogeneous,high,io,8,0.001122167,false
exp08_development_n32_chain_like_homogeneous_01,32,chain_like,homogeneous,low,io,8,0.001039083,false
exp08_development_n32_chain_like_homogeneous_01,32,chain_like,homogeneous,high,io,8,0.001021458,false
exp08_development_n32_chain_like_homogeneous_02,32,chain_like,homogeneous,low,io,8,0.001010417,false
exp08_development_n32_chain_like_homogeneous_02,32,chain_like,homogeneous,high,io,8,0.001009417,false
exp08_development_n32_chain_like_homogeneous_03,32,chain_like,homogeneous,low,io,8,0.001021166,false
exp08_development_n32_chain_like_homogeneous_03,32,chain_like,homogeneous,high,io,8,0.001216250,false
exp08_development_n32_chain_like_homogeneous_04,32,chain_like,homogeneous,low,io,8,0.001101000,false
exp08_development_n32_chain_like_homogeneous_04,32,chain_like,homogeneous,high,io,8,0.001241333,false
exp08_development_n32_chain_like_homogeneous_05,32,chain_like,homogeneous,low,io,8,0.001084500,false
exp08_development_n32_chain_like_homogeneous_05,32,chain_like,homogeneous,high,io,8,0.001051208,false
exp08_development_n32_chain_like_homogeneous_06,32,chain_like,homogeneous,low,io,8,0.001127875,false
exp08_development_n32_chain_like_homogeneous_06,32,chain_like,homogeneous,high,io,8,0.001171958,false
exp08_development_n32_chain_like_homogeneous_07,32,chain_like,homogeneous,low,io,8,0.001113000,false
exp08_development_n32_chain_like_homogeneous_07,32,chain_like,homogeneous,high,io,8,0.001070291,false
exp08_development_n32_chain_like_homogeneous_08,32,chain_like,homogeneous,low,io,8,0.001076000,false
exp08_development_n32_chain_like_homogeneous_08,32,chain_like,homogeneous,high,io,8,0.001069833,false
exp08_development_n32_chain_like_homogeneous_09,32,chain_like,homogeneous,low,io,8,0.001067667,false
exp08_development_n32_chain_like_homogeneous_09,32,chain_like,homogeneous,high,io,8,0.001261834,false
exp08_development_n32_chain_like_lognormal_00,32,chain_like,lognormal,low,io,8,0.001106541,false
exp08_development_n32_chain_like_lognormal_00,32,chain_like,lognormal,high,io,8,0.001088125,false
exp08_development_n32_chain_like_lognormal_01,32,chain_like,lognormal,low,io,8,0.001131166,false
exp08_development_n32_chain_like_lognormal_01,32,chain_like,lognormal,high,io,8,0.001081750,false
exp08_development_n32_chain_like_lognormal_02,32,chain_like,lognormal,low,io,8,0.001136250,false
exp08_development_n32_chain_like_lognormal_02,32,chain_like,lognormal,high,io,8,0.001091916,false
exp08_development_n32_chain_like_lognormal_03,32,chain_like,lognormal,low,io,8,0.001089583,false
exp08_development_n32_chain_like_lognormal_03,32,chain_like,lognormal,high,io,8,0.001093542,false
exp08_development_n32_chain_like_lognormal_04,32,chain_like,lognormal,low,io,8,0.001057084,false
exp08_development_n32_chain_like_lognormal_04,32,chain_like,lognormal,high,io,8,0.001055208,false
exp08_development_n32_chain_like_lognormal_05,32,chain_like,lognormal,low,io,8,0.001045625,false
exp08_development_n32_chain_like_lognormal_05,32,chain_like,lognormal,high,io,8,0.001208125,false
exp08_development_n32_chain_like_lognormal_06,32,chain_like,lognormal,low,io,8,0.001179250,false
exp08_development_n32_chain_like_lognormal_06,32,chain_like,lognormal,high,io,8,0.001238208,false
exp08_development_n32_chain_like_lognormal_07,32,chain_like,lognormal,low,io,8,0.001040208,false
exp08_development_n32_chain_like_lognormal_07,32,chain_like,lognormal,high,io,8,0.001025000,false
exp08_development_n32_chain_like_lognormal_08,32,chain_like,lognormal,low,io,8,0.001034875,false
exp08_development_n32_chain_like_lognormal_08,32,chain_like,lognormal,high,io,8,0.001044333,false
exp08_development_n32_chain_like_lognormal_09,32,chain_like,lognormal,low,io,8,0.001039083,false
exp08_development_n32_chain_like_lognormal_09,32,chain_like,lognormal,high,io,8,0.001048625,false
exp08_development_n64_wide_layered_homogeneous_00,64,wide_layered,homogeneous,low,io,8,0.002819250,false
exp08_development_n64_wide_layered_homogeneous_00,64,wide_layered,homogeneous,high,io,8,0.003030958,false
exp08_development_n64_wide_layered_homogeneous_01,64,wide_layered,homogeneous,low,io,8,0.002895875,false
exp08_development_n64_wide_layered_homogeneous_01,64,wide_layered,homogeneous,high,io,8,0.002909792,false
exp08_development_n64_wide_layered_homogeneous_02,64,wide_layered,homogeneous,low,io,8,0.003011042,false
exp08_development_n64_wide_layered_homogeneous_02,64,wide_layered,homogeneous,high,io,8,0.002720250,false
exp08_development_n64_wide_layered_homogeneous_03,64,wide_layered,homogeneous,low,io,8,0.002758500,false
exp08_development_n64_wide_layered_homogeneous_03,64,wide_layered,homogeneous,high,io,8,0.002781666,false
exp08_development_n64_wide_layered_homogeneous_04,64,wide_layered,homogeneous,low,io,8,0.002732208,false
exp08_development_n64_wide_layered_homogeneous_04,64,wide_layered,homogeneous,high,io,8,0.002832417,false
exp08_development_n64_wide_layered_homogeneous_05,64,wide_layered,homogeneous,low,io,8,0.002794375,false
exp08_development_n64_wide_layered_homogeneous_05,64,wide_layered,homogeneous,high,io,8,0.002771459,false
exp08_development_n64_wide_layered_homogeneous_06,64,wide_layered,homogeneous,low,io,8,0.002684917,false
exp08_development_n64_wide_layered_homogeneous_06,64,wide_layered,homogeneous,high,io,8,0.002710709,false
exp08_development_n64_wide_layered_homogeneous_07,64,wide_layered,homogeneous,low,io,8,0.002599750,false
exp08_development_n64_wide_layered_homogeneous_07,64,wide_layered,homogeneous,high,io,8,0.002693292,false
exp08_development_n64_wide_layered_homogeneous_08,64,wide_layered,homogeneous,low,io,8,0.002660792,false
exp08_development_n64_wide_layered_homogeneous_08,64,wide_layered,homogeneous,high,io,8,0.002925042,false
exp08_development_n64_wide_layered_homogeneous_09,64,wide_layered,homogeneous,low,io,8,0.002954458,false
exp08_development_n64_wide_layered_homogeneous_09,64,wide_layered,homogeneous,high,io,8,0.002646666,false
exp08_development_n64_wide_layered_lognormal_00,64,wide_layered,lognormal,low,io,8,0.003211709,false
exp08_development_n64_wide_layered_lognormal_00,64,wide_layered,lognormal,high,io,8,0.002736375,false
exp08_development_n64_wide_layered_lognormal_01,64,wide_layered,lognormal,low,io,8,0.002873042,false
exp08_development_n64_wide_layered_lognormal_01,64,wide_layered,lognormal,high,io,8,0.002855375,false
exp08_development_n64_wide_layered_lognormal_02,64,wide_layered,lognormal,low,io,8,0.002728625,false
exp08_development_n64_wide_layered_lognormal_02,64,wide_layered,lognormal,high,io,8,0.002837125,false
exp08_development_n64_wide_layered_lognormal_03,64,wide_layered,lognormal,low,io,8,0.002746917,false
exp08_development_n64_wide_layered_lognormal_03,64,wide_layered,lognormal,high,io,8,0.002718500,false
exp08_development_n64_wide_layered_lognormal_04,64,wide_layered,lognormal,low,io,8,0.003094666,false
exp08_development_n64_wide_layered_lognormal_04,64,wide_layered,lognormal,high,io,8,0.002750625,false
exp08_development_n64_wide_layered_lognormal_05,64,wide_layered,lognormal,low,io,8,0.002964667,false
exp08_development_n64_wide_layered_lognormal_05,64,wide_layered,lognormal,high,io,8,0.003012709,false
exp08_development_n64_wide_layered_lognormal_06,64,wide_layered,lognormal,low,io,8,0.002900584,false
exp08_development_n64_wide_layered_lognormal_06,64,wide_layered,lognormal,high,io,8,0.002930292,false
exp08_development_n64_wide_layered_lognormal_07,64,wide_layered,lognormal,low,io,8,0.002809500,false
exp08_development_n64_wide_layered_lognormal_07,64,wide_layered,lognormal,high,io,8,0.002715000,false
exp08_development_n64_wide_layered_lognormal_08,64,wide_layered,lognormal,low,io,8,0.002870459,false
exp08_development_n64_wide_layered_lognormal_08,64,wide_layered,lognormal,high,io,8,0.002774334,false
exp08_development_n64_wide_layered_lognormal_09,64,wide_layered,lognormal,low,io,8,0.002771167,false
exp08_development_n64_wide_layered_lognormal_09,64,wide_layered,lognormal,high,io,8,0.003060375,false
exp08_development_n64_mixed_homogeneous_00,64,mixed,homogeneous,low,io,8,0.003128959,false
exp08_development_n64_mixed_homogeneous_00,64,mixed,homogeneous,high,io,8,0.003173833,false
exp08_development_n64_mixed_homogeneous_01,64,mixed,homogeneous,low,io,8,0.002990000,false
exp08_development_n64_mixed_homogeneous_01,64,mixed,homogeneous,high,io,8,0.002806292,false
exp08_development_n64_mixed_homogeneous_02,64,mixed,homogeneous,low,io,8,0.003227250,false
exp08_development_n64_mixed_homogeneous_02,64,mixed,homogeneous,high,io,8,0.002883500,false
exp08_development_n64_mixed_homogeneous_03,64,mixed,homogeneous,low,io,8,0.003252125,false
exp08_development_n64_mixed_homogeneous_03,64,mixed,homogeneous,high,io,8,0.002804625,false
exp08_development_n64_mixed_homogeneous_04,64,mixed,homogeneous,low,io,8,0.003234792,false
exp08_development_n64_mixed_homogeneous_04,64,mixed,homogeneous,high,io,8,0.002892125,false
exp08_development_n64_mixed_homogeneous_05,64,mixed,homogeneous,low,io,8,0.002874541,false
exp08_development_n64_mixed_homogeneous_05,64,mixed,homogeneous,high,io,8,0.003155375,false
exp08_development_n64_mixed_homogeneous_06,64,mixed,homogeneous,low,io,8,0.002824208,false
exp08_development_n64_mixed_homogeneous_06,64,mixed,homogeneous,high,io,8,0.002803792,false
exp08_development_n64_mixed_homogeneous_07,64,mixed,homogeneous,low,io,8,0.003141667,false
exp08_development_n64_mixed_homogeneous_07,64,mixed,homogeneous,high,io,8,0.003132834,false
exp08_development_n64_mixed_homogeneous_08,64,mixed,homogeneous,low,io,8,0.002921875,false
exp08_development_n64_mixed_homogeneous_08,64,mixed,homogeneous,high,io,8,0.002794334,false
exp08_development_n64_mixed_homogeneous_09,64,mixed,homogeneous,low,io,8,0.002989041,false
exp08_development_n64_mixed_homogeneous_09,64,mixed,homogeneous,high,io,8,0.003193625,false
exp08_development_n64_mixed_lognormal_00,64,mixed,lognormal,low,io,8,0.002934542,false
exp08_development_n64_mixed_lognormal_00,64,mixed,lognormal,high,io,8,0.003187042,false
exp08_development_n64_mixed_lognormal_01,64,mixed,lognormal,low,io,8,0.002999917,false
exp08_development_n64_mixed_lognormal_01,64,mixed,lognormal,high,io,8,0.003065458,false
exp08_development_n64_mixed_lognormal_02,64,mixed,lognormal,low,io,8,0.003096916,false
exp08_development_n64_mixed_lognormal_02,64,mixed,lognormal,high,io,8,0.002988041,false
exp08_development_n64_mixed_lognormal_03,64,mixed,lognormal,low,io,8,0.003378625,false
exp08_development_n64_mixed_lognormal_03,64,mixed,lognormal,high,io,8,0.003103000,false
exp08_development_n64_mixed_lognormal_04,64,mixed,lognormal,low,io,8,0.003150208,false
exp08_development_n64_mixed_lognormal_04,64,mixed,lognormal,high,io,8,0.003103250,false
exp08_development_n64_mixed_lognormal_05,64,mixed,lognormal,low,io,8,0.003008042,false
exp08_development_n64_mixed_lognormal_05,64,mixed,lognormal,high,io,8,0.003412084,false
exp08_development_n64_mixed_lognormal_06,64,mixed,lognormal,low,io,8,0.003046459,false
exp08_development_n64_mixed_lognormal_06,64,mixed,lognormal,high,io,8,0.003418250,false
exp08_development_n64_mixed_lognormal_07,64,mixed,lognormal,low,io,8,0.003074041,false
exp08_development_n64_mixed_lognormal_07,64,mixed,lognormal,high,io,8,0.003052208,false
exp08_development_n64_mixed_lognormal_08,64,mixed,lognormal,low,io,8,0.003000250,false
exp08_development_n64_mixed_lognormal_08,64,mixed,lognormal,high,io,8,0.003136959,false
exp08_development_n64_mixed_lognormal_09,64,mixed,lognormal,low,io,8,0.003121917,false
exp08_development_n64_mixed_lognormal_09,64,mixed,lognormal,high,io,8,0.003822667,false
exp08_development_n64_chain_like_homogeneous_00,64,chain_like,homogeneous,low,io,8,0.002734500,false
exp08_development_n64_chain_like_homogeneous_00,64,chain_like,homogeneous,high,io,8,0.002729292,false
exp08_development_n64_chain_like_homogeneous_01,64,chain_like,homogeneous,low,io,8,0.002901417,false
exp08_development_n64_chain_like_homogeneous_01,64,chain_like,homogeneous,high,io,8,0.003614083,false
exp08_development_n64_chain_like_homogeneous_02,64,chain_like,homogeneous,low,io,8,0.002797125,false
exp08_development_n64_chain_like_homogeneous_02,64,chain_like,homogeneous,high,io,8,0.002783500,false
exp08_development_n64_chain_like_homogeneous_03,64,chain_like,homogeneous,low,io,8,0.002899083,false
exp08_development_n64_chain_like_homogeneous_03,64,chain_like,homogeneous,high,io,8,0.002796416,false
exp08_development_n64_chain_like_homogeneous_04,64,chain_like,homogeneous,low,io,8,0.002920416,false
exp08_development_n64_chain_like_homogeneous_04,64,chain_like,homogeneous,high,io,8,0.002653875,false
exp08_development_n64_chain_like_homogeneous_05,64,chain_like,homogeneous,low,io,8,0.002700666,false
exp08_development_n64_chain_like_homogeneous_05,64,chain_like,homogeneous,high,io,8,0.003303916,false
exp08_development_n64_chain_like_homogeneous_06,64,chain_like,homogeneous,low,io,8,0.002809417,false
exp08_development_n64_chain_like_homogeneous_06,64,chain_like,homogeneous,high,io,8,0.003265667,false
exp08_development_n64_chain_like_homogeneous_07,64,chain_like,homogeneous,low,io,8,0.002878584,false
exp08_development_n64_chain_like_homogeneous_07,64,chain_like,homogeneous,high,io,8,0.002712417,false
exp08_development_n64_chain_like_homogeneous_08,64,chain_like,homogeneous,low,io,8,0.002932417,false
exp08_development_n64_chain_like_homogeneous_08,64,chain_like,homogeneous,high,io,8,0.002827500,false
exp08_development_n64_chain_like_homogeneous_09,64,chain_like,homogeneous,low,io,8,0.003096083,false
exp08_development_n64_chain_like_homogeneous_09,64,chain_like,homogeneous,high,io,8,0.002800167,false
exp08_development_n64_chain_like_lognormal_00,64,chain_like,lognormal,low,io,8,0.002768625,false
exp08_development_n64_chain_like_lognormal_00,64,chain_like,lognormal,high,io,8,0.002723250,false
exp08_development_n64_chain_like_lognormal_01,64,chain_like,lognormal,low,io,8,0.002695542,false
exp08_development_n64_chain_like_lognormal_01,64,chain_like,lognormal,high,io,8,0.002729083,false
exp08_development_n64_chain_like_lognormal_02,64,chain_like,lognormal,low,io,8,0.002698667,false
exp08_development_n64_chain_like_lognormal_02,64,chain_like,lognormal,high,io,8,0.002724167,false
exp08_development_n64_chain_like_lognormal_03,64,chain_like,lognormal,low,io,8,0.002999959,false
exp08_development_n64_chain_like_lognormal_03,64,chain_like,lognormal,high,io,8,0.002615542,false
exp08_development_n64_chain_like_lognormal_04,64,chain_like,lognormal,low,io,8,0.002829875,false
exp08_development_n64_chain_like_lognormal_04,64,chain_like,lognormal,high,io,8,0.002935625,false
exp08_development_n64_chain_like_lognormal_05,64,chain_like,lognormal,low,io,8,0.002622291,false
exp08_development_n64_chain_like_lognormal_05,64,chain_like,lognormal,high,io,8,0.002871375,false
exp08_development_n64_chain_like_lognormal_06,64,chain_like,lognormal,low,io,8,0.003001042,false
exp08_development_n64_chain_like_lognormal_06,64,chain_like,lognormal,high,io,8,0.002647167,false
exp08_development_n64_chain_like_lognormal_07,64,chain_like,lognormal,low,io,8,0.002888625,false
exp08_development_n64_chain_like_lognormal_07,64,chain_like,lognormal,high,io,8,0.002749834,false
exp08_development_n64_chain_like_lognormal_08,64,chain_like,lognormal,low,io,8,0.002731542,false
exp08_development_n64_chain_like_lognormal_08,64,chain_like,lognormal,high,io,8,0.002882500,false
exp08_development_n64_chain_like_lognormal_09,64,chain_like,lognormal,low,io,8,0.002638166,false
exp08_development_n64_chain_like_lognormal_09,64,chain_like,lognormal,high,io,8,0.002738208,false
