experiment_id,scenario_id,schedule_kind,start,end,duration,active_agent_phases,active_human_phases,human_queue_length,occupied_agent_slots,free_agent_slots,full_agent_stop
EXP-06A,exp06a_practical_variant_3_k025,baseline,0,0.250,0.250,0,1,0,1,3,false
EXP-06A,exp06a_practical_variant_3_k025,baseline,0.250,1.050,0.800,1,0,0,1,3,false
EXP-06A,exp06a_practical_variant_3_k025,baseline,1.050,1.300,0.250,0,1,0,1,3,false
EXP-06A,exp06a_practical_variant_3_k025,baseline,1.300,1.675,0.375,0,1,1,2,2,false
EXP-06A,exp06a_practical_variant_3_k025,baseline,1.675,1.925,0.250,1,1,0,2,2,false
EXP-06A,exp06a_practical_variant_3_k025,baseline,1.925,2.625,0.700,2,0,0,2,2,false
EXP-06A,exp06a_practical_variant_3_k025,baseline,2.625,2.875,0.250,1,1,0,2,2,false
EXP-06A,exp06a_practical_variant_3_k025,baseline,2.875,3.025,0.150,1,1,0,2,2,false
EXP-06A,exp06a_practical_variant_3_k025,baseline,3.025,3.125,0.100,0,1,1,2,2,false
EXP-06A,exp06a_practical_variant_3_k025,baseline,3.125,3.500,0.375,1,1,0,2,2,false
EXP-06A,exp06a_practical_variant_3_k025,baseline,3.500,4.000,0.500,1,1,0,2,2,false
EXP-06A,exp06a_practical_variant_3_k025,baseline,4.000,4.025,0.025,2,0,0,2,2,false
EXP-06A,exp06a_practical_variant_3_k025,baseline,4.025,4.275,0.250,1,1,0,2,2,false
EXP-06A,exp06a_practical_variant_3_k025,baseline,4.275,6.200,1.925,1,0,0,1,3,false
EXP-06A,exp06a_practical_variant_3_k025,baseline,6.200,6.700,0.500,0,1,0,1,3,false
EXP-06A,exp06a_practical_variant_3_k025,baseline,6.700,7.075,0.375,0,1,0,1,3,false
EXP-06A,exp06a_practical_variant_3_k025,baseline,7.075,8.575,1.500,1,0,0,1,3,false
EXP-06A,exp06a_practical_variant_3_k025,baseline,8.575,8.950,0.375,0,1,0,1,3,false
EXP-06A,exp06a_practical_variant_3_k025,baseline,8.950,9.325,0.375,0,1,0,1,3,false
EXP-06A,exp06a_practical_variant_3_k025,baseline,9.325,10.525,1.200,1,0,0,1,3,false
EXP-06A,exp06a_practical_variant_3_k025,baseline,10.525,10.900,0.375,0,1,0,1,3,false
EXP-06A,exp06a_practical_variant_3_k025,exact,0,0.2500,0.2500,0,1,0,1,3,false
EXP-06A,exp06a_practical_variant_3_k025,exact,0.2500,1.0500,0.8000,1,0,0,1,3,false
EXP-06A,exp06a_practical_variant_3_k025,exact,1.0500,1.3000,0.2500,0,1,0,1,3,false
EXP-06A,exp06a_practical_variant_3_k025,exact,1.3000,1.6750,0.3750,0,1,0,1,3,false
EXP-06A,exp06a_practical_variant_3_k025,exact,1.6750,1.9250,0.2500,1,1,0,2,2,false
EXP-06A,exp06a_practical_variant_3_k025,exact,1.9250,2.6250,0.7000,2,0,0,2,2,false
EXP-06A,exp06a_practical_variant_3_k025,exact,2.6250,2.8750,0.2500,1,1,0,2,2,false
EXP-06A,exp06a_practical_variant_3_k025,exact,2.8750,3.0250,0.1500,1,0,0,1,3,false
EXP-06A,exp06a_practical_variant_3_k025,exact,3.0250,3.4000,0.3750,0,1,0,1,3,false
EXP-06A,exp06a_practical_variant_3_k025,exact,3.4000,3.9000,0.5000,0,1,0,1,3,false
EXP-06A,exp06a_practical_variant_3_k025,exact,3.9000,4.1500,0.2500,1,1,0,2,2,false
EXP-06A,exp06a_practical_variant_3_k025,exact,4.1500,5.0500,0.9000,2,0,0,2,2,false
EXP-06A,exp06a_practical_variant_3_k025,exact,5.0500,5.3000,0.2500,1,1,0,2,2,false
EXP-06A,exp06a_practical_variant_3_k025,exact,5.3000,6.1000,0.8000,1,0,0,1,3,false
EXP-06A,exp06a_practical_variant_3_k025,exact,6.1000,6.6000,0.5000,0,1,0,1,3,false
EXP-06A,exp06a_practical_variant_3_k025,exact,6.6000,6.9750,0.3750,0,1,0,1,3,false
EXP-06A,exp06a_practical_variant_3_k025,exact,6.9750,8.4750,1.5000,1,0,0,1,3,false
EXP-06A,exp06a_practical_variant_3_k025,exact,8.4750,8.8500,0.3750,0,1,0,1,3,false
EXP-06A,exp06a_practical_variant_3_k025,exact,8.8500,9.2250,0.3750,0,1,0,1,3,false
EXP-06A,exp06a_practical_variant_3_k025,exact,9.2250,10.4250,1.2000,1,0,0,1,3,false
EXP-06A,exp06a_practical_variant_3_k025,exact,10.4250,10.8000,0.3750,0,1,0,1,3,false
EXP-06A,exp06a_practical_variant_3_k050,baseline,0,0.50,0.50,0,1,0,1,3,false
EXP-06A,exp06a_practical_variant_3_k050,baseline,0.50,2.10,1.60,1,0,0,1,3,false
EXP-06A,exp06a_practical_variant_3_k050,baseline,2.10,2.60,0.50,0,1,0,1,3,false
EXP-06A,exp06a_practical_variant_3_k050,baseline,2.60,3.35,0.75,0,1,1,2,2,false
EXP-06A,exp06a_practical_variant_3_k050,baseline,3.35,3.85,0.50,1,1,0,2,2,false
EXP-06A,exp06a_practical_variant_3_k050,baseline,3.85,5.25,1.40,2,0,0,2,2,false
EXP-06A,exp06a_practical_variant_3_k050,baseline,5.25,5.75,0.50,1,1,0,2,2,false
EXP-06A,exp06a_practical_variant_3_k050,baseline,5.75,6.05,0.30,1,1,0,2,2,false
EXP-06A,exp06a_practical_variant_3_k050,baseline,6.05,6.25,0.20,0,1,1,2,2,false
EXP-06A,exp06a_practical_variant_3_k050,baseline,6.25,7.00,0.75,1,1,0,2,2,false
EXP-06A,exp06a_practical_variant_3_k050,baseline,7.00,8.00,1.00,1,1,0,2,2,false
EXP-06A,exp06a_practical_variant_3_k050,baseline,8.00,8.05,0.05,2,0,0,2,2,false
EXP-06A,exp06a_practical_variant_3_k050,baseline,8.05,8.55,0.50,1,1,0,2,2,false
EXP-06A,exp06a_practical_variant_3_k050,baseline,8.55,12.40,3.85,1,0,0,1,3,false
EXP-06A,exp06a_practical_variant_3_k050,baseline,12.40,13.40,1.00,0,1,0,1,3,false
EXP-06A,exp06a_practical_variant_3_k050,baseline,13.40,14.15,0.75,0,1,0,1,3,false
EXP-06A,exp06a_practical_variant_3_k050,baseline,14.15,17.15,3.00,1,0,0,1,3,false
EXP-06A,exp06a_practical_variant_3_k050,baseline,17.15,17.90,0.75,0,1,0,1,3,false
EXP-06A,exp06a_practical_variant_3_k050,baseline,17.90,18.65,0.75,0,1,0,1,3,false
EXP-06A,exp06a_practical_variant_3_k050,baseline,18.65,21.05,2.40,1,0,0,1,3,false
EXP-06A,exp06a_practical_variant_3_k050,baseline,21.05,21.80,0.75,0,1,0,1,3,false
EXP-06A,exp06a_practical_variant_3_k050,exact,0,0.500,0.500,0,1,0,1,3,false
EXP-06A,exp06a_practical_variant_3_k050,exact,0.500,2.100,1.600,1,0,0,1,3,false
EXP-06A,exp06a_practical_variant_3_k050,exact,2.100,2.600,0.500,0,1,0,1,3,false
EXP-06A,exp06a_practical_variant_3_k050,exact,2.600,3.350,0.750,0,1,0,1,3,false
EXP-06A,exp06a_practical_variant_3_k050,exact,3.350,3.850,0.500,1,1,0,2,2,false
EXP-06A,exp06a_practical_variant_3_k050,exact,3.850,5.250,1.400,2,0,0,2,2,false
EXP-06A,exp06a_practical_variant_3_k050,exact,5.250,5.750,0.500,1,1,0,2,2,false
EXP-06A,exp06a_practical_variant_3_k050,exact,5.750,6.050,0.300,1,0,0,1,3,false
EXP-06A,exp06a_practical_variant_3_k050,exact,6.050,6.800,0.750,0,1,0,1,3,false
EXP-06A,exp06a_practical_variant_3_k050,exact,6.800,7.800,1.000,0,1,0,1,3,false
EXP-06A,exp06a_practical_variant_3_k050,exact,7.800,8.300,0.500,1,1,0,2,2,false
EXP-06A,exp06a_practical_variant_3_k050,exact,8.300,10.100,1.800,2,0,0,2,2,false
EXP-06A,exp06a_practical_variant_3_k050,exact,10.100,10.600,0.500,1,1,0,2,2,false
EXP-06A,exp06a_practical_variant_3_k050,exact,10.600,12.200,1.600,1,0,0,1,3,false
EXP-06A,exp06a_practical_variant_3_k050,exact,12.200,13.200,1.000,0,1,0,1,3,false
EXP-06A,exp06a_practical_variant_3_k050,exact,13.200,13.950,0.750,0,1,0,1,3,false
EXP-06A,exp06a_practical_variant_3_k050,exact,13.950,16.950,3.000,1,0,0,1,3,false
EXP-06A,exp06a_practical_variant_3_k050,exact,16.950,17.700,0.750,0,1,0,1,3,false
EXP-06A,exp06a_practical_variant_3_k050,exact,17.700,18.450,0.750,0,1,0,1,3,false
EXP-06A,exp06a_practical_variant_3_k050,exact,18.450,20.850,2.400,1,0,0,1,3,false
EXP-06A,exp06a_practical_variant_3_k050,exact,20.850,21.600,0.750,0,1,0,1,3,false
EXP-06A,exp06a_practical_variant_3_k100,baseline,0,1.0,1.0,0,1,0,1,3,false
EXP-06A,exp06a_practical_variant_3_k100,baseline,1.0,4.2,3.2,1,0,0,1,3,false
EXP-06A,exp06a_practical_variant_3_k100,baseline,4.2,5.2,1.0,0,1,0,1,3,false
EXP-06A,exp06a_practical_variant_3_k100,baseline,5.2,6.7,1.5,0,1,1,2,2,false
EXP-06A,exp06a_practical_variant_3_k100,baseline,6.7,7.7,1.0,1,1,0,2,2,false
EXP-06A,exp06a_practical_variant_3_k100,baseline,7.7,10.5,2.8,2,0,0,2,2,false
EXP-06A,exp06a_practical_variant_3_k100,baseline,10.5,11.5,1.0,1,1,0,2,2,false
EXP-06A,exp06a_practical_variant_3_k100,baseline,11.5,12.1,0.6,1,1,0,2,2,false
EXP-06A,exp06a_practical_variant_3_k100,baseline,12.1,12.5,0.4,0,1,1,2,2,false
EXP-06A,exp06a_practical_variant_3_k100,baseline,12.5,14.0,1.5,1,1,0,2,2,false
EXP-06A,exp06a_practical_variant_3_k100,baseline,14.0,16.0,2.0,1,1,0,2,2,false
EXP-06A,exp06a_practical_variant_3_k100,baseline,16.0,16.1,0.1,2,0,0,2,2,false
EXP-06A,exp06a_practical_variant_3_k100,baseline,16.1,17.1,1.0,1,1,0,2,2,false
EXP-06A,exp06a_practical_variant_3_k100,baseline,17.1,24.8,7.7,1,0,0,1,3,false
EXP-06A,exp06a_practical_variant_3_k100,baseline,24.8,26.8,2.0,0,1,0,1,3,false
EXP-06A,exp06a_practical_variant_3_k100,baseline,26.8,28.3,1.5,0,1,0,1,3,false
EXP-06A,exp06a_practical_variant_3_k100,baseline,28.3,34.3,6.0,1,0,0,1,3,false
EXP-06A,exp06a_practical_variant_3_k100,baseline,34.3,35.8,1.5,0,1,0,1,3,false
EXP-06A,exp06a_practical_variant_3_k100,baseline,35.8,37.3,1.5,0,1,0,1,3,false
EXP-06A,exp06a_practical_variant_3_k100,baseline,37.3,42.1,4.8,1,0,0,1,3,false
EXP-06A,exp06a_practical_variant_3_k100,baseline,42.1,43.6,1.5,0,1,0,1,3,false
EXP-06A,exp06a_practical_variant_3_k100,exact,0,1.00,1.00,0,1,0,1,3,false
EXP-06A,exp06a_practical_variant_3_k100,exact,1.00,4.20,3.20,1,0,0,1,3,false
EXP-06A,exp06a_practical_variant_3_k100,exact,4.20,5.20,1.00,0,1,0,1,3,false
EXP-06A,exp06a_practical_variant_3_k100,exact,5.20,6.70,1.50,0,1,0,1,3,false
EXP-06A,exp06a_practical_variant_3_k100,exact,6.70,7.70,1.00,1,1,0,2,2,false
EXP-06A,exp06a_practical_variant_3_k100,exact,7.70,10.50,2.80,2,0,0,2,2,false
EXP-06A,exp06a_practical_variant_3_k100,exact,10.50,11.50,1.00,1,1,0,2,2,false
EXP-06A,exp06a_practical_variant_3_k100,exact,11.50,12.10,0.60,1,0,0,1,3,false
EXP-06A,exp06a_practical_variant_3_k100,exact,12.10,13.60,1.50,0,1,0,1,3,false
EXP-06A,exp06a_practical_variant_3_k100,exact,13.60,15.60,2.00,0,1,0,1,3,false
EXP-06A,exp06a_practical_variant_3_k100,exact,15.60,16.60,1.00,1,1,0,2,2,false
EXP-06A,exp06a_practical_variant_3_k100,exact,16.60,20.20,3.60,2,0,0,2,2,false
EXP-06A,exp06a_practical_variant_3_k100,exact,20.20,21.20,1.00,1,1,0,2,2,false
EXP-06A,exp06a_practical_variant_3_k100,exact,21.20,24.40,3.20,1,0,0,1,3,false
EXP-06A,exp06a_practical_variant_3_k100,exact,24.40,26.40,2.00,0,1,0,1,3,false
EXP-06A,exp06a_practical_variant_3_k100,exact,26.40,27.90,1.50,0,1,0,1,3,false
EXP-06A,exp06a_practical_variant_3_k100,exact,27.90,33.90,6.00,1,0,0,1,3,false
EXP-06A,exp06a_practical_variant_3_k100,exact,33.90,35.40,1.50,0,1,0,1,3,false
EXP-06A,exp06a_practical_variant_3_k100,exact,35.40,36.90,1.50,0,1,0,1,3,false
EXP-06A,exp06a_practical_variant_3_k100,exact,36.90,41.70,4.80,1,0,0,1,3,false
EXP-06A,exp06a_practical_variant_3_k100,exact,41.70,43.20,1.50,0,1,0,1,3,false
EXP-06A,exp06a_practical_variant_3_k200,baseline,0,2.0,2.0,0,1,0,1,3,false
EXP-06A,exp06a_practical_variant_3_k200,baseline,2.0,8.4,6.4,1,0,0,1,3,false
EXP-06A,exp06a_practical_variant_3_k200,baseline,8.4,10.4,2.0,0,1,0,1,3,false
EXP-06A,exp06a_practical_variant_3_k200,baseline,10.4,13.4,3.0,0,1,1,2,2,false
EXP-06A,exp06a_practical_variant_3_k200,baseline,13.4,15.4,2.0,1,1,0,2,2,false
EXP-06A,exp06a_practical_variant_3_k200,baseline,15.4,21.0,5.6,2,0,0,2,2,false
EXP-06A,exp06a_practical_variant_3_k200,baseline,21.0,23.0,2.0,1,1,0,2,2,false
EXP-06A,exp06a_practical_variant_3_k200,baseline,23.0,24.2,1.2,1,1,0,2,2,false
EXP-06A,exp06a_practical_variant_3_k200,baseline,24.2,25.0,0.8,0,1,1,2,2,false
EXP-06A,exp06a_practical_variant_3_k200,baseline,25.0,28.0,3.0,1,1,0,2,2,false
EXP-06A,exp06a_practical_variant_3_k200,baseline,28.0,32.0,4.0,1,1,0,2,2,false
EXP-06A,exp06a_practical_variant_3_k200,baseline,32.0,32.2,0.2,2,0,0,2,2,false
EXP-06A,exp06a_practical_variant_3_k200,baseline,32.2,34.2,2.0,1,1,0,2,2,false
EXP-06A,exp06a_practical_variant_3_k200,baseline,34.2,49.6,15.4,1,0,0,1,3,false
EXP-06A,exp06a_practical_variant_3_k200,baseline,49.6,53.6,4.0,0,1,0,1,3,false
EXP-06A,exp06a_practical_variant_3_k200,baseline,53.6,56.6,3.0,0,1,0,1,3,false
EXP-06A,exp06a_practical_variant_3_k200,baseline,56.6,68.6,12.0,1,0,0,1,3,false
EXP-06A,exp06a_practical_variant_3_k200,baseline,68.6,71.6,3.0,0,1,0,1,3,false
EXP-06A,exp06a_practical_variant_3_k200,baseline,71.6,74.6,3.0,0,1,0,1,3,false
EXP-06A,exp06a_practical_variant_3_k200,baseline,74.6,84.2,9.6,1,0,0,1,3,false
EXP-06A,exp06a_practical_variant_3_k200,baseline,84.2,87.2,3.0,0,1,0,1,3,false
EXP-06A,exp06a_practical_variant_3_k200,exact,0,2.00,2.00,0,1,0,1,3,false
EXP-06A,exp06a_practical_variant_3_k200,exact,2.00,8.40,6.40,1,0,0,1,3,false
EXP-06A,exp06a_practical_variant_3_k200,exact,8.40,10.40,2.00,0,1,0,1,3,false
EXP-06A,exp06a_practical_variant_3_k200,exact,10.40,13.40,3.00,0,1,0,1,3,false
EXP-06A,exp06a_practical_variant_3_k200,exact,13.40,15.40,2.00,1,1,0,2,2,false
EXP-06A,exp06a_practical_variant_3_k200,exact,15.40,21.00,5.60,2,0,0,2,2,false
EXP-06A,exp06a_practical_variant_3_k200,exact,21.00,23.00,2.00,1,1,0,2,2,false
EXP-06A,exp06a_practical_variant_3_k200,exact,23.00,24.20,1.20,1,0,0,1,3,false
EXP-06A,exp06a_practical_variant_3_k200,exact,24.20,27.20,3.00,0,1,0,1,3,false
EXP-06A,exp06a_practical_variant_3_k200,exact,27.20,31.20,4.00,0,1,0,1,3,false
EXP-06A,exp06a_practical_variant_3_k200,exact,31.20,33.20,2.00,1,1,0,2,2,false
EXP-06A,exp06a_practical_variant_3_k200,exact,33.20,40.40,7.20,2,0,0,2,2,false
EXP-06A,exp06a_practical_variant_3_k200,exact,40.40,42.40,2.00,1,1,0,2,2,false
EXP-06A,exp06a_practical_variant_3_k200,exact,42.40,48.80,6.40,1,0,0,1,3,false
EXP-06A,exp06a_practical_variant_3_k200,exact,48.80,52.80,4.00,0,1,0,1,3,false
EXP-06A,exp06a_practical_variant_3_k200,exact,52.80,55.80,3.00,0,1,0,1,3,false
EXP-06A,exp06a_practical_variant_3_k200,exact,55.80,67.80,12.00,1,0,0,1,3,false
EXP-06A,exp06a_practical_variant_3_k200,exact,67.80,70.80,3.00,0,1,0,1,3,false
EXP-06A,exp06a_practical_variant_3_k200,exact,70.80,73.80,3.00,0,1,0,1,3,false
EXP-06A,exp06a_practical_variant_3_k200,exact,73.80,83.40,9.60,1,0,0,1,3,false
EXP-06A,exp06a_practical_variant_3_k200,exact,83.40,86.40,3.00,0,1,0,1,3,false
EXP-06A,exp06a_practical_variant_3_k400,baseline,0,4.0,4.0,0,1,0,1,3,false
EXP-06A,exp06a_practical_variant_3_k400,baseline,4.0,16.8,12.8,1,0,0,1,3,false
EXP-06A,exp06a_practical_variant_3_k400,baseline,16.8,20.8,4.0,0,1,0,1,3,false
EXP-06A,exp06a_practical_variant_3_k400,baseline,20.8,26.8,6.0,0,1,1,2,2,false
EXP-06A,exp06a_practical_variant_3_k400,baseline,26.8,30.8,4.0,1,1,0,2,2,false
EXP-06A,exp06a_practical_variant_3_k400,baseline,30.8,42.0,11.2,2,0,0,2,2,false
EXP-06A,exp06a_practical_variant_3_k400,baseline,42.0,46.0,4.0,1,1,0,2,2,false
EXP-06A,exp06a_practical_variant_3_k400,baseline,46.0,48.4,2.4,1,1,0,2,2,false
EXP-06A,exp06a_practical_variant_3_k400,baseline,48.4,50.0,1.6,0,1,1,2,2,false
EXP-06A,exp06a_practical_variant_3_k400,baseline,50.0,56.0,6.0,1,1,0,2,2,false
EXP-06A,exp06a_practical_variant_3_k400,baseline,56.0,64.0,8.0,1,1,0,2,2,false
EXP-06A,exp06a_practical_variant_3_k400,baseline,64.0,64.4,0.4,2,0,0,2,2,false
EXP-06A,exp06a_practical_variant_3_k400,baseline,64.4,68.4,4.0,1,1,0,2,2,false
EXP-06A,exp06a_practical_variant_3_k400,baseline,68.4,99.2,30.8,1,0,0,1,3,false
EXP-06A,exp06a_practical_variant_3_k400,baseline,99.2,107.2,8.0,0,1,0,1,3,false
EXP-06A,exp06a_practical_variant_3_k400,baseline,107.2,113.2,6.0,0,1,0,1,3,false
EXP-06A,exp06a_practical_variant_3_k400,baseline,113.2,137.2,24.0,1,0,0,1,3,false
EXP-06A,exp06a_practical_variant_3_k400,baseline,137.2,143.2,6.0,0,1,0,1,3,false
EXP-06A,exp06a_practical_variant_3_k400,baseline,143.2,149.2,6.0,0,1,0,1,3,false
EXP-06A,exp06a_practical_variant_3_k400,baseline,149.2,168.4,19.2,1,0,0,1,3,false
EXP-06A,exp06a_practical_variant_3_k400,baseline,168.4,174.4,6.0,0,1,0,1,3,false
EXP-06A,exp06a_practical_variant_3_k400,exact,0,4.00,4.00,0,1,0,1,3,false
EXP-06A,exp06a_practical_variant_3_k400,exact,4.00,16.80,12.80,1,0,0,1,3,false
EXP-06A,exp06a_practical_variant_3_k400,exact,16.80,20.80,4.00,0,1,0,1,3,false
EXP-06A,exp06a_practical_variant_3_k400,exact,20.80,26.80,6.00,0,1,0,1,3,false
EXP-06A,exp06a_practical_variant_3_k400,exact,26.80,30.80,4.00,1,1,0,2,2,false
EXP-06A,exp06a_practical_variant_3_k400,exact,30.80,42.00,11.20,2,0,0,2,2,false
EXP-06A,exp06a_practical_variant_3_k400,exact,42.00,46.00,4.00,1,1,0,2,2,false
EXP-06A,exp06a_practical_variant_3_k400,exact,46.00,48.40,2.40,1,0,0,1,3,false
EXP-06A,exp06a_practical_variant_3_k400,exact,48.40,54.40,6.00,0,1,0,1,3,false
EXP-06A,exp06a_practical_variant_3_k400,exact,54.40,62.40,8.00,0,1,0,1,3,false
EXP-06A,exp06a_practical_variant_3_k400,exact,62.40,66.40,4.00,1,1,0,2,2,false
EXP-06A,exp06a_practical_variant_3_k400,exact,66.40,80.80,14.40,2,0,0,2,2,false
EXP-06A,exp06a_practical_variant_3_k400,exact,80.80,84.80,4.00,1,1,0,2,2,false
EXP-06A,exp06a_practical_variant_3_k400,exact,84.80,97.60,12.80,1,0,0,1,3,false
EXP-06A,exp06a_practical_variant_3_k400,exact,97.60,105.60,8.00,0,1,0,1,3,false
EXP-06A,exp06a_practical_variant_3_k400,exact,105.60,111.60,6.00,0,1,0,1,3,false
EXP-06A,exp06a_practical_variant_3_k400,exact,111.60,135.60,24.00,1,0,0,1,3,false
EXP-06A,exp06a_practical_variant_3_k400,exact,135.60,141.60,6.00,0,1,0,1,3,false
EXP-06A,exp06a_practical_variant_3_k400,exact,141.60,147.60,6.00,0,1,0,1,3,false
EXP-06A,exp06a_practical_variant_3_k400,exact,147.60,166.80,19.20,1,0,0,1,3,false
EXP-06A,exp06a_practical_variant_3_k400,exact,166.80,172.80,6.00,0,1,0,1,3,false
EXP-06A,exp06a_practical_variant_4_k025,baseline,0,0.250,0.250,0,1,0,1,3,false
EXP-06A,exp06a_practical_variant_4_k025,baseline,0.250,1.050,0.800,1,0,0,1,3,false
EXP-06A,exp06a_practical_variant_4_k025,baseline,1.050,1.300,0.250,0,1,0,1,3,false
EXP-06A,exp06a_practical_variant_4_k025,baseline,1.300,1.675,0.375,0,1,1,2,2,false
EXP-06A,exp06a_practical_variant_4_k025,baseline,1.675,1.925,0.250,1,1,0,2,2,false
EXP-06A,exp06a_practical_variant_4_k025,baseline,1.925,2.625,0.700,2,0,0,2,2,false
EXP-06A,exp06a_practical_variant_4_k025,baseline,2.625,2.875,0.250,1,1,0,2,2,false
EXP-06A,exp06a_practical_variant_4_k025,baseline,2.875,3.025,0.150,1,1,0,2,2,false
EXP-06A,exp06a_practical_variant_4_k025,baseline,3.025,3.125,0.100,0,1,1,2,2,false
EXP-06A,exp06a_practical_variant_4_k025,baseline,3.125,3.500,0.375,1,1,0,2,2,false
EXP-06A,exp06a_practical_variant_4_k025,baseline,3.500,4.000,0.500,1,1,1,3,1,false
EXP-06A,exp06a_practical_variant_4_k025,baseline,4.000,4.025,0.025,2,1,0,3,1,false
EXP-06A,exp06a_practical_variant_4_k025,baseline,4.025,4.1875,0.1625,1,1,1,3,1,false
EXP-06A,exp06a_practical_variant_4_k025,baseline,4.1875,4.4375,0.2500,2,1,0,3,1,false
EXP-06A,exp06a_practical_variant_4_k025,baseline,4.4375,4.7875,0.3500,2,0,0,2,2,false
EXP-06A,exp06a_practical_variant_4_k025,baseline,4.7875,4.9750,0.1875,1,1,0,2,2,false
EXP-06A,exp06a_practical_variant_4_k025,baseline,4.9750,6.200,1.2250,1,0,0,1,3,false
EXP-06A,exp06a_practical_variant_4_k025,baseline,6.200,6.700,0.500,0,1,0,1,3,false
EXP-06A,exp06a_practical_variant_4_k025,baseline,6.700,7.075,0.375,0,1,1,2,2,false
EXP-06A,exp06a_practical_variant_4_k025,baseline,7.075,7.200,0.125,1,1,0,2,2,false
EXP-06A,exp06a_practical_variant_4_k025,baseline,7.200,7.600,0.400,2,0,0,2,2,false
EXP-06A,exp06a_practical_variant_4_k025,baseline,7.600,7.725,0.125,1,1,0,2,2,false
EXP-06A,exp06a_practical_variant_4_k025,baseline,7.725,8.575,0.850,1,0,0,1,3,false
EXP-06A,exp06a_practical_variant_4_k025,baseline,8.575,8.950,0.375,0,1,0,1,3,false
EXP-06A,exp06a_practical_variant_4_k025,baseline,8.950,9.0125,0.0625,0,1,0,1,3,false
EXP-06A,exp06a_practical_variant_4_k025,baseline,9.0125,9.2125,0.2000,1,0,0,1,3,false
EXP-06A,exp06a_practical_variant_4_k025,baseline,9.2125,9.2750,0.0625,0,1,0,1,3,false
EXP-06A,exp06a_practical_variant_4_k025,exact,0,0.2500,0.2500,0,1,0,1,3,false
EXP-06A,exp06a_practical_variant_4_k025,exact,0.2500,1.0500,0.8000,1,0,0,1,3,false
EXP-06A,exp06a_practical_variant_4_k025,exact,1.0500,1.3000,0.2500,0,1,0,1,3,false
EXP-06A,exp06a_practical_variant_4_k025,exact,1.3000,1.6750,0.3750,0,1,0,1,3,false
EXP-06A,exp06a_practical_variant_4_k025,exact,1.6750,1.9250,0.2500,1,1,0,2,2,false
EXP-06A,exp06a_practical_variant_4_k025,exact,1.9250,2.6250,0.7000,2,0,0,2,2,false
EXP-06A,exp06a_practical_variant_4_k025,exact,2.6250,2.8750,0.2500,1,1,0,2,2,false
EXP-06A,exp06a_practical_variant_4_k025,exact,2.8750,3.0250,0.1500,1,0,0,1,3,false
EXP-06A,exp06a_practical_variant_4_k025,exact,3.0250,3.4000,0.3750,0,1,0,1,3,false
EXP-06A,exp06a_practical_variant_4_k025,exact,3.4000,3.9000,0.5000,0,1,0,1,3,false
EXP-06A,exp06a_practical_variant_4_k025,exact,3.9000,4.0875,0.1875,1,1,0,2,2,false
EXP-06A,exp06a_practical_variant_4_k025,exact,4.0875,4.3375,0.2500,2,1,0,3,1,false
EXP-06A,exp06a_practical_variant_4_k025,exact,4.3375,4.6875,0.3500,3,0,0,3,1,false
EXP-06A,exp06a_practical_variant_4_k025,exact,4.6875,4.8750,0.1875,2,1,0,3,1,false
EXP-06A,exp06a_practical_variant_4_k025,exact,4.8750,5.2375,0.3625,2,0,0,2,2,false
EXP-06A,exp06a_practical_variant_4_k025,exact,5.2375,5.4875,0.2500,1,1,0,2,2,false
EXP-06A,exp06a_practical_variant_4_k025,exact,5.4875,6.1000,0.6125,1,0,0,1,3,false
EXP-06A,exp06a_practical_variant_4_k025,exact,6.1000,6.6000,0.5000,0,1,0,1,3,false
EXP-06A,exp06a_practical_variant_4_k025,exact,6.6000,6.9750,0.3750,0,1,0,1,3,false
EXP-06A,exp06a_practical_variant_4_k025,exact,6.9750,7.1000,0.1250,1,1,0,2,2,false
EXP-06A,exp06a_practical_variant_4_k025,exact,7.1000,7.5000,0.4000,2,0,0,2,2,false
EXP-06A,exp06a_practical_variant_4_k025,exact,7.5000,7.6250,0.1250,1,1,0,2,2,false
EXP-06A,exp06a_practical_variant_4_k025,exact,7.6250,8.4750,0.8500,1,0,0,1,3,false
EXP-06A,exp06a_practical_variant_4_k025,exact,8.4750,8.8500,0.3750,0,1,0,1,3,false
EXP-06A,exp06a_practical_variant_4_k025,exact,8.8500,8.9125,0.0625,0,1,0,1,3,false
EXP-06A,exp06a_practical_variant_4_k025,exact,8.9125,9.1125,0.2000,1,0,0,1,3,false
EXP-06A,exp06a_practical_variant_4_k025,exact,9.1125,9.1750,0.0625,0,1,0,1,3,false
EXP-06A,exp06a_practical_variant_4_k050,baseline,0,0.50,0.50,0,1,0,1,3,false
EXP-06A,exp06a_practical_variant_4_k050,baseline,0.50,2.10,1.60,1,0,0,1,3,false
EXP-06A,exp06a_practical_variant_4_k050,baseline,2.10,2.60,0.50,0,1,0,1,3,false
EXP-06A,exp06a_practical_variant_4_k050,baseline,2.60,3.35,0.75,0,1,1,2,2,false
EXP-06A,exp06a_practical_variant_4_k050,baseline,3.35,3.85,0.50,1,1,0,2,2,false
EXP-06A,exp06a_practical_variant_4_k050,baseline,3.85,5.25,1.40,2,0,0,2,2,false
EXP-06A,exp06a_practical_variant_4_k050,baseline,5.25,5.75,0.50,1,1,0,2,2,false
EXP-06A,exp06a_practical_variant_4_k050,baseline,5.75,6.05,0.30,1,1,0,2,2,false
EXP-06A,exp06a_practical_variant_4_k050,baseline,6.05,6.25,0.20,0,1,1,2,2,false
EXP-06A,exp06a_practical_variant_4_k050,baseline,6.25,7.00,0.75,1,1,0,2,2,false
EXP-06A,exp06a_practical_variant_4_k050,baseline,7.00,8.00,1.00,1,1,1,3,1,false
EXP-06A,exp06a_practical_variant_4_k050,baseline,8.00,8.05,0.05,2,1,0,3,1,false
EXP-06A,exp06a_practical_variant_4_k050,baseline,8.05,8.375,0.325,1,1,1,3,1,false
EXP-06A,exp06a_practical_variant_4_k050,baseline,8.375,8.875,0.500,2,1,0,3,1,false
EXP-06A,exp06a_practical_variant_4_k050,baseline,8.875,9.575,0.700,2,0,0,2,2,false
EXP-06A,exp06a_practical_variant_4_k050,baseline,9.575,9.950,0.375,1,1,0,2,2,false
EXP-06A,exp06a_practical_variant_4_k050,baseline,9.950,12.40,2.450,1,0,0,1,3,false
EXP-06A,exp06a_practical_variant_4_k050,baseline,12.40,13.40,1.00,0,1,0,1,3,false
EXP-06A,exp06a_practical_variant_4_k050,baseline,13.40,14.15,0.75,0,1,1,2,2,false
EXP-06A,exp06a_practical_variant_4_k050,baseline,14.15,14.40,0.25,1,1,0,2,2,false
EXP-06A,exp06a_practical_variant_4_k050,baseline,14.40,15.20,0.80,2,0,0,2,2,false
EXP-06A,exp06a_practical_variant_4_k050,baseline,15.20,15.45,0.25,1,1,0,2,2,false
EXP-06A,exp06a_practical_variant_4_k050,baseline,15.45,17.15,1.70,1,0,0,1,3,false
EXP-06A,exp06a_practical_variant_4_k050,baseline,17.15,17.90,0.75,0,1,0,1,3,false
EXP-06A,exp06a_practical_variant_4_k050,baseline,17.90,18.025,0.125,0,1,0,1,3,false
EXP-06A,exp06a_practical_variant_4_k050,baseline,18.025,18.425,0.400,1,0,0,1,3,false
EXP-06A,exp06a_practical_variant_4_k050,baseline,18.425,18.550,0.125,0,1,0,1,3,false
EXP-06A,exp06a_practical_variant_4_k050,exact,0,0.500,0.500,0,1,0,1,3,false
EXP-06A,exp06a_practical_variant_4_k050,exact,0.500,2.100,1.600,1,0,0,1,3,false
EXP-06A,exp06a_practical_variant_4_k050,exact,2.100,2.600,0.500,0,1,0,1,3,false
EXP-06A,exp06a_practical_variant_4_k050,exact,2.600,3.350,0.750,0,1,0,1,3,false
EXP-06A,exp06a_practical_variant_4_k050,exact,3.350,3.850,0.500,1,1,0,2,2,false
EXP-06A,exp06a_practical_variant_4_k050,exact,3.850,5.250,1.400,2,0,0,2,2,false
EXP-06A,exp06a_practical_variant_4_k050,exact,5.250,5.750,0.500,1,1,0,2,2,false
EXP-06A,exp06a_practical_variant_4_k050,exact,5.750,6.050,0.300,1,0,0,1,3,false
EXP-06A,exp06a_practical_variant_4_k050,exact,6.050,6.800,0.750,0,1,0,1,3,false
EXP-06A,exp06a_practical_variant_4_k050,exact,6.800,7.800,1.000,0,1,0,1,3,false
EXP-06A,exp06a_practical_variant_4_k050,exact,7.800,8.175,0.375,1,1,0,2,2,false
EXP-06A,exp06a_practical_variant_4_k050,exact,8.175,8.675,0.500,2,1,0,3,1,false
EXP-06A,exp06a_practical_variant_4_k050,exact,8.675,9.375,0.700,3,0,0,3,1,false
EXP-06A,exp06a_practical_variant_4_k050,exact,9.375,9.750,0.375,2,1,0,3,1,false
EXP-06A,exp06a_practical_variant_4_k050,exact,9.750,10.475,0.725,2,0,0,2,2,false
EXP-06A,exp06a_practical_variant_4_k050,exact,10.475,10.975,0.500,1,1,0,2,2,false
EXP-06A,exp06a_practical_variant_4_k050,exact,10.975,12.200,1.225,1,0,0,1,3,false
EXP-06A,exp06a_practical_variant_4_k050,exact,12.200,13.200,1.000,0,1,0,1,3,false
EXP-06A,exp06a_practical_variant_4_k050,exact,13.200,13.950,0.750,0,1,0,1,3,false
EXP-06A,exp06a_practical_variant_4_k050,exact,13.950,14.200,0.250,1,1,0,2,2,false
EXP-06A,exp06a_practical_variant_4_k050,exact,14.200,15.000,0.800,2,0,0,2,2,false
EXP-06A,exp06a_practical_variant_4_k050,exact,15.000,15.250,0.250,1,1,0,2,2,false
EXP-06A,exp06a_practical_variant_4_k050,exact,15.250,16.950,1.700,1,0,0,1,3,false
EXP-06A,exp06a_practical_variant_4_k050,exact,16.950,17.700,0.750,0,1,0,1,3,false
EXP-06A,exp06a_practical_variant_4_k050,exact,17.700,17.825,0.125,0,1,0,1,3,false
EXP-06A,exp06a_practical_variant_4_k050,exact,17.825,18.225,0.400,1,0,0,1,3,false
EXP-06A,exp06a_practical_variant_4_k050,exact,18.225,18.350,0.125,0,1,0,1,3,false
EXP-06A,exp06a_practical_variant_4_k100,baseline,0,1.0,1.0,0,1,0,1,3,false
EXP-06A,exp06a_practical_variant_4_k100,baseline,1.0,4.2,3.2,1,0,0,1,3,false
EXP-06A,exp06a_practical_variant_4_k100,baseline,4.2,5.2,1.0,0,1,0,1,3,false
EXP-06A,exp06a_practical_variant_4_k100,baseline,5.2,6.7,1.5,0,1,1,2,2,false
EXP-06A,exp06a_practical_variant_4_k100,baseline,6.7,7.7,1.0,1,1,0,2,2,false
EXP-06A,exp06a_practical_variant_4_k100,baseline,7.7,10.5,2.8,2,0,0,2,2,false
EXP-06A,exp06a_practical_variant_4_k100,baseline,10.5,11.5,1.0,1,1,0,2,2,false
EXP-06A,exp06a_practical_variant_4_k100,baseline,11.5,12.1,0.6,1,1,0,2,2,false
EXP-06A,exp06a_practical_variant_4_k100,baseline,12.1,12.5,0.4,0,1,1,2,2,false
EXP-06A,exp06a_practical_variant_4_k100,baseline,12.5,14.0,1.5,1,1,0,2,2,false
EXP-06A,exp06a_practical_variant_4_k100,baseline,14.0,16.0,2.0,1,1,1,3,1,false
EXP-06A,exp06a_practical_variant_4_k100,baseline,16.0,16.1,0.1,2,1,0,3,1,false
EXP-06A,exp06a_practical_variant_4_k100,baseline,16.1,16.75,0.65,1,1,1,3,1,false
EXP-06A,exp06a_practical_variant_4_k100,baseline,16.75,17.75,1.00,2,1,0,3,1,false
EXP-06A,exp06a_practical_variant_4_k100,baseline,17.75,19.15,1.40,2,0,0,2,2,false
EXP-06A,exp06a_practical_variant_4_k100,baseline,19.15,19.90,0.75,1,1,0,2,2,false
EXP-06A,exp06a_practical_variant_4_k100,baseline,19.90,24.8,4.90,1,0,0,1,3,false
EXP-06A,exp06a_practical_variant_4_k100,baseline,24.8,26.8,2.0,0,1,0,1,3,false
EXP-06A,exp06a_practical_variant_4_k100,baseline,26.8,28.3,1.5,0,1,1,2,2,false
EXP-06A,exp06a_practical_variant_4_k100,baseline,28.3,28.8,0.5,1,1,0,2,2,false
EXP-06A,exp06a_practical_variant_4_k100,baseline,28.8,30.4,1.6,2,0,0,2,2,false
EXP-06A,exp06a_practical_variant_4_k100,baseline,30.4,30.9,0.5,1,1,0,2,2,false
EXP-06A,exp06a_practical_variant_4_k100,baseline,30.9,34.3,3.4,1,0,0,1,3,false
EXP-06A,exp06a_practical_variant_4_k100,baseline,34.3,35.8,1.5,0,1,0,1,3,false
EXP-06A,exp06a_practical_variant_4_k100,baseline,35.8,36.05,0.25,0,1,0,1,3,false
EXP-06A,exp06a_practical_variant_4_k100,baseline,36.05,36.85,0.80,1,0,0,1,3,false
EXP-06A,exp06a_practical_variant_4_k100,baseline,36.85,37.10,0.25,0,1,0,1,3,false
EXP-06A,exp06a_practical_variant_4_k100,exact,0,1.00,1.00,0,1,0,1,3,false
EXP-06A,exp06a_practical_variant_4_k100,exact,1.00,4.20,3.20,1,0,0,1,3,false
EXP-06A,exp06a_practical_variant_4_k100,exact,4.20,5.20,1.00,0,1,0,1,3,false
EXP-06A,exp06a_practical_variant_4_k100,exact,5.20,6.70,1.50,0,1,0,1,3,false
EXP-06A,exp06a_practical_variant_4_k100,exact,6.70,7.70,1.00,1,1,0,2,2,false
EXP-06A,exp06a_practical_variant_4_k100,exact,7.70,10.50,2.80,2,0,0,2,2,false
EXP-06A,exp06a_practical_variant_4_k100,exact,10.50,11.50,1.00,1,1,0,2,2,false
EXP-06A,exp06a_practical_variant_4_k100,exact,11.50,12.10,0.60,1,0,0,1,3,false
EXP-06A,exp06a_practical_variant_4_k100,exact,12.10,13.60,1.50,0,1,0,1,3,false
EXP-06A,exp06a_practical_variant_4_k100,exact,13.60,15.60,2.00,0,1,0,1,3,false
EXP-06A,exp06a_practical_variant_4_k100,exact,15.60,16.35,0.75,1,1,0,2,2,false
EXP-06A,exp06a_practical_variant_4_k100,exact,16.35,17.35,1.00,2,1,0,3,1,false
EXP-06A,exp06a_practical_variant_4_k100,exact,17.35,18.75,1.40,3,0,0,3,1,false
EXP-06A,exp06a_practical_variant_4_k100,exact,18.75,19.50,0.75,2,1,0,3,1,false
EXP-06A,exp06a_practical_variant_4_k100,exact,19.50,20.95,1.45,2,0,0,2,2,false
EXP-06A,exp06a_practical_variant_4_k100,exact,20.95,21.95,1.00,1,1,0,2,2,false
EXP-06A,exp06a_practical_variant_4_k100,exact,21.95,24.40,2.45,1,0,0,1,3,false
EXP-06A,exp06a_practical_variant_4_k100,exact,24.40,26.40,2.00,0,1,0,1,3,false
EXP-06A,exp06a_practical_variant_4_k100,exact,26.40,27.90,1.50,0,1,0,1,3,false
EXP-06A,exp06a_practical_variant_4_k100,exact,27.90,28.40,0.50,1,1,0,2,2,false
EXP-06A,exp06a_practical_variant_4_k100,exact,28.40,30.00,1.60,2,0,0,2,2,false
EXP-06A,exp06a_practical_variant_4_k100,exact,30.00,30.50,0.50,1,1,0,2,2,false
EXP-06A,exp06a_practical_variant_4_k100,exact,30.50,33.90,3.40,1,0,0,1,3,false
EXP-06A,exp06a_practical_variant_4_k100,exact,33.90,35.40,1.50,0,1,0,1,3,false
EXP-06A,exp06a_practical_variant_4_k100,exact,35.40,35.65,0.25,0,1,0,1,3,false
EXP-06A,exp06a_practical_variant_4_k100,exact,35.65,36.45,0.80,1,0,0,1,3,false
EXP-06A,exp06a_practical_variant_4_k100,exact,36.45,36.70,0.25,0,1,0,1,3,false
EXP-06A,exp06a_practical_variant_4_k200,baseline,0,2.0,2.0,0,1,0,1,3,false
EXP-06A,exp06a_practical_variant_4_k200,baseline,2.0,8.4,6.4,1,0,0,1,3,false
EXP-06A,exp06a_practical_variant_4_k200,baseline,8.4,10.4,2.0,0,1,0,1,3,false
EXP-06A,exp06a_practical_variant_4_k200,baseline,10.4,13.4,3.0,0,1,1,2,2,false
EXP-06A,exp06a_practical_variant_4_k200,baseline,13.4,15.4,2.0,1,1,0,2,2,false
EXP-06A,exp06a_practical_variant_4_k200,baseline,15.4,21.0,5.6,2,0,0,2,2,false
EXP-06A,exp06a_practical_variant_4_k200,baseline,21.0,23.0,2.0,1,1,0,2,2,false
EXP-06A,exp06a_practical_variant_4_k200,baseline,23.0,24.2,1.2,1,1,0,2,2,false
EXP-06A,exp06a_practical_variant_4_k200,baseline,24.2,25.0,0.8,0,1,1,2,2,false
EXP-06A,exp06a_practical_variant_4_k200,baseline,25.0,28.0,3.0,1,1,0,2,2,false
EXP-06A,exp06a_practical_variant_4_k200,baseline,28.0,32.0,4.0,1,1,1,3,1,false
EXP-06A,exp06a_practical_variant_4_k200,baseline,32.0,32.2,0.2,2,1,0,3,1,false
EXP-06A,exp06a_practical_variant_4_k200,baseline,32.2,33.50,1.30,1,1,1,3,1,false
EXP-06A,exp06a_practical_variant_4_k200,baseline,33.50,35.50,2.00,2,1,0,3,1,false
EXP-06A,exp06a_practical_variant_4_k200,baseline,35.50,38.30,2.80,2,0,0,2,2,false
EXP-06A,exp06a_practical_variant_4_k200,baseline,38.30,39.80,1.50,1,1,0,2,2,false
EXP-06A,exp06a_practical_variant_4_k200,baseline,39.80,49.6,9.80,1,0,0,1,3,false
EXP-06A,exp06a_practical_variant_4_k200,baseline,49.6,53.6,4.0,0,1,0,1,3,false
EXP-06A,exp06a_practical_variant_4_k200,baseline,53.6,56.6,3.0,0,1,1,2,2,false
EXP-06A,exp06a_practical_variant_4_k200,baseline,56.6,57.6,1.0,1,1,0,2,2,false
EXP-06A,exp06a_practical_variant_4_k200,baseline,57.6,60.8,3.2,2,0,0,2,2,false
EXP-06A,exp06a_practical_variant_4_k200,baseline,60.8,61.8,1.0,1,1,0,2,2,false
EXP-06A,exp06a_practical_variant_4_k200,baseline,61.8,68.6,6.8,1,0,0,1,3,false
EXP-06A,exp06a_practical_variant_4_k200,baseline,68.6,71.6,3.0,0,1,0,1,3,false
EXP-06A,exp06a_practical_variant_4_k200,baseline,71.6,72.10,0.50,0,1,0,1,3,false
EXP-06A,exp06a_practical_variant_4_k200,baseline,72.10,73.70,1.60,1,0,0,1,3,false
EXP-06A,exp06a_practical_variant_4_k200,baseline,73.70,74.20,0.50,0,1,0,1,3,false
EXP-06A,exp06a_practical_variant_4_k200,exact,0,2.00,2.00,0,1,0,1,3,false
EXP-06A,exp06a_practical_variant_4_k200,exact,2.00,8.40,6.40,1,0,0,1,3,false
EXP-06A,exp06a_practical_variant_4_k200,exact,8.40,10.40,2.00,0,1,0,1,3,false
EXP-06A,exp06a_practical_variant_4_k200,exact,10.40,13.40,3.00,0,1,0,1,3,false
EXP-06A,exp06a_practical_variant_4_k200,exact,13.40,15.40,2.00,1,1,0,2,2,false
EXP-06A,exp06a_practical_variant_4_k200,exact,15.40,21.00,5.60,2,0,0,2,2,false
EXP-06A,exp06a_practical_variant_4_k200,exact,21.00,23.00,2.00,1,1,0,2,2,false
EXP-06A,exp06a_practical_variant_4_k200,exact,23.00,24.20,1.20,1,0,0,1,3,false
EXP-06A,exp06a_practical_variant_4_k200,exact,24.20,27.20,3.00,0,1,0,1,3,false
EXP-06A,exp06a_practical_variant_4_k200,exact,27.20,31.20,4.00,0,1,0,1,3,false
EXP-06A,exp06a_practical_variant_4_k200,exact,31.20,32.70,1.50,1,1,0,2,2,false
EXP-06A,exp06a_practical_variant_4_k200,exact,32.70,34.70,2.00,2,1,0,3,1,false
EXP-06A,exp06a_practical_variant_4_k200,exact,34.70,37.50,2.80,3,0,0,3,1,false
EXP-06A,exp06a_practical_variant_4_k200,exact,37.50,39.00,1.50,2,1,0,3,1,false
EXP-06A,exp06a_practical_variant_4_k200,exact,39.00,41.90,2.90,2,0,0,2,2,false
EXP-06A,exp06a_practical_variant_4_k200,exact,41.90,43.90,2.00,1,1,0,2,2,false
EXP-06A,exp06a_practical_variant_4_k200,exact,43.90,48.80,4.90,1,0,0,1,3,false
EXP-06A,exp06a_practical_variant_4_k200,exact,48.80,52.80,4.00,0,1,0,1,3,false
EXP-06A,exp06a_practical_variant_4_k200,exact,52.80,55.80,3.00,0,1,0,1,3,false
EXP-06A,exp06a_practical_variant_4_k200,exact,55.80,56.80,1.00,1,1,0,2,2,false
EXP-06A,exp06a_practical_variant_4_k200,exact,56.80,60.00,3.20,2,0,0,2,2,false
EXP-06A,exp06a_practical_variant_4_k200,exact,60.00,61.00,1.00,1,1,0,2,2,false
EXP-06A,exp06a_practical_variant_4_k200,exact,61.00,67.80,6.80,1,0,0,1,3,false
EXP-06A,exp06a_practical_variant_4_k200,exact,67.80,70.80,3.00,0,1,0,1,3,false
EXP-06A,exp06a_practical_variant_4_k200,exact,70.80,71.30,0.50,0,1,0,1,3,false
EXP-06A,exp06a_practical_variant_4_k200,exact,71.30,72.90,1.60,1,0,0,1,3,false
EXP-06A,exp06a_practical_variant_4_k200,exact,72.90,73.40,0.50,0,1,0,1,3,false
EXP-06A,exp06a_practical_variant_4_k400,baseline,0,4.0,4.0,0,1,0,1,3,false
EXP-06A,exp06a_practical_variant_4_k400,baseline,4.0,16.8,12.8,1,0,0,1,3,false
EXP-06A,exp06a_practical_variant_4_k400,baseline,16.8,20.8,4.0,0,1,0,1,3,false
EXP-06A,exp06a_practical_variant_4_k400,baseline,20.8,26.8,6.0,0,1,1,2,2,false
EXP-06A,exp06a_practical_variant_4_k400,baseline,26.8,30.8,4.0,1,1,0,2,2,false
EXP-06A,exp06a_practical_variant_4_k400,baseline,30.8,42.0,11.2,2,0,0,2,2,false
EXP-06A,exp06a_practical_variant_4_k400,baseline,42.0,46.0,4.0,1,1,0,2,2,false
EXP-06A,exp06a_practical_variant_4_k400,baseline,46.0,48.4,2.4,1,1,0,2,2,false
EXP-06A,exp06a_practical_variant_4_k400,baseline,48.4,50.0,1.6,0,1,1,2,2,false
EXP-06A,exp06a_practical_variant_4_k400,baseline,50.0,56.0,6.0,1,1,0,2,2,false
EXP-06A,exp06a_practical_variant_4_k400,baseline,56.0,64.0,8.0,1,1,1,3,1,false
EXP-06A,exp06a_practical_variant_4_k400,baseline,64.0,64.4,0.4,2,1,0,3,1,false
EXP-06A,exp06a_practical_variant_4_k400,baseline,64.4,67.00,2.60,1,1,1,3,1,false
EXP-06A,exp06a_practical_variant_4_k400,baseline,67.00,71.00,4.00,2,1,0,3,1,false
EXP-06A,exp06a_practical_variant_4_k400,baseline,71.00,76.60,5.60,2,0,0,2,2,false
EXP-06A,exp06a_practical_variant_4_k400,baseline,76.60,79.60,3.00,1,1,0,2,2,false
EXP-06A,exp06a_practical_variant_4_k400,baseline,79.60,99.2,19.60,1,0,0,1,3,false
EXP-06A,exp06a_practical_variant_4_k400,baseline,99.2,107.2,8.0,0,1,0,1,3,false
EXP-06A,exp06a_practical_variant_4_k400,baseline,107.2,113.2,6.0,0,1,1,2,2,false
EXP-06A,exp06a_practical_variant_4_k400,baseline,113.2,115.2,2.0,1,1,0,2,2,false
EXP-06A,exp06a_practical_variant_4_k400,baseline,115.2,121.6,6.4,2,0,0,2,2,false
EXP-06A,exp06a_practical_variant_4_k400,baseline,121.6,123.6,2.0,1,1,0,2,2,false
EXP-06A,exp06a_practical_variant_4_k400,baseline,123.6,137.2,13.6,1,0,0,1,3,false
EXP-06A,exp06a_practical_variant_4_k400,baseline,137.2,143.2,6.0,0,1,0,1,3,false
EXP-06A,exp06a_practical_variant_4_k400,baseline,143.2,144.20,1.00,0,1,0,1,3,false
EXP-06A,exp06a_practical_variant_4_k400,baseline,144.20,147.40,3.20,1,0,0,1,3,false
EXP-06A,exp06a_practical_variant_4_k400,baseline,147.40,148.40,1.00,0,1,0,1,3,false
EXP-06A,exp06a_practical_variant_4_k400,exact,0,4.00,4.00,0,1,0,1,3,false
EXP-06A,exp06a_practical_variant_4_k400,exact,4.00,16.80,12.80,1,0,0,1,3,false
EXP-06A,exp06a_practical_variant_4_k400,exact,16.80,20.80,4.00,0,1,0,1,3,false
EXP-06A,exp06a_practical_variant_4_k400,exact,20.80,26.80,6.00,0,1,0,1,3,false
EXP-06A,exp06a_practical_variant_4_k400,exact,26.80,30.80,4.00,1,1,0,2,2,false
EXP-06A,exp06a_practical_variant_4_k400,exact,30.80,42.00,11.20,2,0,0,2,2,false
EXP-06A,exp06a_practical_variant_4_k400,exact,42.00,46.00,4.00,1,1,0,2,2,false
EXP-06A,exp06a_practical_variant_4_k400,exact,46.00,48.40,2.40,1,0,0,1,3,false
EXP-06A,exp06a_practical_variant_4_k400,exact,48.40,54.40,6.00,0,1,0,1,3,false
EXP-06A,exp06a_practical_variant_4_k400,exact,54.40,62.40,8.00,0,1,0,1,3,false
EXP-06A,exp06a_practical_variant_4_k400,exact,62.40,65.40,3.00,1,1,0,2,2,false
EXP-06A,exp06a_practical_variant_4_k400,exact,65.40,69.40,4.00,2,1,0,3,1,false
EXP-06A,exp06a_practical_variant_4_k400,exact,69.40,75.00,5.60,3,0,0,3,1,false
EXP-06A,exp06a_practical_variant_4_k400,exact,75.00,78.00,3.00,2,1,0,3,1,false
EXP-06A,exp06a_practical_variant_4_k400,exact,78.00,83.80,5.80,2,0,0,2,2,false
EXP-06A,exp06a_practical_variant_4_k400,exact,83.80,87.80,4.00,1,1,0,2,2,false
EXP-06A,exp06a_practical_variant_4_k400,exact,87.80,97.60,9.80,1,0,0,1,3,false
EXP-06A,exp06a_practical_variant_4_k400,exact,97.60,105.60,8.00,0,1,0,1,3,false
EXP-06A,exp06a_practical_variant_4_k400,exact,105.60,111.60,6.00,0,1,0,1,3,false
EXP-06A,exp06a_practical_variant_4_k400,exact,111.60,113.60,2.00,1,1,0,2,2,false
EXP-06A,exp06a_practical_variant_4_k400,exact,113.60,120.00,6.40,2,0,0,2,2,false
EXP-06A,exp06a_practical_variant_4_k400,exact,120.00,122.00,2.00,1,1,0,2,2,false
EXP-06A,exp06a_practical_variant_4_k400,exact,122.00,135.60,13.60,1,0,0,1,3,false
EXP-06A,exp06a_practical_variant_4_k400,exact,135.60,141.60,6.00,0,1,0,1,3,false
EXP-06A,exp06a_practical_variant_4_k400,exact,141.60,142.60,1.00,0,1,0,1,3,false
EXP-06A,exp06a_practical_variant_4_k400,exact,142.60,145.80,3.20,1,0,0,1,3,false
EXP-06A,exp06a_practical_variant_4_k400,exact,145.80,146.80,1.00,0,1,0,1,3,false
EXP-06A,exp06a_canonical_m1_k025,baseline,0,0.3750,0.3750,0,1,1,2,2,false
EXP-06A,exp06a_canonical_m1_k025,baseline,0.3750,0.5625,0.1875,1,1,0,2,2,false
EXP-06A,exp06a_canonical_m1_k025,baseline,0.5625,1.6875,1.1250,2,0,0,2,2,false
EXP-06A,exp06a_canonical_m1_k025,baseline,1.6875,1.8750,0.1875,1,1,0,2,2,false
EXP-06A,exp06a_canonical_m1_k025,baseline,1.8750,2.6250,0.7500,1,0,0,1,3,false
EXP-06A,exp06a_canonical_m1_k025,baseline,2.6250,3.0000,0.3750,0,1,0,1,3,false
EXP-06A,exp06a_canonical_m1_k025,baseline,3.0000,3.7500,0.7500,0,1,1,2,2,false
EXP-06A,exp06a_canonical_m1_k025,baseline,3.7500,4.3125,0.5625,1,1,0,2,2,false
EXP-06A,exp06a_canonical_m1_k025,baseline,4.3125,7.6875,3.3750,2,0,0,2,2,false
EXP-06A,exp06a_canonical_m1_k025,baseline,7.6875,8.2500,0.5625,1,1,0,2,2,false
EXP-06A,exp06a_canonical_m1_k025,baseline,8.2500,9.0000,0.7500,0,1,0,1,3,false
EXP-06A,exp06a_canonical_m1_k025,exact,0,0.3750000,0.3750000,0,1,0,1,3,false
EXP-06A,exp06a_canonical_m1_k025,exact,0.3750000,0.5625000,0.1875000,1,1,0,2,2,false
EXP-06A,exp06a_canonical_m1_k025,exact,0.5625000,1.6875000,1.1250000,2,0,0,2,2,false
EXP-06A,exp06a_canonical_m1_k025,exact,1.6875000,1.8750000,0.1875000,1,1,0,2,2,false
EXP-06A,exp06a_canonical_m1_k025,exact,1.8750000,2.6250000,0.7500000,1,0,0,1,3,false
EXP-06A,exp06a_canonical_m1_k025,exact,2.6250000,3.0000000,0.3750000,0,1,0,1,3,false
EXP-06A,exp06a_canonical_m1_k025,exact,3.0000000,3.7500000,0.7500000,0,1,0,1,3,false
EXP-06A,exp06a_canonical_m1_k025,exact,3.7500000,4.3125000,0.5625000,1,1,0,2,2,false
EXP-06A,exp06a_canonical_m1_k025,exact,4.3125000,7.6875000,3.3750000,2,0,0,2,2,false
EXP-06A,exp06a_canonical_m1_k025,exact,7.6875000,8.2500000,0.5625000,1,1,0,2,2,false
EXP-06A,exp06a_canonical_m1_k025,exact,8.2500000,9.0000000,0.7500000,0,1,0,1,3,false
EXP-06A,exp06a_canonical_m1_k050,baseline,0,0.750,0.750,0,1,1,2,2,false
EXP-06A,exp06a_canonical_m1_k050,baseline,0.750,1.125,0.375,1,1,0,2,2,false
EXP-06A,exp06a_canonical_m1_k050,baseline,1.125,3.375,2.250,2,0,0,2,2,false
EXP-06A,exp06a_canonical_m1_k050,baseline,3.375,3.750,0.375,1,1,0,2,2,false
EXP-06A,exp06a_canonical_m1_k050,baseline,3.750,5.250,1.500,1,0,0,1,3,false
EXP-06A,exp06a_canonical_m1_k050,baseline,5.250,6.000,0.750,0,1,0,1,3,false
EXP-06A,exp06a_canonical_m1_k050,baseline,6.000,7.500,1.500,0,1,1,2,2,false
EXP-06A,exp06a_canonical_m1_k050,baseline,7.500,8.625,1.125,1,1,0,2,2,false
EXP-06A,exp06a_canonical_m1_k050,baseline,8.625,15.375,6.750,2,0,0,2,2,false
EXP-06A,exp06a_canonical_m1_k050,baseline,15.375,16.500,1.125,1,1,0,2,2,false
EXP-06A,exp06a_canonical_m1_k050,baseline,16.500,18.000,1.500,0,1,0,1,3,false
EXP-06A,exp06a_canonical_m1_k050,exact,0,0.750000,0.750000,0,1,0,1,3,false
EXP-06A,exp06a_canonical_m1_k050,exact,0.750000,1.125000,0.375000,1,1,0,2,2,false
EXP-06A,exp06a_canonical_m1_k050,exact,1.125000,3.375000,2.250000,2,0,0,2,2,false
EXP-06A,exp06a_canonical_m1_k050,exact,3.375000,3.750000,0.375000,1,1,0,2,2,false
EXP-06A,exp06a_canonical_m1_k050,exact,3.750000,5.250000,1.500000,1,0,0,1,3,false
EXP-06A,exp06a_canonical_m1_k050,exact,5.250000,6.000000,0.750000,0,1,0,1,3,false
EXP-06A,exp06a_canonical_m1_k050,exact,6.000000,7.500000,1.500000,0,1,0,1,3,false
EXP-06A,exp06a_canonical_m1_k050,exact,7.500000,8.625000,1.125000,1,1,0,2,2,false
EXP-06A,exp06a_canonical_m1_k050,exact,8.625000,15.375000,6.750000,2,0,0,2,2,false
EXP-06A,exp06a_canonical_m1_k050,exact,15.375000,16.500000,1.125000,1,1,0,2,2,false
EXP-06A,exp06a_canonical_m1_k050,exact,16.500000,18.000000,1.500000,0,1,0,1,3,false
EXP-06A,exp06a_canonical_m1_k100,baseline,0,1.50,1.50,0,1,1,2,2,false
EXP-06A,exp06a_canonical_m1_k100,baseline,1.50,2.25,0.75,1,1,0,2,2,false
EXP-06A,exp06a_canonical_m1_k100,baseline,2.25,6.75,4.50,2,0,0,2,2,false
EXP-06A,exp06a_canonical_m1_k100,baseline,6.75,7.50,0.75,1,1,0,2,2,false
EXP-06A,exp06a_canonical_m1_k100,baseline,7.50,10.50,3.00,1,0,0,1,3,false
EXP-06A,exp06a_canonical_m1_k100,baseline,10.50,12.00,1.50,0,1,0,1,3,false
EXP-06A,exp06a_canonical_m1_k100,baseline,12.00,15.00,3.00,0,1,1,2,2,false
EXP-06A,exp06a_canonical_m1_k100,baseline,15.00,17.25,2.25,1,1,0,2,2,false
EXP-06A,exp06a_canonical_m1_k100,baseline,17.25,30.75,13.50,2,0,0,2,2,false
EXP-06A,exp06a_canonical_m1_k100,baseline,30.75,33.00,2.25,1,1,0,2,2,false
EXP-06A,exp06a_canonical_m1_k100,baseline,33.00,36.00,3.00,0,1,0,1,3,false
EXP-06A,exp06a_canonical_m1_k100,exact,0,1.50000,1.50000,0,1,0,1,3,false
EXP-06A,exp06a_canonical_m1_k100,exact,1.50000,2.25000,0.75000,1,1,0,2,2,false
EXP-06A,exp06a_canonical_m1_k100,exact,2.25000,6.75000,4.50000,2,0,0,2,2,false
EXP-06A,exp06a_canonical_m1_k100,exact,6.75000,7.50000,0.75000,1,1,0,2,2,false
EXP-06A,exp06a_canonical_m1_k100,exact,7.50000,10.50000,3.00000,1,0,0,1,3,false
EXP-06A,exp06a_canonical_m1_k100,exact,10.50000,12.00000,1.50000,0,1,0,1,3,false
EXP-06A,exp06a_canonical_m1_k100,exact,12.00000,15.00000,3.00000,0,1,0,1,3,false
EXP-06A,exp06a_canonical_m1_k100,exact,15.00000,17.25000,2.25000,1,1,0,2,2,false
EXP-06A,exp06a_canonical_m1_k100,exact,17.25000,30.75000,13.50000,2,0,0,2,2,false
EXP-06A,exp06a_canonical_m1_k100,exact,30.75000,33.00000,2.25000,1,1,0,2,2,false
EXP-06A,exp06a_canonical_m1_k100,exact,33.00000,36.00000,3.00000,0,1,0,1,3,false
EXP-06A,exp06a_canonical_m1_k200,baseline,0,3.00,3.00,0,1,1,2,2,false
EXP-06A,exp06a_canonical_m1_k200,baseline,3.00,4.50,1.50,1,1,0,2,2,false
EXP-06A,exp06a_canonical_m1_k200,baseline,4.50,13.50,9.00,2,0,0,2,2,false
EXP-06A,exp06a_canonical_m1_k200,baseline,13.50,15.00,1.50,1,1,0,2,2,false
EXP-06A,exp06a_canonical_m1_k200,baseline,15.00,21.00,6.00,1,0,0,1,3,false
EXP-06A,exp06a_canonical_m1_k200,baseline,21.00,24.00,3.00,0,1,0,1,3,false
EXP-06A,exp06a_canonical_m1_k200,baseline,24.00,30.00,6.00,0,1,1,2,2,false
EXP-06A,exp06a_canonical_m1_k200,baseline,30.00,34.50,4.50,1,1,0,2,2,false
EXP-06A,exp06a_canonical_m1_k200,baseline,34.50,61.50,27.00,2,0,0,2,2,false
EXP-06A,exp06a_canonical_m1_k200,baseline,61.50,66.00,4.50,1,1,0,2,2,false
EXP-06A,exp06a_canonical_m1_k200,baseline,66.00,72.00,6.00,0,1,0,1,3,false
EXP-06A,exp06a_canonical_m1_k200,exact,0,3.00000,3.00000,0,1,0,1,3,false
EXP-06A,exp06a_canonical_m1_k200,exact,3.00000,4.50000,1.50000,1,1,0,2,2,false
EXP-06A,exp06a_canonical_m1_k200,exact,4.50000,13.50000,9.00000,2,0,0,2,2,false
EXP-06A,exp06a_canonical_m1_k200,exact,13.50000,15.00000,1.50000,1,1,0,2,2,false
EXP-06A,exp06a_canonical_m1_k200,exact,15.00000,21.00000,6.00000,1,0,0,1,3,false
EXP-06A,exp06a_canonical_m1_k200,exact,21.00000,24.00000,3.00000,0,1,0,1,3,false
EXP-06A,exp06a_canonical_m1_k200,exact,24.00000,30.00000,6.00000,0,1,0,1,3,false
EXP-06A,exp06a_canonical_m1_k200,exact,30.00000,34.50000,4.50000,1,1,0,2,2,false
EXP-06A,exp06a_canonical_m1_k200,exact,34.50000,61.50000,27.00000,2,0,0,2,2,false
EXP-06A,exp06a_canonical_m1_k200,exact,61.50000,66.00000,4.50000,1,1,0,2,2,false
EXP-06A,exp06a_canonical_m1_k200,exact,66.00000,72.00000,6.00000,0,1,0,1,3,false
EXP-06A,exp06a_canonical_m1_k400,baseline,0,6.00,6.00,0,1,1,2,2,false
EXP-06A,exp06a_canonical_m1_k400,baseline,6.00,9.00,3.00,1,1,0,2,2,false
EXP-06A,exp06a_canonical_m1_k400,baseline,9.00,27.00,18.00,2,0,0,2,2,false
EXP-06A,exp06a_canonical_m1_k400,baseline,27.00,30.00,3.00,1,1,0,2,2,false
EXP-06A,exp06a_canonical_m1_k400,baseline,30.00,42.00,12.00,1,0,0,1,3,false
EXP-06A,exp06a_canonical_m1_k400,baseline,42.00,48.00,6.00,0,1,0,1,3,false
EXP-06A,exp06a_canonical_m1_k400,baseline,48.00,60.00,12.00,0,1,1,2,2,false
EXP-06A,exp06a_canonical_m1_k400,baseline,60.00,69.00,9.00,1,1,0,2,2,false
EXP-06A,exp06a_canonical_m1_k400,baseline,69.00,123.00,54.00,2,0,0,2,2,false
EXP-06A,exp06a_canonical_m1_k400,baseline,123.00,132.00,9.00,1,1,0,2,2,false
EXP-06A,exp06a_canonical_m1_k400,baseline,132.00,144.00,12.00,0,1,0,1,3,false
EXP-06A,exp06a_canonical_m1_k400,exact,0,6.00000,6.00000,0,1,0,1,3,false
EXP-06A,exp06a_canonical_m1_k400,exact,6.00000,9.00000,3.00000,1,1,0,2,2,false
EXP-06A,exp06a_canonical_m1_k400,exact,9.00000,27.00000,18.00000,2,0,0,2,2,false
EXP-06A,exp06a_canonical_m1_k400,exact,27.00000,30.00000,3.00000,1,1,0,2,2,false
EXP-06A,exp06a_canonical_m1_k400,exact,30.00000,42.00000,12.00000,1,0,0,1,3,false
EXP-06A,exp06a_canonical_m1_k400,exact,42.00000,48.00000,6.00000,0,1,0,1,3,false
EXP-06A,exp06a_canonical_m1_k400,exact,48.00000,60.00000,12.00000,0,1,0,1,3,false
EXP-06A,exp06a_canonical_m1_k400,exact,60.00000,69.00000,9.00000,1,1,0,2,2,false
EXP-06A,exp06a_canonical_m1_k400,exact,69.00000,123.00000,54.00000,2,0,0,2,2,false
EXP-06A,exp06a_canonical_m1_k400,exact,123.00000,132.00000,9.00000,1,1,0,2,2,false
EXP-06A,exp06a_canonical_m1_k400,exact,132.00000,144.00000,12.00000,0,1,0,1,3,false
EXP-06A,exp06a_canonical_m3_mixed_overhead_k025,baseline,0,0.3750,0.3750,0,1,1,2,2,false
EXP-06A,exp06a_canonical_m3_mixed_overhead_k025,baseline,0.3750,0.5625,0.1875,1,1,0,2,2,false
EXP-06A,exp06a_canonical_m3_mixed_overhead_k025,baseline,0.5625,1.6875,1.1250,2,0,0,2,2,false
EXP-06A,exp06a_canonical_m3_mixed_overhead_k025,baseline,1.6875,1.8750,0.1875,1,1,0,2,2,false
EXP-06A,exp06a_canonical_m3_mixed_overhead_k025,baseline,1.8750,2.6250,0.7500,1,0,0,1,3,false
EXP-06A,exp06a_canonical_m3_mixed_overhead_k025,baseline,2.6250,3.0000,0.3750,0,1,0,1,3,false
EXP-06A,exp06a_canonical_m3_mixed_overhead_k025,baseline,3.0000,3.5625,0.5625,0,1,3,4,0,true
EXP-06A,exp06a_canonical_m3_mixed_overhead_k025,baseline,3.5625,3.86250,0.30000,1,1,2,4,0,false
EXP-06A,exp06a_canonical_m3_mixed_overhead_k025,baseline,3.86250,4.16250,0.30000,2,1,1,4,0,false
EXP-06A,exp06a_canonical_m3_mixed_overhead_k025,baseline,4.16250,4.46250,0.30000,3,1,0,4,0,false
EXP-06A,exp06a_canonical_m3_mixed_overhead_k025,baseline,4.46250,5.41250,0.95000,4,0,0,4,0,false
EXP-06A,exp06a_canonical_m3_mixed_overhead_k025,baseline,5.41250,5.71250,0.30000,3,0,0,3,1,false
EXP-06A,exp06a_canonical_m3_mixed_overhead_k025,baseline,5.71250,6.01250,0.30000,2,0,0,2,2,false
EXP-06A,exp06a_canonical_m3_mixed_overhead_k025,baseline,6.01250,6.16250,0.15000,2,0,0,2,2,false
EXP-06A,exp06a_canonical_m3_mixed_overhead_k025,baseline,6.16250,6.9375,0.77500,1,1,0,2,2,false
EXP-06A,exp06a_canonical_m3_mixed_overhead_k025,baseline,6.9375,7.06250,0.12500,0,1,1,2,2,false
EXP-06A,exp06a_canonical_m3_mixed_overhead_k025,baseline,7.06250,7.62500,0.56250,0,1,0,1,3,false
EXP-06A,exp06a_canonical_m3_mixed_overhead_k025,exact,0,0.3750000,0.3750000,0,1,0,1,3,false
EXP-06A,exp06a_canonical_m3_mixed_overhead_k025,exact,0.3750000,0.5625000,0.1875000,1,1,0,2,2,false
EXP-06A,exp06a_canonical_m3_mixed_overhead_k025,exact,0.5625000,1.6875000,1.1250000,2,0,0,2,2,false
EXP-06A,exp06a_canonical_m3_mixed_overhead_k025,exact,1.6875000,1.8750000,0.1875000,1,1,0,2,2,false
EXP-06A,exp06a_canonical_m3_mixed_overhead_k025,exact,1.8750000,2.6250000,0.7500000,1,0,0,1,3,false
EXP-06A,exp06a_canonical_m3_mixed_overhead_k025,exact,2.6250000,3.0000000,0.3750000,0,1,0,1,3,false
EXP-06A,exp06a_canonical_m3_mixed_overhead_k025,exact,3.0000000,3.5625000,0.5625000,0,1,0,1,3,false
EXP-06A,exp06a_canonical_m3_mixed_overhead_k025,exact,3.5625000,3.8625000,0.3000000,1,1,0,2,2,false
EXP-06A,exp06a_canonical_m3_mixed_overhead_k025,exact,3.8625000,4.1625000,0.3000000,2,1,0,3,1,false
EXP-06A,exp06a_canonical_m3_mixed_overhead_k025,exact,4.1625000,4.4625000,0.3000000,3,1,0,4,0,false
EXP-06A,exp06a_canonical_m3_mixed_overhead_k025,exact,4.4625000,5.4125000,0.9500000,4,0,0,4,0,false
EXP-06A,exp06a_canonical_m3_mixed_overhead_k025,exact,5.4125000,5.7125000,0.3000000,3,0,0,3,1,false
EXP-06A,exp06a_canonical_m3_mixed_overhead_k025,exact,5.7125000,6.0125000,0.3000000,2,0,0,2,2,false
EXP-06A,exp06a_canonical_m3_mixed_overhead_k025,exact,6.0125000,6.1625000,0.1500000,2,0,0,2,2,false
EXP-06A,exp06a_canonical_m3_mixed_overhead_k025,exact,6.1625000,6.9375000,0.7750000,1,1,0,2,2,false
EXP-06A,exp06a_canonical_m3_mixed_overhead_k025,exact,6.9375000,7.0625000,0.1250000,0,1,1,2,2,false
EXP-06A,exp06a_canonical_m3_mixed_overhead_k025,exact,7.0625000,7.6250000,0.5625000,0,1,0,1,3,false
EXP-06A,exp06a_canonical_m3_mixed_overhead_k050,baseline,0,0.750,0.750,0,1,1,2,2,false
EXP-06A,exp06a_canonical_m3_mixed_overhead_k050,baseline,0.750,1.125,0.375,1,1,0,2,2,false
EXP-06A,exp06a_canonical_m3_mixed_overhead_k050,baseline,1.125,3.375,2.250,2,0,0,2,2,false
EXP-06A,exp06a_canonical_m3_mixed_overhead_k050,baseline,3.375,3.750,0.375,1,1,0,2,2,false
EXP-06A,exp06a_canonical_m3_mixed_overhead_k050,baseline,3.750,5.250,1.500,1,0,0,1,3,false
EXP-06A,exp06a_canonical_m3_mixed_overhead_k050,baseline,5.250,6.000,0.750,0,1,0,1,3,false
EXP-06A,exp06a_canonical_m3_mixed_overhead_k050,baseline,6.000,7.125,1.125,0,1,3,4,0,true
EXP-06A,exp06a_canonical_m3_mixed_overhead_k050,baseline,7.125,7.7250,0.6000,1,1,2,4,0,false
EXP-06A,exp06a_canonical_m3_mixed_overhead_k050,baseline,7.7250,8.3250,0.6000,2,1,1,4,0,false
EXP-06A,exp06a_canonical_m3_mixed_overhead_k050,baseline,8.3250,8.9250,0.6000,3,1,0,4,0,false
EXP-06A,exp06a_canonical_m3_mixed_overhead_k050,baseline,8.9250,10.8250,1.9000,4,0,0,4,0,false
EXP-06A,exp06a_canonical_m3_mixed_overhead_k050,baseline,10.8250,11.4250,0.6000,3,0,0,3,1,false
EXP-06A,exp06a_canonical_m3_mixed_overhead_k050,baseline,11.4250,12.0250,0.6000,2,0,0,2,2,false
EXP-06A,exp06a_canonical_m3_mixed_overhead_k050,baseline,12.0250,12.3250,0.3000,2,0,0,2,2,false
EXP-06A,exp06a_canonical_m3_mixed_overhead_k050,baseline,12.3250,13.875,1.5500,1,1,0,2,2,false
EXP-06A,exp06a_canonical_m3_mixed_overhead_k050,baseline,13.875,14.1250,0.2500,0,1,1,2,2,false
EXP-06A,exp06a_canonical_m3_mixed_overhead_k050,baseline,14.1250,15.2500,1.1250,0,1,0,1,3,false
EXP-06A,exp06a_canonical_m3_mixed_overhead_k050,exact,0,0.750000,0.750000,0,1,0,1,3,false
EXP-06A,exp06a_canonical_m3_mixed_overhead_k050,exact,0.750000,1.125000,0.375000,1,1,0,2,2,false
EXP-06A,exp06a_canonical_m3_mixed_overhead_k050,exact,1.125000,3.375000,2.250000,2,0,0,2,2,false
EXP-06A,exp06a_canonical_m3_mixed_overhead_k050,exact,3.375000,3.750000,0.375000,1,1,0,2,2,false
EXP-06A,exp06a_canonical_m3_mixed_overhead_k050,exact,3.750000,5.250000,1.500000,1,0,0,1,3,false
EXP-06A,exp06a_canonical_m3_mixed_overhead_k050,exact,5.250000,6.000000,0.750000,0,1,0,1,3,false
EXP-06A,exp06a_canonical_m3_mixed_overhead_k050,exact,6.000000,7.125000,1.125000,0,1,0,1,3,false
EXP-06A,exp06a_canonical_m3_mixed_overhead_k050,exact,7.125000,7.725000,0.600000,1,1,0,2,2,false
EXP-06A,exp06a_canonical_m3_mixed_overhead_k050,exact,7.725000,8.325000,0.600000,2,1,0,3,1,false
EXP-06A,exp06a_canonical_m3_mixed_overhead_k050,exact,8.325000,8.925000,0.600000,3,1,0,4,0,false
EXP-06A,exp06a_canonical_m3_mixed_overhead_k050,exact,8.925000,10.825000,1.900000,4,0,0,4,0,false
EXP-06A,exp06a_canonical_m3_mixed_overhead_k050,exact,10.825000,11.425000,0.600000,3,0,0,3,1,false
EXP-06A,exp06a_canonical_m3_mixed_overhead_k050,exact,11.425000,12.025000,0.600000,2,0,0,2,2,false
EXP-06A,exp06a_canonical_m3_mixed_overhead_k050,exact,12.025000,12.325000,0.300000,2,0,0,2,2,false
EXP-06A,exp06a_canonical_m3_mixed_overhead_k050,exact,12.325000,13.875000,1.550000,1,1,0,2,2,false
EXP-06A,exp06a_canonical_m3_mixed_overhead_k050,exact,13.875000,14.125000,0.250000,0,1,1,2,2,false
EXP-06A,exp06a_canonical_m3_mixed_overhead_k050,exact,14.125000,15.250000,1.125000,0,1,0,1,3,false
EXP-06A,exp06a_canonical_m3_mixed_overhead_k100,baseline,0,1.50,1.50,0,1,1,2,2,false
EXP-06A,exp06a_canonical_m3_mixed_overhead_k100,baseline,1.50,2.25,0.75,1,1,0,2,2,false
EXP-06A,exp06a_canonical_m3_mixed_overhead_k100,baseline,2.25,6.75,4.50,2,0,0,2,2,false
EXP-06A,exp06a_canonical_m3_mixed_overhead_k100,baseline,6.75,7.50,0.75,1,1,0,2,2,false
EXP-06A,exp06a_canonical_m3_mixed_overhead_k100,baseline,7.50,10.50,3.00,1,0,0,1,3,false
EXP-06A,exp06a_canonical_m3_mixed_overhead_k100,baseline,10.50,12.00,1.50,0,1,0,1,3,false
EXP-06A,exp06a_canonical_m3_mixed_overhead_k100,baseline,12.00,14.25,2.25,0,1,3,4,0,true
EXP-06A,exp06a_canonical_m3_mixed_overhead_k100,baseline,14.25,15.450,1.200,1,1,2,4,0,false
EXP-06A,exp06a_canonical_m3_mixed_overhead_k100,baseline,15.450,16.650,1.200,2,1,1,4,0,false
EXP-06A,exp06a_canonical_m3_mixed_overhead_k100,baseline,16.650,17.850,1.200,3,1,0,4,0,false
EXP-06A,exp06a_canonical_m3_mixed_overhead_k100,baseline,17.850,21.650,3.800,4,0,0,4,0,false
EXP-06A,exp06a_canonical_m3_mixed_overhead_k100,baseline,21.650,22.850,1.200,3,0,0,3,1,false
EXP-06A,exp06a_canonical_m3_mixed_overhead_k100,baseline,22.850,24.050,1.200,2,0,0,2,2,false
EXP-06A,exp06a_canonical_m3_mixed_overhead_k100,baseline,24.050,24.650,0.600,2,0,0,2,2,false
EXP-06A,exp06a_canonical_m3_mixed_overhead_k100,baseline,24.650,27.75,3.100,1,1,0,2,2,false
EXP-06A,exp06a_canonical_m3_mixed_overhead_k100,baseline,27.75,28.250,0.500,0,1,1,2,2,false
EXP-06A,exp06a_canonical_m3_mixed_overhead_k100,baseline,28.250,30.500,2.250,0,1,0,1,3,false
EXP-06A,exp06a_canonical_m3_mixed_overhead_k100,exact,0,1.50000,1.50000,0,1,0,1,3,false
EXP-06A,exp06a_canonical_m3_mixed_overhead_k100,exact,1.50000,2.25000,0.75000,1,1,0,2,2,false
EXP-06A,exp06a_canonical_m3_mixed_overhead_k100,exact,2.25000,6.75000,4.50000,2,0,0,2,2,false
EXP-06A,exp06a_canonical_m3_mixed_overhead_k100,exact,6.75000,7.50000,0.75000,1,1,0,2,2,false
EXP-06A,exp06a_canonical_m3_mixed_overhead_k100,exact,7.50000,10.50000,3.00000,1,0,0,1,3,false
EXP-06A,exp06a_canonical_m3_mixed_overhead_k100,exact,10.50000,12.00000,1.50000,0,1,0,1,3,false
EXP-06A,exp06a_canonical_m3_mixed_overhead_k100,exact,12.00000,14.25000,2.25000,0,1,0,1,3,false
EXP-06A,exp06a_canonical_m3_mixed_overhead_k100,exact,14.25000,15.45000,1.20000,1,1,0,2,2,false
EXP-06A,exp06a_canonical_m3_mixed_overhead_k100,exact,15.45000,16.65000,1.20000,2,1,0,3,1,false
EXP-06A,exp06a_canonical_m3_mixed_overhead_k100,exact,16.65000,17.85000,1.20000,3,1,0,4,0,false
EXP-06A,exp06a_canonical_m3_mixed_overhead_k100,exact,17.85000,21.65000,3.80000,4,0,0,4,0,false
EXP-06A,exp06a_canonical_m3_mixed_overhead_k100,exact,21.65000,22.85000,1.20000,3,0,0,3,1,false
EXP-06A,exp06a_canonical_m3_mixed_overhead_k100,exact,22.85000,24.05000,1.20000,2,0,0,2,2,false
EXP-06A,exp06a_canonical_m3_mixed_overhead_k100,exact,24.05000,24.65000,0.60000,2,0,0,2,2,false
EXP-06A,exp06a_canonical_m3_mixed_overhead_k100,exact,24.65000,27.75000,3.10000,1,1,0,2,2,false
EXP-06A,exp06a_canonical_m3_mixed_overhead_k100,exact,27.75000,28.25000,0.50000,0,1,1,2,2,false
EXP-06A,exp06a_canonical_m3_mixed_overhead_k100,exact,28.25000,30.50000,2.25000,0,1,0,1,3,false
EXP-06A,exp06a_canonical_m3_mixed_overhead_k200,baseline,0,3.00,3.00,0,1,1,2,2,false
EXP-06A,exp06a_canonical_m3_mixed_overhead_k200,baseline,3.00,4.50,1.50,1,1,0,2,2,false
EXP-06A,exp06a_canonical_m3_mixed_overhead_k200,baseline,4.50,13.50,9.00,2,0,0,2,2,false
EXP-06A,exp06a_canonical_m3_mixed_overhead_k200,baseline,13.50,15.00,1.50,1,1,0,2,2,false
EXP-06A,exp06a_canonical_m3_mixed_overhead_k200,baseline,15.00,21.00,6.00,1,0,0,1,3,false
EXP-06A,exp06a_canonical_m3_mixed_overhead_k200,baseline,21.00,24.00,3.00,0,1,0,1,3,false
EXP-06A,exp06a_canonical_m3_mixed_overhead_k200,baseline,24.00,28.50,4.50,0,1,3,4,0,true
EXP-06A,exp06a_canonical_m3_mixed_overhead_k200,baseline,28.50,30.900,2.400,1,1,2,4,0,false
EXP-06A,exp06a_canonical_m3_mixed_overhead_k200,baseline,30.900,33.300,2.400,2,1,1,4,0,false
EXP-06A,exp06a_canonical_m3_mixed_overhead_k200,baseline,33.300,35.700,2.400,3,1,0,4,0,false
EXP-06A,exp06a_canonical_m3_mixed_overhead_k200,baseline,35.700,43.300,7.600,4,0,0,4,0,false
EXP-06A,exp06a_canonical_m3_mixed_overhead_k200,baseline,43.300,45.700,2.400,3,0,0,3,1,false
EXP-06A,exp06a_canonical_m3_mixed_overhead_k200,baseline,45.700,48.100,2.400,2,0,0,2,2,false
EXP-06A,exp06a_canonical_m3_mixed_overhead_k200,baseline,48.100,49.300,1.200,2,0,0,2,2,false
EXP-06A,exp06a_canonical_m3_mixed_overhead_k200,baseline,49.300,55.50,6.200,1,1,0,2,2,false
EXP-06A,exp06a_canonical_m3_mixed_overhead_k200,baseline,55.50,56.500,1.000,0,1,1,2,2,false
EXP-06A,exp06a_canonical_m3_mixed_overhead_k200,baseline,56.500,61.000,4.500,0,1,0,1,3,false
EXP-06A,exp06a_canonical_m3_mixed_overhead_k200,exact,0,3.00000,3.00000,0,1,0,1,3,false
EXP-06A,exp06a_canonical_m3_mixed_overhead_k200,exact,3.00000,4.50000,1.50000,1,1,0,2,2,false
EXP-06A,exp06a_canonical_m3_mixed_overhead_k200,exact,4.50000,13.50000,9.00000,2,0,0,2,2,false
EXP-06A,exp06a_canonical_m3_mixed_overhead_k200,exact,13.50000,15.00000,1.50000,1,1,0,2,2,false
EXP-06A,exp06a_canonical_m3_mixed_overhead_k200,exact,15.00000,21.00000,6.00000,1,0,0,1,3,false
EXP-06A,exp06a_canonical_m3_mixed_overhead_k200,exact,21.00000,24.00000,3.00000,0,1,0,1,3,false
EXP-06A,exp06a_canonical_m3_mixed_overhead_k200,exact,24.00000,28.50000,4.50000,0,1,0,1,3,false
EXP-06A,exp06a_canonical_m3_mixed_overhead_k200,exact,28.50000,30.90000,2.40000,1,1,0,2,2,false
EXP-06A,exp06a_canonical_m3_mixed_overhead_k200,exact,30.90000,33.30000,2.40000,2,1,0,3,1,false
EXP-06A,exp06a_canonical_m3_mixed_overhead_k200,exact,33.30000,35.70000,2.40000,3,1,0,4,0,false
EXP-06A,exp06a_canonical_m3_mixed_overhead_k200,exact,35.70000,43.30000,7.60000,4,0,0,4,0,false
EXP-06A,exp06a_canonical_m3_mixed_overhead_k200,exact,43.30000,45.70000,2.40000,3,0,0,3,1,false
EXP-06A,exp06a_canonical_m3_mixed_overhead_k200,exact,45.70000,48.10000,2.40000,2,0,0,2,2,false
EXP-06A,exp06a_canonical_m3_mixed_overhead_k200,exact,48.10000,49.30000,1.20000,2,0,0,2,2,false
EXP-06A,exp06a_canonical_m3_mixed_overhead_k200,exact,49.30000,55.50000,6.20000,1,1,0,2,2,false
EXP-06A,exp06a_canonical_m3_mixed_overhead_k200,exact,55.50000,56.50000,1.00000,0,1,1,2,2,false
EXP-06A,exp06a_canonical_m3_mixed_overhead_k200,exact,56.50000,61.00000,4.50000,0,1,0,1,3,false
EXP-06A,exp06a_canonical_m3_mixed_overhead_k400,baseline,0,6.00,6.00,0,1,1,2,2,false
EXP-06A,exp06a_canonical_m3_mixed_overhead_k400,baseline,6.00,9.00,3.00,1,1,0,2,2,false
EXP-06A,exp06a_canonical_m3_mixed_overhead_k400,baseline,9.00,27.00,18.00,2,0,0,2,2,false
EXP-06A,exp06a_canonical_m3_mixed_overhead_k400,baseline,27.00,30.00,3.00,1,1,0,2,2,false
EXP-06A,exp06a_canonical_m3_mixed_overhead_k400,baseline,30.00,42.00,12.00,1,0,0,1,3,false
EXP-06A,exp06a_canonical_m3_mixed_overhead_k400,baseline,42.00,48.00,6.00,0,1,0,1,3,false
EXP-06A,exp06a_canonical_m3_mixed_overhead_k400,baseline,48.00,57.00,9.00,0,1,3,4,0,true
EXP-06A,exp06a_canonical_m3_mixed_overhead_k400,baseline,57.00,61.800,4.800,1,1,2,4,0,false
EXP-06A,exp06a_canonical_m3_mixed_overhead_k400,baseline,61.800,66.600,4.800,2,1,1,4,0,false
EXP-06A,exp06a_canonical_m3_mixed_overhead_k400,baseline,66.600,71.400,4.800,3,1,0,4,0,false
EXP-06A,exp06a_canonical_m3_mixed_overhead_k400,baseline,71.400,86.600,15.200,4,0,0,4,0,false
EXP-06A,exp06a_canonical_m3_mixed_overhead_k400,baseline,86.600,91.400,4.800,3,0,0,3,1,false
EXP-06A,exp06a_canonical_m3_mixed_overhead_k400,baseline,91.400,96.200,4.800,2,0,0,2,2,false
EXP-06A,exp06a_canonical_m3_mixed_overhead_k400,baseline,96.200,98.600,2.400,2,0,0,2,2,false
EXP-06A,exp06a_canonical_m3_mixed_overhead_k400,baseline,98.600,111.00,12.400,1,1,0,2,2,false
EXP-06A,exp06a_canonical_m3_mixed_overhead_k400,baseline,111.00,113.000,2.000,0,1,1,2,2,false
EXP-06A,exp06a_canonical_m3_mixed_overhead_k400,baseline,113.000,122.000,9.000,0,1,0,1,3,false
EXP-06A,exp06a_canonical_m3_mixed_overhead_k400,exact,0,6.00000,6.00000,0,1,0,1,3,false
EXP-06A,exp06a_canonical_m3_mixed_overhead_k400,exact,6.00000,9.00000,3.00000,1,1,0,2,2,false
EXP-06A,exp06a_canonical_m3_mixed_overhead_k400,exact,9.00000,27.00000,18.00000,2,0,0,2,2,false
EXP-06A,exp06a_canonical_m3_mixed_overhead_k400,exact,27.00000,30.00000,3.00000,1,1,0,2,2,false
EXP-06A,exp06a_canonical_m3_mixed_overhead_k400,exact,30.00000,42.00000,12.00000,1,0,0,1,3,false
EXP-06A,exp06a_canonical_m3_mixed_overhead_k400,exact,42.00000,48.00000,6.00000,0,1,0,1,3,false
EXP-06A,exp06a_canonical_m3_mixed_overhead_k400,exact,48.00000,57.00000,9.00000,0,1,0,1,3,false
EXP-06A,exp06a_canonical_m3_mixed_overhead_k400,exact,57.00000,61.80000,4.80000,1,1,0,2,2,false
EXP-06A,exp06a_canonical_m3_mixed_overhead_k400,exact,61.80000,66.60000,4.80000,2,1,0,3,1,false
EXP-06A,exp06a_canonical_m3_mixed_overhead_k400,exact,66.60000,71.40000,4.80000,3,1,0,4,0,false
EXP-06A,exp06a_canonical_m3_mixed_overhead_k400,exact,71.40000,86.60000,15.20000,4,0,0,4,0,false
EXP-06A,exp06a_canonical_m3_mixed_overhead_k400,exact,86.60000,91.40000,4.80000,3,0,0,3,1,false
EXP-06A,exp06a_canonical_m3_mixed_overhead_k400,exact,91.40000,96.20000,4.80000,2,0,0,2,2,false
EXP-06A,exp06a_canonical_m3_mixed_overhead_k400,exact,96.20000,98.60000,2.40000,2,0,0,2,2,false
EXP-06A,exp06a_canonical_m3_mixed_overhead_k400,exact,98.60000,111.00000,12.40000,1,1,0,2,2,false
EXP-06A,exp06a_canonical_m3_mixed_overhead_k400,exact,111.00000,113.00000,2.00000,0,1,1,2,2,false
EXP-06A,exp06a_canonical_m3_mixed_overhead_k400,exact,113.00000,122.00000,9.00000,0,1,0,1,3,false
