experiment_id,stream,namespace,dag_id,cell_id,task_count,topology_family,weight_type,target_rho_l_bin,observation_index,attempt,raw_seed,accepted,reason,rho_l,longest_path_count,rho_h_low,rho_h_high
EXP-08,development,EXP-08-development-v1,exp08_development_n8_wide_layered_homogeneous_00,n8_wide_layered_homogeneous,8,wide_layered,homogeneous,low,0,0,1485922998514961912,true,accepted_all_structural_and_allocator_checks,0.25,7,0.3,0.7
EXP-08,development,EXP-08-development-v1,exp08_development_n8_wide_layered_homogeneous_01,n8_wide_layered_homogeneous,8,wide_layered,homogeneous,low,1,0,14983474458814361450,true,accepted_all_structural_and_allocator_checks,0.25,7,0.3,0.7
EXP-08,development,EXP-08-development-v1,exp08_development_n8_wide_layered_homogeneous_02,n8_wide_layered_homogeneous,8,wide_layered,homogeneous,low,2,0,15794023818595983800,true,accepted_all_structural_and_allocator_checks,0.25,7,0.3,0.7
EXP-08,development,EXP-08-development-v1,exp08_development_n8_wide_layered_homogeneous_03,n8_wide_layered_homogeneous,8,wide_layered,homogeneous,low,3,0,16130362182656611850,true,accepted_all_structural_and_allocator_checks,0.25,7,0.3,0.7
EXP-08,development,EXP-08-development-v1,exp08_development_n8_wide_layered_homogeneous_04,n8_wide_layered_homogeneous,8,wide_layered,homogeneous,low,4,0,3351474414782827032,true,accepted_all_structural_and_allocator_checks,0.25,7,0.3,0.7
EXP-08,development,EXP-08-development-v1,exp08_development_n8_wide_layered_homogeneous_05,n8_wide_layered_homogeneous,8,wide_layered,homogeneous,low,5,0,17694833005016331194,true,accepted_all_structural_and_allocator_checks,0.25,7,0.3,0.7
EXP-08,development,EXP-08-development-v1,exp08_development_n8_wide_layered_homogeneous_06,n8_wide_layered_homogeneous,8,wide_layered,homogeneous,low,6,0,10854121975605126089,true,accepted_all_structural_and_allocator_checks,0.25,7,0.3,0.7
EXP-08,development,EXP-08-development-v1,exp08_development_n8_wide_layered_homogeneous_07,n8_wide_layered_homogeneous,8,wide_layered,homogeneous,low,7,0,12875841809099771555,true,accepted_all_structural_and_allocator_checks,0.25,7,0.3,0.7
EXP-08,development,EXP-08-development-v1,exp08_development_n8_wide_layered_homogeneous_08,n8_wide_layered_homogeneous,8,wide_layered,homogeneous,low,8,0,16144450390355723386,true,accepted_all_structural_and_allocator_checks,0.25,7,0.3,0.7
EXP-08,development,EXP-08-development-v1,exp08_development_n8_wide_layered_homogeneous_09,n8_wide_layered_homogeneous,8,wide_layered,homogeneous,low,9,0,5029409556576491000,true,accepted_all_structural_and_allocator_checks,0.25,7,0.3,0.7
EXP-08,development,EXP-08-development-v1,exp08_development_n8_wide_layered_lognormal_00,n8_wide_layered_lognormal,8,wide_layered,lognormal,low,0,0,13193675944210979987,false,rho_l_outside_target_bin,0.4,1,,
EXP-08,development,EXP-08-development-v1,exp08_development_n8_wide_layered_lognormal_00,n8_wide_layered_lognormal,8,wide_layered,lognormal,low,0,1,9504229812093619567,false,rho_l_outside_target_bin,0.3846153846153846153846153846,1,,
EXP-08,development,EXP-08-development-v1,exp08_development_n8_wide_layered_lognormal_00,n8_wide_layered_lognormal,8,wide_layered,lognormal,low,0,2,17226843342371905021,false,rho_l_outside_target_bin,0.3529411764705882352941176471,1,,
EXP-08,development,EXP-08-development-v1,exp08_development_n8_wide_layered_lognormal_00,n8_wide_layered_lognormal,8,wide_layered,lognormal,low,0,3,14449174811040931262,false,rho_l_outside_target_bin,0.3125,1,,
EXP-08,development,EXP-08-development-v1,exp08_development_n8_wide_layered_lognormal_00,n8_wide_layered_lognormal,8,wide_layered,lognormal,low,0,4,4374649782709797194,false,rho_l_outside_target_bin,0.3809523809523809523809523810,1,,
EXP-08,development,EXP-08-development-v1,exp08_development_n8_wide_layered_lognormal_00,n8_wide_layered_lognormal,8,wide_layered,lognormal,low,0,5,380321794304750012,true,accepted_all_structural_and_allocator_checks,0.2727272727272727272727272727,1,0.3,0.7
EXP-08,development,EXP-08-development-v1,exp08_development_n8_wide_layered_lognormal_01,n8_wide_layered_lognormal,8,wide_layered,lognormal,low,1,0,5559467569545270060,false,rho_l_outside_target_bin,0.3571428571428571428571428571,1,,
EXP-08,development,EXP-08-development-v1,exp08_development_n8_wide_layered_lognormal_01,n8_wide_layered_lognormal,8,wide_layered,lognormal,low,1,1,258423329567570206,false,rho_l_outside_target_bin,0.35,1,,
EXP-08,development,EXP-08-development-v1,exp08_development_n8_wide_layered_lognormal_01,n8_wide_layered_lognormal,8,wide_layered,lognormal,low,1,2,17610335415708359335,false,rho_l_outside_target_bin,0.4210526315789473684210526316,1,,
EXP-08,development,EXP-08-development-v1,exp08_development_n8_wide_layered_lognormal_01,n8_wide_layered_lognormal,8,wide_layered,lognormal,low,1,3,13389701947416923538,false,rho_l_outside_target_bin,0.3333333333333333333333333333,1,,
EXP-08,development,EXP-08-development-v1,exp08_development_n8_wide_layered_lognormal_01,n8_wide_layered_lognormal,8,wide_layered,lognormal,low,1,4,5858637030193194004,true,accepted_all_structural_and_allocator_checks,0.2777777777777777777777777778,1,0.3,0.7
EXP-08,development,EXP-08-development-v1,exp08_development_n8_wide_layered_lognormal_02,n8_wide_layered_lognormal,8,wide_layered,lognormal,low,2,0,6254168771996676886,false,rho_l_outside_target_bin,0.3,2,,
EXP-08,development,EXP-08-development-v1,exp08_development_n8_wide_layered_lognormal_02,n8_wide_layered_lognormal,8,wide_layered,lognormal,low,2,1,2048994501967461558,true,accepted_all_structural_and_allocator_checks,0.2857142857142857142857142857,1,0.3,0.7
EXP-08,development,EXP-08-development-v1,exp08_development_n8_wide_layered_lognormal_03,n8_wide_layered_lognormal,8,wide_layered,lognormal,low,3,0,8446697223299331649,false,rho_l_outside_target_bin,0.3333333333333333333333333333,2,,
EXP-08,development,EXP-08-development-v1,exp08_development_n8_wide_layered_lognormal_03,n8_wide_layered_lognormal,8,wide_layered,lognormal,low,3,1,805878454219954514,false,rho_l_outside_target_bin,0.3684210526315789473684210526,1,,
EXP-08,development,EXP-08-development-v1,exp08_development_n8_wide_layered_lognormal_03,n8_wide_layered_lognormal,8,wide_layered,lognormal,low,3,2,12606343906740036803,true,accepted_all_structural_and_allocator_checks,0.2777777777777777777777777778,3,0.3,0.7
EXP-08,development,EXP-08-development-v1,exp08_development_n8_wide_layered_lognormal_04,n8_wide_layered_lognormal,8,wide_layered,lognormal,low,4,0,2141472457328323771,true,accepted_all_structural_and_allocator_checks,0.28,2,0.3,0.7
EXP-08,development,EXP-08-development-v1,exp08_development_n8_wide_layered_lognormal_05,n8_wide_layered_lognormal,8,wide_layered,lognormal,low,5,0,14510878293852048157,true,accepted_all_structural_and_allocator_checks,0.2857142857142857142857142857,1,0.3,0.7
EXP-08,development,EXP-08-development-v1,exp08_development_n8_wide_layered_lognormal_06,n8_wide_layered_lognormal,8,wide_layered,lognormal,low,6,0,16035519101373256061,true,accepted_all_structural_and_allocator_checks,0.2777777777777777777777777778,1,0.3,0.7
EXP-08,development,EXP-08-development-v1,exp08_development_n8_wide_layered_lognormal_07,n8_wide_layered_lognormal,8,wide_layered,lognormal,low,7,0,17719004742152239436,false,rho_l_outside_target_bin,0.3333333333333333333333333333,1,,
EXP-08,development,EXP-08-development-v1,exp08_development_n8_wide_layered_lognormal_07,n8_wide_layered_lognormal,8,wide_layered,lognormal,low,7,1,7238649597890220824,false,rho_l_outside_target_bin,0.5555555555555555555555555556,1,,
EXP-08,development,EXP-08-development-v1,exp08_development_n8_wide_layered_lognormal_07,n8_wide_layered_lognormal,8,wide_layered,lognormal,low,7,2,18130860888969781621,false,rho_l_outside_target_bin,0.375,1,,
EXP-08,development,EXP-08-development-v1,exp08_development_n8_wide_layered_lognormal_07,n8_wide_layered_lognormal,8,wide_layered,lognormal,low,7,3,16247360284769214772,false,rho_l_outside_target_bin,0.3333333333333333333333333333,2,,
EXP-08,development,EXP-08-development-v1,exp08_development_n8_wide_layered_lognormal_07,n8_wide_layered_lognormal,8,wide_layered,lognormal,low,7,4,17603656762127895968,false,rho_l_outside_target_bin,0.4210526315789473684210526316,1,,
EXP-08,development,EXP-08-development-v1,exp08_development_n8_wide_layered_lognormal_07,n8_wide_layered_lognormal,8,wide_layered,lognormal,low,7,5,6302023823830391198,false,rho_l_outside_target_bin,0.45,1,,
EXP-08,development,EXP-08-development-v1,exp08_development_n8_wide_layered_lognormal_07,n8_wide_layered_lognormal,8,wide_layered,lognormal,low,7,6,11115345621168183894,true,accepted_all_structural_and_allocator_checks,0.25,3,0.3,0.7
EXP-08,development,EXP-08-development-v1,exp08_development_n8_wide_layered_lognormal_08,n8_wide_layered_lognormal,8,wide_layered,lognormal,low,8,0,15924486382174934251,false,rho_l_outside_target_bin,0.3125,1,,
EXP-08,development,EXP-08-development-v1,exp08_development_n8_wide_layered_lognormal_08,n8_wide_layered_lognormal,8,wide_layered,lognormal,low,8,1,6584257137482651894,false,rho_l_outside_target_bin,0.3125,1,,
EXP-08,development,EXP-08-development-v1,exp08_development_n8_wide_layered_lognormal_08,n8_wide_layered_lognormal,8,wide_layered,lognormal,low,8,2,1463833721590252158,false,rho_l_outside_target_bin,0.3333333333333333333333333333,1,,
EXP-08,development,EXP-08-development-v1,exp08_development_n8_wide_layered_lognormal_08,n8_wide_layered_lognormal,8,wide_layered,lognormal,low,8,3,13192095429097956390,true,accepted_all_structural_and_allocator_checks,0.2692307692307692307692307692,2,0.3,0.7
EXP-08,development,EXP-08-development-v1,exp08_development_n8_wide_layered_lognormal_09,n8_wide_layered_lognormal,8,wide_layered,lognormal,low,9,0,8121148655114357030,false,rho_l_outside_target_bin,0.375,2,,
EXP-08,development,EXP-08-development-v1,exp08_development_n8_wide_layered_lognormal_09,n8_wide_layered_lognormal,8,wide_layered,lognormal,low,9,1,8892319576791214954,true,accepted_all_structural_and_allocator_checks,0.25,3,0.3,0.7
EXP-08,development,EXP-08-development-v1,exp08_development_n8_mixed_homogeneous_00,n8_mixed_homogeneous,8,mixed,homogeneous,medium,0,0,2182609406094968800,true,accepted_all_structural_and_allocator_checks,0.5,6,0.3,0.7
EXP-08,development,EXP-08-development-v1,exp08_development_n8_mixed_homogeneous_01,n8_mixed_homogeneous,8,mixed,homogeneous,medium,1,0,9892174135954000567,true,accepted_all_structural_and_allocator_checks,0.5,5,0.3,0.7
EXP-08,development,EXP-08-development-v1,exp08_development_n8_mixed_homogeneous_02,n8_mixed_homogeneous,8,mixed,homogeneous,medium,2,0,15869409640170535113,true,accepted_all_structural_and_allocator_checks,0.5,5,0.3,0.7
EXP-08,development,EXP-08-development-v1,exp08_development_n8_mixed_homogeneous_03,n8_mixed_homogeneous,8,mixed,homogeneous,medium,3,0,10406762873186395839,true,accepted_all_structural_and_allocator_checks,0.5,4,0.3,0.7
EXP-08,development,EXP-08-development-v1,exp08_development_n8_mixed_homogeneous_04,n8_mixed_homogeneous,8,mixed,homogeneous,medium,4,0,14397276232572177788,true,accepted_all_structural_and_allocator_checks,0.5,4,0.3,0.7
EXP-08,development,EXP-08-development-v1,exp08_development_n8_mixed_homogeneous_05,n8_mixed_homogeneous,8,mixed,homogeneous,medium,5,0,7548566644715915946,true,accepted_all_structural_and_allocator_checks,0.5,4,0.3,0.7
EXP-08,development,EXP-08-development-v1,exp08_development_n8_mixed_homogeneous_06,n8_mixed_homogeneous,8,mixed,homogeneous,medium,6,0,8250879231183347006,true,accepted_all_structural_and_allocator_checks,0.5,4,0.3,0.7
EXP-08,development,EXP-08-development-v1,exp08_development_n8_mixed_homogeneous_07,n8_mixed_homogeneous,8,mixed,homogeneous,medium,7,0,15134015652275411087,true,accepted_all_structural_and_allocator_checks,0.5,4,0.3,0.7
EXP-08,development,EXP-08-development-v1,exp08_development_n8_mixed_homogeneous_08,n8_mixed_homogeneous,8,mixed,homogeneous,medium,8,0,16084693446905707435,true,accepted_all_structural_and_allocator_checks,0.5,5,0.3,0.7
EXP-08,development,EXP-08-development-v1,exp08_development_n8_mixed_homogeneous_09,n8_mixed_homogeneous,8,mixed,homogeneous,medium,9,0,11650820281315315591,true,accepted_all_structural_and_allocator_checks,0.5,5,0.3,0.7
EXP-08,development,EXP-08-development-v1,exp08_development_n8_mixed_lognormal_00,n8_mixed_lognormal,8,mixed,lognormal,medium,0,0,15112957089190930668,true,accepted_all_structural_and_allocator_checks,0.56,1,0.3,0.7
EXP-08,development,EXP-08-development-v1,exp08_development_n8_mixed_lognormal_01,n8_mixed_lognormal,8,mixed,lognormal,medium,1,0,9516161190318588158,true,accepted_all_structural_and_allocator_checks,0.5714285714285714285714285714,3,0.3,0.7
EXP-08,development,EXP-08-development-v1,exp08_development_n8_mixed_lognormal_02,n8_mixed_lognormal,8,mixed,lognormal,medium,2,0,16081932079488885078,true,accepted_all_structural_and_allocator_checks,0.5,1,0.3,0.7
EXP-08,development,EXP-08-development-v1,exp08_development_n8_mixed_lognormal_03,n8_mixed_lognormal,8,mixed,lognormal,medium,3,0,8525096700530711205,false,rho_l_outside_target_bin,0.7777777777777777777777777778,1,,
EXP-08,development,EXP-08-development-v1,exp08_development_n8_mixed_lognormal_03,n8_mixed_lognormal,8,mixed,lognormal,medium,3,1,13807832589214129371,true,accepted_all_structural_and_allocator_checks,0.5555555555555555555555555556,1,0.3,0.7
EXP-08,development,EXP-08-development-v1,exp08_development_n8_mixed_lognormal_04,n8_mixed_lognormal,8,mixed,lognormal,medium,4,0,6210123594186349050,false,rho_l_outside_target_bin,0.625,2,,
EXP-08,development,EXP-08-development-v1,exp08_development_n8_mixed_lognormal_04,n8_mixed_lognormal,8,mixed,lognormal,medium,4,1,16730600645408066043,true,accepted_all_structural_and_allocator_checks,0.5714285714285714285714285714,2,0.3,0.7
EXP-08,development,EXP-08-development-v1,exp08_development_n8_mixed_lognormal_05,n8_mixed_lognormal,8,mixed,lognormal,medium,5,0,15944478877620279905,false,rho_l_outside_target_bin,0.6086956521739130434782608696,1,,
EXP-08,development,EXP-08-development-v1,exp08_development_n8_mixed_lognormal_05,n8_mixed_lognormal,8,mixed,lognormal,medium,5,1,14798454247445441236,false,rho_l_outside_target_bin,0.6111111111111111111111111111,1,,
EXP-08,development,EXP-08-development-v1,exp08_development_n8_mixed_lognormal_05,n8_mixed_lognormal,8,mixed,lognormal,medium,5,2,224873315816080321,false,rho_l_outside_target_bin,0.68,1,,
EXP-08,development,EXP-08-development-v1,exp08_development_n8_mixed_lognormal_05,n8_mixed_lognormal,8,mixed,lognormal,medium,5,3,1308676871831966353,false,rho_l_outside_target_bin,0.6666666666666666666666666667,1,,
EXP-08,development,EXP-08-development-v1,exp08_development_n8_mixed_lognormal_05,n8_mixed_lognormal,8,mixed,lognormal,medium,5,4,15123517192358557673,false,rho_l_outside_target_bin,0.7058823529411764705882352941,1,,
EXP-08,development,EXP-08-development-v1,exp08_development_n8_mixed_lognormal_05,n8_mixed_lognormal,8,mixed,lognormal,medium,5,5,8744123860844565020,false,rho_l_outside_target_bin,0.6111111111111111111111111111,1,,
EXP-08,development,EXP-08-development-v1,exp08_development_n8_mixed_lognormal_05,n8_mixed_lognormal,8,mixed,lognormal,medium,5,6,13573300830393658564,false,rho_l_outside_target_bin,0.6,1,,
EXP-08,development,EXP-08-development-v1,exp08_development_n8_mixed_lognormal_05,n8_mixed_lognormal,8,mixed,lognormal,medium,5,7,10524546991614976545,true,accepted_all_structural_and_allocator_checks,0.5882352941176470588235294118,2,0.3,0.7
EXP-08,development,EXP-08-development-v1,exp08_development_n8_mixed_lognormal_06,n8_mixed_lognormal,8,mixed,lognormal,medium,6,0,14476619058624966154,false,rho_l_outside_target_bin,0.6,1,,
EXP-08,development,EXP-08-development-v1,exp08_development_n8_mixed_lognormal_06,n8_mixed_lognormal,8,mixed,lognormal,medium,6,1,16379216521400931660,false,rho_l_outside_target_bin,0.6538461538461538461538461538,1,,
EXP-08,development,EXP-08-development-v1,exp08_development_n8_mixed_lognormal_06,n8_mixed_lognormal,8,mixed,lognormal,medium,6,2,10183651641230216620,true,accepted_all_structural_and_allocator_checks,0.5238095238095238095238095238,1,0.3,0.7
EXP-08,development,EXP-08-development-v1,exp08_development_n8_mixed_lognormal_07,n8_mixed_lognormal,8,mixed,lognormal,medium,7,0,7205474305872875195,true,accepted_all_structural_and_allocator_checks,0.5625,1,0.3,0.7
EXP-08,development,EXP-08-development-v1,exp08_development_n8_mixed_lognormal_08,n8_mixed_lognormal,8,mixed,lognormal,medium,8,0,2714947435473021489,true,accepted_all_structural_and_allocator_checks,0.5789473684210526315789473684,3,0.3,0.7
EXP-08,development,EXP-08-development-v1,exp08_development_n8_mixed_lognormal_09,n8_mixed_lognormal,8,mixed,lognormal,medium,9,0,7938070307976812967,true,accepted_all_structural_and_allocator_checks,0.5,2,0.3,0.7
EXP-08,development,EXP-08-development-v1,exp08_development_n8_chain_like_homogeneous_00,n8_chain_like_homogeneous,8,chain_like,homogeneous,high,0,0,5639462065765306986,true,accepted_all_structural_and_allocator_checks,0.75,3,0.3,0.7
EXP-08,development,EXP-08-development-v1,exp08_development_n8_chain_like_homogeneous_01,n8_chain_like_homogeneous,8,chain_like,homogeneous,high,1,0,14761790222540108989,true,accepted_all_structural_and_allocator_checks,0.75,2,0.3,0.7
EXP-08,development,EXP-08-development-v1,exp08_development_n8_chain_like_homogeneous_02,n8_chain_like_homogeneous,8,chain_like,homogeneous,high,2,0,8270906502198142684,true,accepted_all_structural_and_allocator_checks,0.75,2,0.3,0.7
EXP-08,development,EXP-08-development-v1,exp08_development_n8_chain_like_homogeneous_03,n8_chain_like_homogeneous,8,chain_like,homogeneous,high,3,0,9025520170199067094,true,accepted_all_structural_and_allocator_checks,0.75,2,0.3,0.7
EXP-08,development,EXP-08-development-v1,exp08_development_n8_chain_like_homogeneous_04,n8_chain_like_homogeneous,8,chain_like,homogeneous,high,4,0,9270978512046067239,true,accepted_all_structural_and_allocator_checks,0.75,2,0.3,0.7
EXP-08,development,EXP-08-development-v1,exp08_development_n8_chain_like_homogeneous_05,n8_chain_like_homogeneous,8,chain_like,homogeneous,high,5,0,5992537713963153163,true,accepted_all_structural_and_allocator_checks,0.75,3,0.3,0.7
EXP-08,development,EXP-08-development-v1,exp08_development_n8_chain_like_homogeneous_06,n8_chain_like_homogeneous,8,chain_like,homogeneous,high,6,0,17444617265752451932,true,accepted_all_structural_and_allocator_checks,0.75,3,0.3,0.7
EXP-08,development,EXP-08-development-v1,exp08_development_n8_chain_like_homogeneous_07,n8_chain_like_homogeneous,8,chain_like,homogeneous,high,7,0,54710389863762747,true,accepted_all_structural_and_allocator_checks,0.75,3,0.3,0.7
EXP-08,development,EXP-08-development-v1,exp08_development_n8_chain_like_homogeneous_08,n8_chain_like_homogeneous,8,chain_like,homogeneous,high,8,0,1375321553820994769,true,accepted_all_structural_and_allocator_checks,0.75,3,0.3,0.7
EXP-08,development,EXP-08-development-v1,exp08_development_n8_chain_like_homogeneous_09,n8_chain_like_homogeneous,8,chain_like,homogeneous,high,9,0,312311375655812742,true,accepted_all_structural_and_allocator_checks,0.75,3,0.3,0.7
EXP-08,development,EXP-08-development-v1,exp08_development_n8_chain_like_lognormal_00,n8_chain_like_lognormal,8,chain_like,lognormal,high,0,0,1696698431244137172,true,accepted_all_structural_and_allocator_checks,0.7692307692307692307692307692,2,0.3,0.7
EXP-08,development,EXP-08-development-v1,exp08_development_n8_chain_like_lognormal_01,n8_chain_like_lognormal,8,chain_like,lognormal,high,1,0,2525054019823862944,true,accepted_all_structural_and_allocator_checks,0.8333333333333333333333333333,1,0.3,0.7
EXP-08,development,EXP-08-development-v1,exp08_development_n8_chain_like_lognormal_02,n8_chain_like_lognormal,8,chain_like,lognormal,high,2,0,11130984747689364534,true,accepted_all_structural_and_allocator_checks,0.8235294117647058823529411765,1,0.3,0.7
EXP-08,development,EXP-08-development-v1,exp08_development_n8_chain_like_lognormal_03,n8_chain_like_lognormal,8,chain_like,lognormal,high,3,0,10546779248630778905,true,accepted_all_structural_and_allocator_checks,0.7619047619047619047619047619,2,0.3,0.7
EXP-08,development,EXP-08-development-v1,exp08_development_n8_chain_like_lognormal_04,n8_chain_like_lognormal,8,chain_like,lognormal,high,4,0,16333638257885322763,true,accepted_all_structural_and_allocator_checks,0.8,1,0.3,0.7
EXP-08,development,EXP-08-development-v1,exp08_development_n8_chain_like_lognormal_05,n8_chain_like_lognormal,8,chain_like,lognormal,high,5,0,1830105999669812322,true,accepted_all_structural_and_allocator_checks,0.875,1,0.3,0.7
EXP-08,development,EXP-08-development-v1,exp08_development_n8_chain_like_lognormal_06,n8_chain_like_lognormal,8,chain_like,lognormal,high,6,0,7915111494835103835,true,accepted_all_structural_and_allocator_checks,0.8947368421052631578947368421,1,0.3,0.7
EXP-08,development,EXP-08-development-v1,exp08_development_n8_chain_like_lognormal_07,n8_chain_like_lognormal,8,chain_like,lognormal,high,7,0,6416769657540314178,true,accepted_all_structural_and_allocator_checks,0.7222222222222222222222222222,2,0.3,0.7
EXP-08,development,EXP-08-development-v1,exp08_development_n8_chain_like_lognormal_08,n8_chain_like_lognormal,8,chain_like,lognormal,high,8,0,9604350801774157584,true,accepted_all_structural_and_allocator_checks,0.7,2,0.3,0.7
EXP-08,development,EXP-08-development-v1,exp08_development_n8_chain_like_lognormal_09,n8_chain_like_lognormal,8,chain_like,lognormal,high,9,0,14372547177912659055,true,accepted_all_structural_and_allocator_checks,0.8181818181818181818181818182,1,0.3,0.7
EXP-08,development,EXP-08-development-v1,exp08_development_n16_wide_layered_homogeneous_00,n16_wide_layered_homogeneous,16,wide_layered,homogeneous,low,0,0,7602583404047091555,true,accepted_all_structural_and_allocator_checks,0.1875,14,0.3,0.7
EXP-08,development,EXP-08-development-v1,exp08_development_n16_wide_layered_homogeneous_01,n16_wide_layered_homogeneous,16,wide_layered,homogeneous,low,1,0,17515181650315594218,true,accepted_all_structural_and_allocator_checks,0.1875,14,0.3,0.7
EXP-08,development,EXP-08-development-v1,exp08_development_n16_wide_layered_homogeneous_02,n16_wide_layered_homogeneous,16,wide_layered,homogeneous,low,2,0,5594336240309840065,true,accepted_all_structural_and_allocator_checks,0.1875,14,0.3,0.7
EXP-08,development,EXP-08-development-v1,exp08_development_n16_wide_layered_homogeneous_03,n16_wide_layered_homogeneous,16,wide_layered,homogeneous,low,3,0,2611295755554193336,true,accepted_all_structural_and_allocator_checks,0.1875,14,0.3,0.7
EXP-08,development,EXP-08-development-v1,exp08_development_n16_wide_layered_homogeneous_04,n16_wide_layered_homogeneous,16,wide_layered,homogeneous,low,4,0,3578457673792335109,true,accepted_all_structural_and_allocator_checks,0.1875,14,0.3,0.7
EXP-08,development,EXP-08-development-v1,exp08_development_n16_wide_layered_homogeneous_05,n16_wide_layered_homogeneous,16,wide_layered,homogeneous,low,5,0,18104584328101631354,true,accepted_all_structural_and_allocator_checks,0.1875,14,0.3,0.7
EXP-08,development,EXP-08-development-v1,exp08_development_n16_wide_layered_homogeneous_06,n16_wide_layered_homogeneous,16,wide_layered,homogeneous,low,6,0,12272287119946570031,true,accepted_all_structural_and_allocator_checks,0.1875,14,0.3,0.7
EXP-08,development,EXP-08-development-v1,exp08_development_n16_wide_layered_homogeneous_07,n16_wide_layered_homogeneous,16,wide_layered,homogeneous,low,7,0,1561435333638456446,true,accepted_all_structural_and_allocator_checks,0.1875,14,0.3,0.7
EXP-08,development,EXP-08-development-v1,exp08_development_n16_wide_layered_homogeneous_08,n16_wide_layered_homogeneous,16,wide_layered,homogeneous,low,8,0,15471615185618824781,true,accepted_all_structural_and_allocator_checks,0.1875,14,0.3,0.7
EXP-08,development,EXP-08-development-v1,exp08_development_n16_wide_layered_homogeneous_09,n16_wide_layered_homogeneous,16,wide_layered,homogeneous,low,9,0,16178676331153078054,true,accepted_all_structural_and_allocator_checks,0.1875,14,0.3,0.7
EXP-08,development,EXP-08-development-v1,exp08_development_n16_wide_layered_lognormal_00,n16_wide_layered_lognormal,16,wide_layered,lognormal,low,0,0,12840912624360913014,true,accepted_all_structural_and_allocator_checks,0.2564102564102564102564102564,1,0.3,0.7
EXP-08,development,EXP-08-development-v1,exp08_development_n16_wide_layered_lognormal_01,n16_wide_layered_lognormal,16,wide_layered,lognormal,low,1,0,4000858835509455354,true,accepted_all_structural_and_allocator_checks,0.2972972972972972972972972973,1,0.3,0.7
EXP-08,development,EXP-08-development-v1,exp08_development_n16_wide_layered_lognormal_02,n16_wide_layered_lognormal,16,wide_layered,lognormal,low,2,0,7363487279514375820,true,accepted_all_structural_and_allocator_checks,0.28125,1,0.3,0.7
EXP-08,development,EXP-08-development-v1,exp08_development_n16_wide_layered_lognormal_03,n16_wide_layered_lognormal,16,wide_layered,lognormal,low,3,0,13538740954897939630,true,accepted_all_structural_and_allocator_checks,0.2894736842105263157894736842,1,0.3,0.7
EXP-08,development,EXP-08-development-v1,exp08_development_n16_wide_layered_lognormal_04,n16_wide_layered_lognormal,16,wide_layered,lognormal,low,4,0,12489441368268690908,false,rho_l_outside_target_bin,0.3513513513513513513513513514,1,,
EXP-08,development,EXP-08-development-v1,exp08_development_n16_wide_layered_lognormal_04,n16_wide_layered_lognormal,16,wide_layered,lognormal,low,4,1,11699951519230026952,true,accepted_all_structural_and_allocator_checks,0.2127659574468085106382978723,1,0.3,0.7
EXP-08,development,EXP-08-development-v1,exp08_development_n16_wide_layered_lognormal_05,n16_wide_layered_lognormal,16,wide_layered,lognormal,low,5,0,5207338037670954130,false,rho_l_outside_target_bin,0.3125,1,,
EXP-08,development,EXP-08-development-v1,exp08_development_n16_wide_layered_lognormal_05,n16_wide_layered_lognormal,16,wide_layered,lognormal,low,5,1,17218422572990987320,false,rho_l_outside_target_bin,0.3333333333333333333333333333,1,,
EXP-08,development,EXP-08-development-v1,exp08_development_n16_wide_layered_lognormal_05,n16_wide_layered_lognormal,16,wide_layered,lognormal,low,5,2,774015628763053461,true,accepted_all_structural_and_allocator_checks,0.2580645161290322580645161290,1,0.3,0.7
EXP-08,development,EXP-08-development-v1,exp08_development_n16_wide_layered_lognormal_06,n16_wide_layered_lognormal,16,wide_layered,lognormal,low,6,0,12493490521436076518,true,accepted_all_structural_and_allocator_checks,0.2162162162162162162162162162,1,0.3,0.7
EXP-08,development,EXP-08-development-v1,exp08_development_n16_wide_layered_lognormal_07,n16_wide_layered_lognormal,16,wide_layered,lognormal,low,7,0,10209533402981310432,true,accepted_all_structural_and_allocator_checks,0.2307692307692307692307692308,3,0.3,0.7
EXP-08,development,EXP-08-development-v1,exp08_development_n16_wide_layered_lognormal_08,n16_wide_layered_lognormal,16,wide_layered,lognormal,low,8,0,13667819136979444798,true,accepted_all_structural_and_allocator_checks,0.2727272727272727272727272727,1,0.3,0.7
EXP-08,development,EXP-08-development-v1,exp08_development_n16_wide_layered_lognormal_09,n16_wide_layered_lognormal,16,wide_layered,lognormal,low,9,0,8183209298483340383,false,rho_l_outside_target_bin,0.3170731707317073170731707317,1,,
EXP-08,development,EXP-08-development-v1,exp08_development_n16_wide_layered_lognormal_09,n16_wide_layered_lognormal,16,wide_layered,lognormal,low,9,1,14448696005946555395,true,accepted_all_structural_and_allocator_checks,0.2857142857142857142857142857,1,0.3,0.7
EXP-08,development,EXP-08-development-v1,exp08_development_n16_mixed_homogeneous_00,n16_mixed_homogeneous,16,mixed,homogeneous,medium,0,0,6891921155209550579,true,accepted_all_structural_and_allocator_checks,0.4375,16,0.3,0.7
EXP-08,development,EXP-08-development-v1,exp08_development_n16_mixed_homogeneous_01,n16_mixed_homogeneous,16,mixed,homogeneous,medium,1,0,1686051615973874843,true,accepted_all_structural_and_allocator_checks,0.4375,19,0.3,0.7
EXP-08,development,EXP-08-development-v1,exp08_development_n16_mixed_homogeneous_02,n16_mixed_homogeneous,16,mixed,homogeneous,medium,2,0,6980510698665251719,true,accepted_all_structural_and_allocator_checks,0.4375,18,0.3,0.7
EXP-08,development,EXP-08-development-v1,exp08_development_n16_mixed_homogeneous_03,n16_mixed_homogeneous,16,mixed,homogeneous,medium,3,0,14702333681489227004,true,accepted_all_structural_and_allocator_checks,0.4375,10,0.3,0.7
EXP-08,development,EXP-08-development-v1,exp08_development_n16_mixed_homogeneous_04,n16_mixed_homogeneous,16,mixed,homogeneous,medium,4,0,10032884605953617922,true,accepted_all_structural_and_allocator_checks,0.4375,15,0.3,0.7
EXP-08,development,EXP-08-development-v1,exp08_development_n16_mixed_homogeneous_05,n16_mixed_homogeneous,16,mixed,homogeneous,medium,5,0,11282961605270400981,true,accepted_all_structural_and_allocator_checks,0.4375,8,0.3,0.7
EXP-08,development,EXP-08-development-v1,exp08_development_n16_mixed_homogeneous_06,n16_mixed_homogeneous,16,mixed,homogeneous,medium,6,0,11418207956019558302,true,accepted_all_structural_and_allocator_checks,0.4375,28,0.3,0.7
EXP-08,development,EXP-08-development-v1,exp08_development_n16_mixed_homogeneous_07,n16_mixed_homogeneous,16,mixed,homogeneous,medium,7,0,5658733612543205215,true,accepted_all_structural_and_allocator_checks,0.4375,20,0.3,0.7
EXP-08,development,EXP-08-development-v1,exp08_development_n16_mixed_homogeneous_08,n16_mixed_homogeneous,16,mixed,homogeneous,medium,8,0,1080775830656201899,true,accepted_all_structural_and_allocator_checks,0.4375,10,0.3,0.7
EXP-08,development,EXP-08-development-v1,exp08_development_n16_mixed_homogeneous_09,n16_mixed_homogeneous,16,mixed,homogeneous,medium,9,0,6574496559650787554,true,accepted_all_structural_and_allocator_checks,0.4375,13,0.3,0.7
EXP-08,development,EXP-08-development-v1,exp08_development_n16_mixed_lognormal_00,n16_mixed_lognormal,16,mixed,lognormal,medium,0,0,5171947578396613594,true,accepted_all_structural_and_allocator_checks,0.5588235294117647058823529412,1,0.3,0.7
EXP-08,development,EXP-08-development-v1,exp08_development_n16_mixed_lognormal_01,n16_mixed_lognormal,16,mixed,lognormal,medium,1,0,1750315672908140877,true,accepted_all_structural_and_allocator_checks,0.5277777777777777777777777778,3,0.3,0.7
EXP-08,development,EXP-08-development-v1,exp08_development_n16_mixed_lognormal_02,n16_mixed_lognormal,16,mixed,lognormal,medium,2,0,11741495447640771623,true,accepted_all_structural_and_allocator_checks,0.5277777777777777777777777778,1,0.3,0.7
EXP-08,development,EXP-08-development-v1,exp08_development_n16_mixed_lognormal_03,n16_mixed_lognormal,16,mixed,lognormal,medium,3,0,15814870895927915509,true,accepted_all_structural_and_allocator_checks,0.5625,1,0.3,0.7
EXP-08,development,EXP-08-development-v1,exp08_development_n16_mixed_lognormal_04,n16_mixed_lognormal,16,mixed,lognormal,medium,4,0,2960558220719696472,false,rho_l_outside_target_bin,0.6046511627906976744186046512,1,,
EXP-08,development,EXP-08-development-v1,exp08_development_n16_mixed_lognormal_04,n16_mixed_lognormal,16,mixed,lognormal,medium,4,1,15921479770104075388,true,accepted_all_structural_and_allocator_checks,0.4864864864864864864864864865,1,0.3,0.7
EXP-08,development,EXP-08-development-v1,exp08_development_n16_mixed_lognormal_05,n16_mixed_lognormal,16,mixed,lognormal,medium,5,0,11128284420436153402,true,accepted_all_structural_and_allocator_checks,0.4736842105263157894736842105,1,0.3,0.7
EXP-08,development,EXP-08-development-v1,exp08_development_n16_mixed_lognormal_06,n16_mixed_lognormal,16,mixed,lognormal,medium,6,0,13819415813150132931,true,accepted_all_structural_and_allocator_checks,0.4666666666666666666666666667,2,0.3,0.7
EXP-08,development,EXP-08-development-v1,exp08_development_n16_mixed_lognormal_07,n16_mixed_lognormal,16,mixed,lognormal,medium,7,0,10058525034483128286,true,accepted_all_structural_and_allocator_checks,0.5,1,0.3,0.7
EXP-08,development,EXP-08-development-v1,exp08_development_n16_mixed_lognormal_08,n16_mixed_lognormal,16,mixed,lognormal,medium,8,0,15323238935419448168,true,accepted_all_structural_and_allocator_checks,0.5333333333333333333333333333,1,0.3,0.7
EXP-08,development,EXP-08-development-v1,exp08_development_n16_mixed_lognormal_09,n16_mixed_lognormal,16,mixed,lognormal,medium,9,0,6463274934411137084,true,accepted_all_structural_and_allocator_checks,0.5517241379310344827586206897,1,0.3,0.7
EXP-08,development,EXP-08-development-v1,exp08_development_n16_chain_like_homogeneous_00,n16_chain_like_homogeneous,16,chain_like,homogeneous,high,0,0,17819167305547664075,true,accepted_all_structural_and_allocator_checks,0.75,4,0.3,0.7
EXP-08,development,EXP-08-development-v1,exp08_development_n16_chain_like_homogeneous_01,n16_chain_like_homogeneous,16,chain_like,homogeneous,high,1,0,9742332261410972799,true,accepted_all_structural_and_allocator_checks,0.75,8,0.3,0.7
EXP-08,development,EXP-08-development-v1,exp08_development_n16_chain_like_homogeneous_02,n16_chain_like_homogeneous,16,chain_like,homogeneous,high,2,0,11206593557265370539,true,accepted_all_structural_and_allocator_checks,0.75,8,0.3,0.7
EXP-08,development,EXP-08-development-v1,exp08_development_n16_chain_like_homogeneous_03,n16_chain_like_homogeneous,16,chain_like,homogeneous,high,3,0,9957960006125367261,true,accepted_all_structural_and_allocator_checks,0.75,4,0.3,0.7
EXP-08,development,EXP-08-development-v1,exp08_development_n16_chain_like_homogeneous_04,n16_chain_like_homogeneous,16,chain_like,homogeneous,high,4,0,8941599563636797427,true,accepted_all_structural_and_allocator_checks,0.75,5,0.3,0.7
EXP-08,development,EXP-08-development-v1,exp08_development_n16_chain_like_homogeneous_05,n16_chain_like_homogeneous,16,chain_like,homogeneous,high,5,0,16439568972505228051,true,accepted_all_structural_and_allocator_checks,0.75,4,0.3,0.7
EXP-08,development,EXP-08-development-v1,exp08_development_n16_chain_like_homogeneous_06,n16_chain_like_homogeneous,16,chain_like,homogeneous,high,6,0,14936605021339913595,true,accepted_all_structural_and_allocator_checks,0.75,3,0.3,0.7
EXP-08,development,EXP-08-development-v1,exp08_development_n16_chain_like_homogeneous_07,n16_chain_like_homogeneous,16,chain_like,homogeneous,high,7,0,4990932940105784104,true,accepted_all_structural_and_allocator_checks,0.75,6,0.3,0.7
EXP-08,development,EXP-08-development-v1,exp08_development_n16_chain_like_homogeneous_08,n16_chain_like_homogeneous,16,chain_like,homogeneous,high,8,0,18174508171552210475,true,accepted_all_structural_and_allocator_checks,0.75,5,0.3,0.7
EXP-08,development,EXP-08-development-v1,exp08_development_n16_chain_like_homogeneous_09,n16_chain_like_homogeneous,16,chain_like,homogeneous,high,9,0,8863028864286103614,true,accepted_all_structural_and_allocator_checks,0.75,8,0.3,0.7
EXP-08,development,EXP-08-development-v1,exp08_development_n16_chain_like_lognormal_00,n16_chain_like_lognormal,16,chain_like,lognormal,high,0,0,8662804955086174676,true,accepted_all_structural_and_allocator_checks,0.8461538461538461538461538462,1,0.3,0.7
EXP-08,development,EXP-08-development-v1,exp08_development_n16_chain_like_lognormal_01,n16_chain_like_lognormal,16,chain_like,lognormal,high,1,0,49810276777757400,true,accepted_all_structural_and_allocator_checks,0.8648648648648648648648648649,1,0.3,0.7
EXP-08,development,EXP-08-development-v1,exp08_development_n16_chain_like_lognormal_02,n16_chain_like_lognormal,16,chain_like,lognormal,high,2,0,13302104608999507200,true,accepted_all_structural_and_allocator_checks,0.7727272727272727272727272727,1,0.3,0.7
EXP-08,development,EXP-08-development-v1,exp08_development_n16_chain_like_lognormal_03,n16_chain_like_lognormal,16,chain_like,lognormal,high,3,0,11851953076886229885,true,accepted_all_structural_and_allocator_checks,0.8611111111111111111111111111,3,0.3,0.7
EXP-08,development,EXP-08-development-v1,exp08_development_n16_chain_like_lognormal_04,n16_chain_like_lognormal,16,chain_like,lognormal,high,4,0,16139139890637799704,true,accepted_all_structural_and_allocator_checks,0.8214285714285714285714285714,1,0.3,0.7
EXP-08,development,EXP-08-development-v1,exp08_development_n16_chain_like_lognormal_05,n16_chain_like_lognormal,16,chain_like,lognormal,high,5,0,17715835465549864047,true,accepted_all_structural_and_allocator_checks,0.8333333333333333333333333333,1,0.3,0.7
EXP-08,development,EXP-08-development-v1,exp08_development_n16_chain_like_lognormal_06,n16_chain_like_lognormal,16,chain_like,lognormal,high,6,0,8484826905370332698,true,accepted_all_structural_and_allocator_checks,0.8048780487804878048780487805,1,0.3,0.7
EXP-08,development,EXP-08-development-v1,exp08_development_n16_chain_like_lognormal_07,n16_chain_like_lognormal,16,chain_like,lognormal,high,7,0,1552404524206976468,true,accepted_all_structural_and_allocator_checks,0.8235294117647058823529411765,1,0.3,0.7
EXP-08,development,EXP-08-development-v1,exp08_development_n16_chain_like_lognormal_08,n16_chain_like_lognormal,16,chain_like,lognormal,high,8,0,17426230744075623808,true,accepted_all_structural_and_allocator_checks,0.7368421052631578947368421053,1,0.3,0.7
EXP-08,development,EXP-08-development-v1,exp08_development_n16_chain_like_lognormal_09,n16_chain_like_lognormal,16,chain_like,lognormal,high,9,0,12224897144595885316,true,accepted_all_structural_and_allocator_checks,0.7777777777777777777777777778,2,0.3,0.7
EXP-08,development,EXP-08-development-v1,exp08_development_n32_wide_layered_homogeneous_00,n32_wide_layered_homogeneous,32,wide_layered,homogeneous,low,0,0,10918342294179567658,true,accepted_all_structural_and_allocator_checks,0.1875,197,0.3,0.7
EXP-08,development,EXP-08-development-v1,exp08_development_n32_wide_layered_homogeneous_01,n32_wide_layered_homogeneous,32,wide_layered,homogeneous,low,1,0,1719685492016890974,true,accepted_all_structural_and_allocator_checks,0.1875,249,0.3,0.7
EXP-08,development,EXP-08-development-v1,exp08_development_n32_wide_layered_homogeneous_02,n32_wide_layered_homogeneous,32,wide_layered,homogeneous,low,2,0,5766073317484631632,true,accepted_all_structural_and_allocator_checks,0.1875,278,0.3,0.7
EXP-08,development,EXP-08-development-v1,exp08_development_n32_wide_layered_homogeneous_03,n32_wide_layered_homogeneous,32,wide_layered,homogeneous,low,3,0,8176835150918086213,true,accepted_all_structural_and_allocator_checks,0.1875,187,0.3,0.7
EXP-08,development,EXP-08-development-v1,exp08_development_n32_wide_layered_homogeneous_04,n32_wide_layered_homogeneous,32,wide_layered,homogeneous,low,4,0,5196636787073099120,true,accepted_all_structural_and_allocator_checks,0.1875,159,0.3,0.7
EXP-08,development,EXP-08-development-v1,exp08_development_n32_wide_layered_homogeneous_05,n32_wide_layered_homogeneous,32,wide_layered,homogeneous,low,5,0,1053356486044569644,true,accepted_all_structural_and_allocator_checks,0.1875,196,0.3,0.7
EXP-08,development,EXP-08-development-v1,exp08_development_n32_wide_layered_homogeneous_06,n32_wide_layered_homogeneous,32,wide_layered,homogeneous,low,6,0,14281641763491088000,true,accepted_all_structural_and_allocator_checks,0.1875,243,0.3,0.7
EXP-08,development,EXP-08-development-v1,exp08_development_n32_wide_layered_homogeneous_07,n32_wide_layered_homogeneous,32,wide_layered,homogeneous,low,7,0,6713735627747954259,true,accepted_all_structural_and_allocator_checks,0.1875,219,0.3,0.7
EXP-08,development,EXP-08-development-v1,exp08_development_n32_wide_layered_homogeneous_08,n32_wide_layered_homogeneous,32,wide_layered,homogeneous,low,8,0,3012455660871254828,true,accepted_all_structural_and_allocator_checks,0.1875,149,0.3,0.7
EXP-08,development,EXP-08-development-v1,exp08_development_n32_wide_layered_homogeneous_09,n32_wide_layered_homogeneous,32,wide_layered,homogeneous,low,9,0,7963305420305158810,true,accepted_all_structural_and_allocator_checks,0.1875,156,0.3,0.7
EXP-08,development,EXP-08-development-v1,exp08_development_n32_wide_layered_lognormal_00,n32_wide_layered_lognormal,32,wide_layered,lognormal,low,0,0,2114642015716433932,true,accepted_all_structural_and_allocator_checks,0.2571428571428571428571428571,2,0.3,0.7
EXP-08,development,EXP-08-development-v1,exp08_development_n32_wide_layered_lognormal_01,n32_wide_layered_lognormal,32,wide_layered,lognormal,low,1,0,4447579515041655871,true,accepted_all_structural_and_allocator_checks,0.2597402597402597402597402597,3,0.3,0.7
EXP-08,development,EXP-08-development-v1,exp08_development_n32_wide_layered_lognormal_02,n32_wide_layered_lognormal,32,wide_layered,lognormal,low,2,0,13324766453842876264,true,accepted_all_structural_and_allocator_checks,0.2898550724637681159420289855,1,0.3,0.7
EXP-08,development,EXP-08-development-v1,exp08_development_n32_wide_layered_lognormal_03,n32_wide_layered_lognormal,32,wide_layered,lognormal,low,3,0,9675478958460607652,false,rho_l_outside_target_bin,0.3048780487804878048780487805,1,,
EXP-08,development,EXP-08-development-v1,exp08_development_n32_wide_layered_lognormal_03,n32_wide_layered_lognormal,32,wide_layered,lognormal,low,3,1,17132592746462812306,true,accepted_all_structural_and_allocator_checks,0.2428571428571428571428571429,4,0.3,0.7
EXP-08,development,EXP-08-development-v1,exp08_development_n32_wide_layered_lognormal_04,n32_wide_layered_lognormal,32,wide_layered,lognormal,low,4,0,2015231185456943640,true,accepted_all_structural_and_allocator_checks,0.2533333333333333333333333333,6,0.3,0.7
EXP-08,development,EXP-08-development-v1,exp08_development_n32_wide_layered_lognormal_05,n32_wide_layered_lognormal,32,wide_layered,lognormal,low,5,0,5606624765268641817,true,accepted_all_structural_and_allocator_checks,0.2820512820512820512820512821,2,0.3,0.7
EXP-08,development,EXP-08-development-v1,exp08_development_n32_wide_layered_lognormal_06,n32_wide_layered_lognormal,32,wide_layered,lognormal,low,6,0,2069536563002794725,true,accepted_all_structural_and_allocator_checks,0.2739726027397260273972602740,1,0.3,0.7
EXP-08,development,EXP-08-development-v1,exp08_development_n32_wide_layered_lognormal_07,n32_wide_layered_lognormal,32,wide_layered,lognormal,low,7,0,4068276356181942233,true,accepted_all_structural_and_allocator_checks,0.2702702702702702702702702703,2,0.3,0.7
EXP-08,development,EXP-08-development-v1,exp08_development_n32_wide_layered_lognormal_08,n32_wide_layered_lognormal,32,wide_layered,lognormal,low,8,0,4180323231201414688,true,accepted_all_structural_and_allocator_checks,0.2894736842105263157894736842,2,0.3,0.7
EXP-08,development,EXP-08-development-v1,exp08_development_n32_wide_layered_lognormal_09,n32_wide_layered_lognormal,32,wide_layered,lognormal,low,9,0,12970238715638896004,true,accepted_all_structural_and_allocator_checks,0.2676056338028169014084507042,2,0.3,0.7
EXP-08,development,EXP-08-development-v1,exp08_development_n32_mixed_homogeneous_00,n32_mixed_homogeneous,32,mixed,homogeneous,medium,0,0,738425853637588441,true,accepted_all_structural_and_allocator_checks,0.4375,80,0.3,0.7
EXP-08,development,EXP-08-development-v1,exp08_development_n32_mixed_homogeneous_01,n32_mixed_homogeneous,32,mixed,homogeneous,medium,1,0,7828570684008969939,true,accepted_all_structural_and_allocator_checks,0.4375,148,0.3,0.7
EXP-08,development,EXP-08-development-v1,exp08_development_n32_mixed_homogeneous_02,n32_mixed_homogeneous,32,mixed,homogeneous,medium,2,0,14836035214305504263,true,accepted_all_structural_and_allocator_checks,0.4375,276,0.3,0.7
EXP-08,development,EXP-08-development-v1,exp08_development_n32_mixed_homogeneous_03,n32_mixed_homogeneous,32,mixed,homogeneous,medium,3,0,12295590641114770869,true,accepted_all_structural_and_allocator_checks,0.4375,288,0.3,0.7
EXP-08,development,EXP-08-development-v1,exp08_development_n32_mixed_homogeneous_04,n32_mixed_homogeneous,32,mixed,homogeneous,medium,4,0,14596177529728921429,true,accepted_all_structural_and_allocator_checks,0.4375,384,0.3,0.7
EXP-08,development,EXP-08-development-v1,exp08_development_n32_mixed_homogeneous_05,n32_mixed_homogeneous,32,mixed,homogeneous,medium,5,0,1622574050952623467,true,accepted_all_structural_and_allocator_checks,0.4375,146,0.3,0.7
EXP-08,development,EXP-08-development-v1,exp08_development_n32_mixed_homogeneous_06,n32_mixed_homogeneous,32,mixed,homogeneous,medium,6,0,3203213534201945254,true,accepted_all_structural_and_allocator_checks,0.4375,335,0.3,0.7
EXP-08,development,EXP-08-development-v1,exp08_development_n32_mixed_homogeneous_07,n32_mixed_homogeneous,32,mixed,homogeneous,medium,7,0,11693441390720790409,true,accepted_all_structural_and_allocator_checks,0.4375,50,0.3,0.7
EXP-08,development,EXP-08-development-v1,exp08_development_n32_mixed_homogeneous_08,n32_mixed_homogeneous,32,mixed,homogeneous,medium,8,0,3532922753400157506,true,accepted_all_structural_and_allocator_checks,0.4375,276,0.3,0.7
EXP-08,development,EXP-08-development-v1,exp08_development_n32_mixed_homogeneous_09,n32_mixed_homogeneous,32,mixed,homogeneous,medium,9,0,16884499607937220114,true,accepted_all_structural_and_allocator_checks,0.4375,50,0.3,0.7
EXP-08,development,EXP-08-development-v1,exp08_development_n32_mixed_lognormal_00,n32_mixed_lognormal,32,mixed,lognormal,medium,0,0,12556405330048028575,true,accepted_all_structural_and_allocator_checks,0.5211267605633802816901408451,2,0.3,0.7
EXP-08,development,EXP-08-development-v1,exp08_development_n32_mixed_lognormal_01,n32_mixed_lognormal,32,mixed,lognormal,medium,1,0,13275127081822464552,true,accepted_all_structural_and_allocator_checks,0.5176470588235294117647058824,4,0.3,0.7
EXP-08,development,EXP-08-development-v1,exp08_development_n32_mixed_lognormal_02,n32_mixed_lognormal,32,mixed,lognormal,medium,2,0,4360407468992882515,true,accepted_all_structural_and_allocator_checks,0.4857142857142857142857142857,1,0.3,0.7
EXP-08,development,EXP-08-development-v1,exp08_development_n32_mixed_lognormal_03,n32_mixed_lognormal,32,mixed,lognormal,medium,3,0,5471812999268302665,true,accepted_all_structural_and_allocator_checks,0.4729729729729729729729729730,2,0.3,0.7
EXP-08,development,EXP-08-development-v1,exp08_development_n32_mixed_lognormal_04,n32_mixed_lognormal,32,mixed,lognormal,medium,4,0,3987842046000546329,true,accepted_all_structural_and_allocator_checks,0.5492957746478873239436619718,1,0.3,0.7
EXP-08,development,EXP-08-development-v1,exp08_development_n32_mixed_lognormal_05,n32_mixed_lognormal,32,mixed,lognormal,medium,5,0,6152753034522666563,true,accepted_all_structural_and_allocator_checks,0.5285714285714285714285714286,12,0.3,0.7
EXP-08,development,EXP-08-development-v1,exp08_development_n32_mixed_lognormal_06,n32_mixed_lognormal,32,mixed,lognormal,medium,6,0,11751087594940163540,true,accepted_all_structural_and_allocator_checks,0.5064935064935064935064935065,4,0.3,0.7
EXP-08,development,EXP-08-development-v1,exp08_development_n32_mixed_lognormal_07,n32_mixed_lognormal,32,mixed,lognormal,medium,7,0,6780508115432838374,true,accepted_all_structural_and_allocator_checks,0.4920634920634920634920634921,4,0.3,0.7
EXP-08,development,EXP-08-development-v1,exp08_development_n32_mixed_lognormal_08,n32_mixed_lognormal,32,mixed,lognormal,medium,8,0,11967616930183444370,true,accepted_all_structural_and_allocator_checks,0.5135135135135135135135135135,2,0.3,0.7
EXP-08,development,EXP-08-development-v1,exp08_development_n32_mixed_lognormal_09,n32_mixed_lognormal,32,mixed,lognormal,medium,9,0,8495253321057000070,false,rho_l_outside_target_bin,0.6133333333333333333333333333,1,,
EXP-08,development,EXP-08-development-v1,exp08_development_n32_mixed_lognormal_09,n32_mixed_lognormal,32,mixed,lognormal,medium,9,1,17097268213221262540,true,accepted_all_structural_and_allocator_checks,0.5185185185185185185185185185,3,0.3,0.7
EXP-08,development,EXP-08-development-v1,exp08_development_n32_chain_like_homogeneous_00,n32_chain_like_homogeneous,32,chain_like,homogeneous,high,0,0,12353772293892794302,true,accepted_all_structural_and_allocator_checks,0.75,23,0.3,0.7
EXP-08,development,EXP-08-development-v1,exp08_development_n32_chain_like_homogeneous_01,n32_chain_like_homogeneous,32,chain_like,homogeneous,high,1,0,10243521954516565342,true,accepted_all_structural_and_allocator_checks,0.75,9,0.3,0.7
EXP-08,development,EXP-08-development-v1,exp08_development_n32_chain_like_homogeneous_02,n32_chain_like_homogeneous,32,chain_like,homogeneous,high,2,0,10016023248341700177,true,accepted_all_structural_and_allocator_checks,0.75,6,0.3,0.7
EXP-08,development,EXP-08-development-v1,exp08_development_n32_chain_like_homogeneous_03,n32_chain_like_homogeneous,32,chain_like,homogeneous,high,3,0,11062170523975246792,true,accepted_all_structural_and_allocator_checks,0.75,11,0.3,0.7
EXP-08,development,EXP-08-development-v1,exp08_development_n32_chain_like_homogeneous_04,n32_chain_like_homogeneous,32,chain_like,homogeneous,high,4,0,11833642831398770123,true,accepted_all_structural_and_allocator_checks,0.75,7,0.3,0.7
EXP-08,development,EXP-08-development-v1,exp08_development_n32_chain_like_homogeneous_05,n32_chain_like_homogeneous,32,chain_like,homogeneous,high,5,0,13657183607391398755,true,accepted_all_structural_and_allocator_checks,0.75,13,0.3,0.7
EXP-08,development,EXP-08-development-v1,exp08_development_n32_chain_like_homogeneous_06,n32_chain_like_homogeneous,32,chain_like,homogeneous,high,6,0,3555952540025707538,true,accepted_all_structural_and_allocator_checks,0.75,24,0.3,0.7
EXP-08,development,EXP-08-development-v1,exp08_development_n32_chain_like_homogeneous_07,n32_chain_like_homogeneous,32,chain_like,homogeneous,high,7,0,9102064692576291038,true,accepted_all_structural_and_allocator_checks,0.75,25,0.3,0.7
EXP-08,development,EXP-08-development-v1,exp08_development_n32_chain_like_homogeneous_08,n32_chain_like_homogeneous,32,chain_like,homogeneous,high,8,0,2846352671633235630,true,accepted_all_structural_and_allocator_checks,0.75,12,0.3,0.7
EXP-08,development,EXP-08-development-v1,exp08_development_n32_chain_like_homogeneous_09,n32_chain_like_homogeneous,32,chain_like,homogeneous,high,9,0,1622086387801746307,true,accepted_all_structural_and_allocator_checks,0.75,11,0.3,0.7
EXP-08,development,EXP-08-development-v1,exp08_development_n32_chain_like_lognormal_00,n32_chain_like_lognormal,32,chain_like,lognormal,high,0,0,1438406454103981161,true,accepted_all_structural_and_allocator_checks,0.7313432835820895522388059701,1,0.3,0.7
EXP-08,development,EXP-08-development-v1,exp08_development_n32_chain_like_lognormal_01,n32_chain_like_lognormal,32,chain_like,lognormal,high,1,0,9493792207511811315,true,accepted_all_structural_and_allocator_checks,0.7903225806451612903225806452,1,0.3,0.7
EXP-08,development,EXP-08-development-v1,exp08_development_n32_chain_like_lognormal_02,n32_chain_like_lognormal,32,chain_like,lognormal,high,2,0,10370550109883336864,true,accepted_all_structural_and_allocator_checks,0.7840909090909090909090909091,3,0.3,0.7
EXP-08,development,EXP-08-development-v1,exp08_development_n32_chain_like_lognormal_03,n32_chain_like_lognormal,32,chain_like,lognormal,high,3,0,17430861053791321885,true,accepted_all_structural_and_allocator_checks,0.8133333333333333333333333333,1,0.3,0.7
EXP-08,development,EXP-08-development-v1,exp08_development_n32_chain_like_lognormal_04,n32_chain_like_lognormal,32,chain_like,lognormal,high,4,0,4893051585684737829,true,accepted_all_structural_and_allocator_checks,0.8043478260869565217391304348,3,0.3,0.7
EXP-08,development,EXP-08-development-v1,exp08_development_n32_chain_like_lognormal_05,n32_chain_like_lognormal,32,chain_like,lognormal,high,5,0,12561993028346671646,true,accepted_all_structural_and_allocator_checks,0.765625,1,0.3,0.7
EXP-08,development,EXP-08-development-v1,exp08_development_n32_chain_like_lognormal_06,n32_chain_like_lognormal,32,chain_like,lognormal,high,6,0,3084392108550742023,true,accepted_all_structural_and_allocator_checks,0.8428571428571428571428571429,1,0.3,0.7
EXP-08,development,EXP-08-development-v1,exp08_development_n32_chain_like_lognormal_07,n32_chain_like_lognormal,32,chain_like,lognormal,high,7,0,3841754917421555459,true,accepted_all_structural_and_allocator_checks,0.7662337662337662337662337662,1,0.3,0.7
EXP-08,development,EXP-08-development-v1,exp08_development_n32_chain_like_lognormal_08,n32_chain_like_lognormal,32,chain_like,lognormal,high,8,0,721754908403956899,true,accepted_all_structural_and_allocator_checks,0.7714285714285714285714285714,3,0.3,0.7
EXP-08,development,EXP-08-development-v1,exp08_development_n32_chain_like_lognormal_09,n32_chain_like_lognormal,32,chain_like,lognormal,high,9,0,16014399556594761386,true,accepted_all_structural_and_allocator_checks,0.8064516129032258064516129032,2,0.3,0.7
EXP-08,development,EXP-08-development-v1,exp08_development_n64_wide_layered_homogeneous_00,n64_wide_layered_homogeneous,64,wide_layered,homogeneous,low,0,0,11032691495223575310,true,accepted_all_structural_and_allocator_checks,0.203125,58755,0.3,0.7
EXP-08,development,EXP-08-development-v1,exp08_development_n64_wide_layered_homogeneous_01,n64_wide_layered_homogeneous,64,wide_layered,homogeneous,low,1,0,15250752096336821545,true,accepted_all_structural_and_allocator_checks,0.203125,24912,0.3,0.7
EXP-08,development,EXP-08-development-v1,exp08_development_n64_wide_layered_homogeneous_02,n64_wide_layered_homogeneous,64,wide_layered,homogeneous,low,2,0,6538101993227424155,true,accepted_all_structural_and_allocator_checks,0.203125,31232,0.3,0.7
EXP-08,development,EXP-08-development-v1,exp08_development_n64_wide_layered_homogeneous_03,n64_wide_layered_homogeneous,64,wide_layered,homogeneous,low,3,0,16579443963456519156,true,accepted_all_structural_and_allocator_checks,0.203125,65408,0.3,0.7
EXP-08,development,EXP-08-development-v1,exp08_development_n64_wide_layered_homogeneous_04,n64_wide_layered_homogeneous,64,wide_layered,homogeneous,low,4,0,9936312824772139464,true,accepted_all_structural_and_allocator_checks,0.203125,91901,0.3,0.7
EXP-08,development,EXP-08-development-v1,exp08_development_n64_wide_layered_homogeneous_05,n64_wide_layered_homogeneous,64,wide_layered,homogeneous,low,5,0,17458546345001982647,true,accepted_all_structural_and_allocator_checks,0.203125,86287,0.3,0.7
EXP-08,development,EXP-08-development-v1,exp08_development_n64_wide_layered_homogeneous_06,n64_wide_layered_homogeneous,64,wide_layered,homogeneous,low,6,0,14546315053513068708,true,accepted_all_structural_and_allocator_checks,0.203125,26511,0.3,0.7
EXP-08,development,EXP-08-development-v1,exp08_development_n64_wide_layered_homogeneous_07,n64_wide_layered_homogeneous,64,wide_layered,homogeneous,low,7,0,1385390367562125463,true,accepted_all_structural_and_allocator_checks,0.203125,31496,0.3,0.7
EXP-08,development,EXP-08-development-v1,exp08_development_n64_wide_layered_homogeneous_08,n64_wide_layered_homogeneous,64,wide_layered,homogeneous,low,8,0,13871700827216544728,true,accepted_all_structural_and_allocator_checks,0.203125,28247,0.3,0.7
EXP-08,development,EXP-08-development-v1,exp08_development_n64_wide_layered_homogeneous_09,n64_wide_layered_homogeneous,64,wide_layered,homogeneous,low,9,0,13530487952403467256,true,accepted_all_structural_and_allocator_checks,0.203125,30044,0.3,0.7
EXP-08,development,EXP-08-development-v1,exp08_development_n64_wide_layered_lognormal_00,n64_wide_layered_lognormal,64,wide_layered,lognormal,low,0,0,16062140190463874154,true,accepted_all_structural_and_allocator_checks,0.2905405405405405405405405405,1,0.3,0.7
EXP-08,development,EXP-08-development-v1,exp08_development_n64_wide_layered_lognormal_01,n64_wide_layered_lognormal,64,wide_layered,lognormal,low,1,0,10719278209303815715,true,accepted_all_structural_and_allocator_checks,0.2790697674418604651162790698,1,0.3,0.7
EXP-08,development,EXP-08-development-v1,exp08_development_n64_wide_layered_lognormal_02,n64_wide_layered_lognormal,64,wide_layered,lognormal,low,2,0,3159825774795118556,true,accepted_all_structural_and_allocator_checks,0.2836879432624113475177304965,4,0.3,0.7
EXP-08,development,EXP-08-development-v1,exp08_development_n64_wide_layered_lognormal_03,n64_wide_layered_lognormal,64,wide_layered,lognormal,low,3,0,14070722803518705075,true,accepted_all_structural_and_allocator_checks,0.2802547770700636942675159236,4,0.3,0.7
EXP-08,development,EXP-08-development-v1,exp08_development_n64_wide_layered_lognormal_04,n64_wide_layered_lognormal,64,wide_layered,lognormal,low,4,0,6744446169498253150,true,accepted_all_structural_and_allocator_checks,0.2962962962962962962962962963,22,0.3,0.7
EXP-08,development,EXP-08-development-v1,exp08_development_n64_wide_layered_lognormal_05,n64_wide_layered_lognormal,64,wide_layered,lognormal,low,5,0,15950988837492346767,true,accepted_all_structural_and_allocator_checks,0.2754491017964071856287425150,3,0.3,0.7
EXP-08,development,EXP-08-development-v1,exp08_development_n64_wide_layered_lognormal_06,n64_wide_layered_lognormal,64,wide_layered,lognormal,low,6,0,3231042167751574700,false,rho_l_outside_target_bin,0.3154362416107382550335570470,3,,
EXP-08,development,EXP-08-development-v1,exp08_development_n64_wide_layered_lognormal_06,n64_wide_layered_lognormal,64,wide_layered,lognormal,low,6,1,6582650565561857328,false,rho_l_outside_target_bin,0.3266666666666666666666666667,1,,
EXP-08,development,EXP-08-development-v1,exp08_development_n64_wide_layered_lognormal_06,n64_wide_layered_lognormal,64,wide_layered,lognormal,low,6,2,4673491857605438167,true,accepted_all_structural_and_allocator_checks,0.2830188679245283018867924528,6,0.3,0.7
EXP-08,development,EXP-08-development-v1,exp08_development_n64_wide_layered_lognormal_07,n64_wide_layered_lognormal,64,wide_layered,lognormal,low,7,0,5966722515110059940,false,rho_l_outside_target_bin,0.3576158940397350993377483444,1,,
EXP-08,development,EXP-08-development-v1,exp08_development_n64_wide_layered_lognormal_07,n64_wide_layered_lognormal,64,wide_layered,lognormal,low,7,1,11477222052806895321,false,rho_l_outside_target_bin,0.3146853146853146853146853147,2,,
EXP-08,development,EXP-08-development-v1,exp08_development_n64_wide_layered_lognormal_07,n64_wide_layered_lognormal,64,wide_layered,lognormal,low,7,2,7294119288119778793,true,accepted_all_structural_and_allocator_checks,0.2876712328767123287671232877,8,0.3,0.7
EXP-08,development,EXP-08-development-v1,exp08_development_n64_wide_layered_lognormal_08,n64_wide_layered_lognormal,64,wide_layered,lognormal,low,8,0,7688271878858939207,true,accepted_all_structural_and_allocator_checks,0.2635135135135135135135135135,10,0.3,0.7
EXP-08,development,EXP-08-development-v1,exp08_development_n64_wide_layered_lognormal_09,n64_wide_layered_lognormal,64,wide_layered,lognormal,low,9,0,14450719530192249681,false,rho_l_outside_target_bin,0.3088235294117647058823529412,4,,
EXP-08,development,EXP-08-development-v1,exp08_development_n64_wide_layered_lognormal_09,n64_wide_layered_lognormal,64,wide_layered,lognormal,low,9,1,1874042926842342344,false,rho_l_outside_target_bin,0.3048780487804878048780487805,4,,
EXP-08,development,EXP-08-development-v1,exp08_development_n64_wide_layered_lognormal_09,n64_wide_layered_lognormal,64,wide_layered,lognormal,low,9,2,8835156120996655837,true,accepted_all_structural_and_allocator_checks,0.2754491017964071856287425150,4,0.3,0.7
EXP-08,development,EXP-08-development-v1,exp08_development_n64_mixed_homogeneous_00,n64_mixed_homogeneous,64,mixed,homogeneous,medium,0,0,12806640515971599621,true,accepted_all_structural_and_allocator_checks,0.453125,15836,0.3,0.7
EXP-08,development,EXP-08-development-v1,exp08_development_n64_mixed_homogeneous_01,n64_mixed_homogeneous,64,mixed,homogeneous,medium,1,0,8860267462012384609,true,accepted_all_structural_and_allocator_checks,0.453125,26076,0.3,0.7
EXP-08,development,EXP-08-development-v1,exp08_development_n64_mixed_homogeneous_02,n64_mixed_homogeneous,64,mixed,homogeneous,medium,2,0,8171377579434275742,true,accepted_all_structural_and_allocator_checks,0.453125,11934,0.3,0.7
EXP-08,development,EXP-08-development-v1,exp08_development_n64_mixed_homogeneous_03,n64_mixed_homogeneous,64,mixed,homogeneous,medium,3,0,8274955212932719725,true,accepted_all_structural_and_allocator_checks,0.453125,4456,0.3,0.7
EXP-08,development,EXP-08-development-v1,exp08_development_n64_mixed_homogeneous_04,n64_mixed_homogeneous,64,mixed,homogeneous,medium,4,0,15034130569099243627,true,accepted_all_structural_and_allocator_checks,0.453125,10430,0.3,0.7
EXP-08,development,EXP-08-development-v1,exp08_development_n64_mixed_homogeneous_05,n64_mixed_homogeneous,64,mixed,homogeneous,medium,5,0,7012862497411436335,true,accepted_all_structural_and_allocator_checks,0.453125,44010,0.3,0.7
EXP-08,development,EXP-08-development-v1,exp08_development_n64_mixed_homogeneous_06,n64_mixed_homogeneous,64,mixed,homogeneous,medium,6,0,876060928634896780,true,accepted_all_structural_and_allocator_checks,0.453125,83250,0.3,0.7
EXP-08,development,EXP-08-development-v1,exp08_development_n64_mixed_homogeneous_07,n64_mixed_homogeneous,64,mixed,homogeneous,medium,7,0,3458199356102359726,true,accepted_all_structural_and_allocator_checks,0.453125,73632,0.3,0.7
EXP-08,development,EXP-08-development-v1,exp08_development_n64_mixed_homogeneous_08,n64_mixed_homogeneous,64,mixed,homogeneous,medium,8,0,7811507003033939533,true,accepted_all_structural_and_allocator_checks,0.453125,18012,0.3,0.7
EXP-08,development,EXP-08-development-v1,exp08_development_n64_mixed_homogeneous_09,n64_mixed_homogeneous,64,mixed,homogeneous,medium,9,0,5216810985423033974,true,accepted_all_structural_and_allocator_checks,0.453125,246423,0.3,0.7
EXP-08,development,EXP-08-development-v1,exp08_development_n64_mixed_lognormal_00,n64_mixed_lognormal,64,mixed,lognormal,medium,0,0,13514527733588058379,true,accepted_all_structural_and_allocator_checks,0.5214285714285714285714285714,24,0.3,0.7
EXP-08,development,EXP-08-development-v1,exp08_development_n64_mixed_lognormal_01,n64_mixed_lognormal,64,mixed,lognormal,medium,1,0,6200952686100184339,true,accepted_all_structural_and_allocator_checks,0.4850746268656716417910447761,2,0.3,0.7
EXP-08,development,EXP-08-development-v1,exp08_development_n64_mixed_lognormal_02,n64_mixed_lognormal,64,mixed,lognormal,medium,2,0,9026450449849224479,true,accepted_all_structural_and_allocator_checks,0.5657894736842105263157894737,4,0.3,0.7
EXP-08,development,EXP-08-development-v1,exp08_development_n64_mixed_lognormal_03,n64_mixed_lognormal,64,mixed,lognormal,medium,3,0,3285910970286203402,true,accepted_all_structural_and_allocator_checks,0.5419354838709677419354838710,8,0.3,0.7
EXP-08,development,EXP-08-development-v1,exp08_development_n64_mixed_lognormal_04,n64_mixed_lognormal,64,mixed,lognormal,medium,4,0,8978764071466289887,true,accepted_all_structural_and_allocator_checks,0.56,36,0.3,0.7
EXP-08,development,EXP-08-development-v1,exp08_development_n64_mixed_lognormal_05,n64_mixed_lognormal,64,mixed,lognormal,medium,5,0,1027957574915222760,true,accepted_all_structural_and_allocator_checks,0.5348837209302325581395348837,24,0.3,0.7
EXP-08,development,EXP-08-development-v1,exp08_development_n64_mixed_lognormal_06,n64_mixed_lognormal,64,mixed,lognormal,medium,6,0,10376644403479321773,true,accepted_all_structural_and_allocator_checks,0.5507246376811594202898550725,8,0.3,0.7
EXP-08,development,EXP-08-development-v1,exp08_development_n64_mixed_lognormal_07,n64_mixed_lognormal,64,mixed,lognormal,medium,7,0,3760150377569293087,true,accepted_all_structural_and_allocator_checks,0.5279503105590062111801242236,3,0.3,0.7
EXP-08,development,EXP-08-development-v1,exp08_development_n64_mixed_lognormal_08,n64_mixed_lognormal,64,mixed,lognormal,medium,8,0,4766914615295883700,true,accepted_all_structural_and_allocator_checks,0.5323741007194244604316546763,4,0.3,0.7
EXP-08,development,EXP-08-development-v1,exp08_development_n64_mixed_lognormal_09,n64_mixed_lognormal,64,mixed,lognormal,medium,9,0,15350388254554277930,true,accepted_all_structural_and_allocator_checks,0.5430463576158940397350993377,1,0.3,0.7
EXP-08,development,EXP-08-development-v1,exp08_development_n64_chain_like_homogeneous_00,n64_chain_like_homogeneous,64,chain_like,homogeneous,high,0,0,14986025833212484903,true,accepted_all_structural_and_allocator_checks,0.75,133,0.3,0.7
EXP-08,development,EXP-08-development-v1,exp08_development_n64_chain_like_homogeneous_01,n64_chain_like_homogeneous,64,chain_like,homogeneous,high,1,0,11413047811856726001,true,accepted_all_structural_and_allocator_checks,0.75,83,0.3,0.7
EXP-08,development,EXP-08-development-v1,exp08_development_n64_chain_like_homogeneous_02,n64_chain_like_homogeneous,64,chain_like,homogeneous,high,2,0,16987153559614576101,true,accepted_all_structural_and_allocator_checks,0.75,1053,0.3,0.7
EXP-08,development,EXP-08-development-v1,exp08_development_n64_chain_like_homogeneous_03,n64_chain_like_homogeneous,64,chain_like,homogeneous,high,3,0,17179254339379428170,true,accepted_all_structural_and_allocator_checks,0.75,159,0.3,0.7
EXP-08,development,EXP-08-development-v1,exp08_development_n64_chain_like_homogeneous_04,n64_chain_like_homogeneous,64,chain_like,homogeneous,high,4,0,13124112662380794053,true,accepted_all_structural_and_allocator_checks,0.75,61,0.3,0.7
EXP-08,development,EXP-08-development-v1,exp08_development_n64_chain_like_homogeneous_05,n64_chain_like_homogeneous,64,chain_like,homogeneous,high,5,0,10934165804899630122,true,accepted_all_structural_and_allocator_checks,0.75,84,0.3,0.7
EXP-08,development,EXP-08-development-v1,exp08_development_n64_chain_like_homogeneous_06,n64_chain_like_homogeneous,64,chain_like,homogeneous,high,6,0,3284329126124074264,true,accepted_all_structural_and_allocator_checks,0.75,78,0.3,0.7
EXP-08,development,EXP-08-development-v1,exp08_development_n64_chain_like_homogeneous_07,n64_chain_like_homogeneous,64,chain_like,homogeneous,high,7,0,8767518021426484631,true,accepted_all_structural_and_allocator_checks,0.75,153,0.3,0.7
EXP-08,development,EXP-08-development-v1,exp08_development_n64_chain_like_homogeneous_08,n64_chain_like_homogeneous,64,chain_like,homogeneous,high,8,0,2368489980679752136,true,accepted_all_structural_and_allocator_checks,0.75,145,0.3,0.7
EXP-08,development,EXP-08-development-v1,exp08_development_n64_chain_like_homogeneous_09,n64_chain_like_homogeneous,64,chain_like,homogeneous,high,9,0,15010218835151138171,true,accepted_all_structural_and_allocator_checks,0.75,38,0.3,0.7
EXP-08,development,EXP-08-development-v1,exp08_development_n64_chain_like_lognormal_00,n64_chain_like_lognormal,64,chain_like,lognormal,high,0,0,13569433362631435603,true,accepted_all_structural_and_allocator_checks,0.7823129251700680272108843537,2,0.3,0.7
EXP-08,development,EXP-08-development-v1,exp08_development_n64_chain_like_lognormal_01,n64_chain_like_lognormal,64,chain_like,lognormal,high,1,0,8438814674838698162,true,accepted_all_structural_and_allocator_checks,0.7826086956521739130434782609,1,0.3,0.7
EXP-08,development,EXP-08-development-v1,exp08_development_n64_chain_like_lognormal_02,n64_chain_like_lognormal,64,chain_like,lognormal,high,2,0,7624866274440485778,true,accepted_all_structural_and_allocator_checks,0.8088235294117647058823529412,2,0.3,0.7
EXP-08,development,EXP-08-development-v1,exp08_development_n64_chain_like_lognormal_03,n64_chain_like_lognormal,64,chain_like,lognormal,high,3,0,11640747238868982004,true,accepted_all_structural_and_allocator_checks,0.8115942028985507246376811594,2,0.3,0.7
EXP-08,development,EXP-08-development-v1,exp08_development_n64_chain_like_lognormal_04,n64_chain_like_lognormal,64,chain_like,lognormal,high,4,0,9418483370375129611,true,accepted_all_structural_and_allocator_checks,0.8188405797101449275362318841,2,0.3,0.7
EXP-08,development,EXP-08-development-v1,exp08_development_n64_chain_like_lognormal_05,n64_chain_like_lognormal,64,chain_like,lognormal,high,5,0,8061907399414822307,true,accepted_all_structural_and_allocator_checks,0.7883211678832116788321167883,2,0.3,0.7
EXP-08,development,EXP-08-development-v1,exp08_development_n64_chain_like_lognormal_06,n64_chain_like_lognormal,64,chain_like,lognormal,high,6,0,6126688733683636142,true,accepted_all_structural_and_allocator_checks,0.8152866242038216560509554140,2,0.3,0.7
EXP-08,development,EXP-08-development-v1,exp08_development_n64_chain_like_lognormal_07,n64_chain_like_lognormal,64,chain_like,lognormal,high,7,0,16359195121334902336,true,accepted_all_structural_and_allocator_checks,0.7857142857142857142857142857,1,0.3,0.7
EXP-08,development,EXP-08-development-v1,exp08_development_n64_chain_like_lognormal_08,n64_chain_like_lognormal,64,chain_like,lognormal,high,8,0,2466273490221659330,true,accepted_all_structural_and_allocator_checks,0.7531645569620253164556962025,3,0.3,0.7
EXP-08,development,EXP-08-development-v1,exp08_development_n64_chain_like_lognormal_09,n64_chain_like_lognormal,64,chain_like,lognormal,high,9,0,15633657961135092871,true,accepted_all_structural_and_allocator_checks,0.7720588235294117647058823529,2,0.3,0.7
