experiment_id,scenario_id,semantic_sha256,m,overhead_rate,lambda_h,alias_count,aliases,policy_id,task_count,total_overhead,human_overhead,agent_overhead,useful_W4,useful_H,W4,H,L4,W4_over_P,gamma_H,B4,active_branches,critical_path,solver_status,T_star,solver_best_bound,solver_gap,solver_wall_time_seconds,exact_gap_to_B4,exact_critical_chain,baseline_gap_to_optimum,exact_makespan,exact_queue,exact_blocked_any,exact_full_agent_stop,exact_maximum_queue_length,baseline_makespan,baseline_queue,baseline_blocked_any,baseline_full_agent_stop,baseline_maximum_queue_length
EXP-04B,exp04b_m01_ro000_lh00,b9848e6e8237dde836294860c52572b6c4924bbee59f8816e060071de963404a,1,0,0,15,"m=1,r_o=0,lambda_h=0;m=1,r_o=0,lambda_h=0.5;m=1,r_o=0,lambda_h=1;m=1,r_o=0.025,lambda_h=0;m=1,r_o=0.025,lambda_h=0.5;m=1,r_o=0.025,lambda_h=1;m=1,r_o=0.05,lambda_h=0;m=1,r_o=0.05,lambda_h=0.5;m=1,r_o=0.05,lambda_h=1;m=1,r_o=0.10,lambda_h=0;m=1,r_o=0.10,lambda_h=0.5;m=1,r_o=0.10,lambda_h=1;m=1,r_o=0.20,lambda_h=0;m=1,r_o=0.20,lambda_h=0.5;m=1,r_o=0.20,lambda_h=1",bottom_level_fcfs_v1,5,0,0,0,60.00,15.00,60.00,15.00,36.00,15.00,15.00,36.00,critical_path,t02->t04_part_01->t04_join,OPTIMAL,36.00000,36.000000,0.0,0.002972,0.00000,t02.human_1 -> [task] t02.agent_1 -> [task] t02.human_2 -> [precedence] t04_part_01.specification -> [task] t04_part_01.implementation -> [precedence] t04_join.acceptance,0.00000,36.00000,0,0,0,0,36.00,4.50,4.50,0,1
EXP-04B,exp04b_m02_ro000_lh00,4569c923bf0d590f223c26c9f43e25788bd8385b7678c83a331d5c1c85a9b7d0,2,0,0,3,"m=2,r_o=0,lambda_h=0;m=2,r_o=0,lambda_h=0.5;m=2,r_o=0,lambda_h=1",bottom_level_fcfs_v1,6,0,0,0,60.00,15.00,60.00,15.00,30.00,15.00,15.00,30.00,critical_path,t02->t03,OPTIMAL,31.50000,31.500000,0.0,0.003462,1.50000,t02.human_1 -> [task] t02.agent_1 -> [task] t02.human_2 -> [precedence] t04_part_01.specification -> [human] t03.human_1 -> [task] t03.agent_1 -> [task] t03.human_2,0.00000,31.50000,0,0,0,0,31.50,9.00,6.75,0,2
EXP-04B,exp04b_m02_ro025_lh00,5daf83402a0fdac11054a279af535dcad5e5a61f8d7da02f46d4cd62ad6b8736,2,0.025,0,1,"m=2,r_o=0.025,lambda_h=0",bottom_level_fcfs_v1,6,0.600,0.000,0.600,60.00,15.00,60.600,15.000,30.00,15.150,15.000,30.00,critical_path,t02->t03,OPTIMAL,31.95000,31.950000,0.0,0.003550,1.95000,t02.human_1 -> [task] t02.agent_1 -> [task] t02.human_2 -> [precedence] t04_part_01.specification -> [human] t03.human_1 -> [human] t04_part_02.specification -> [task] t04_part_02.implementation -> [precedence] t04_join.integration -> [task] t04_join.acceptance -> [human] t03.human_2,0.00000,31.95000,0.45000,0.45000,0,1,31.950,9.450,7.200,0,2
EXP-04B,exp04b_m02_ro025_lh05,ad1d7706f63019be8ca40ce0cbfe28e8a2b6eb01eac0f71af2421aed28a68f22,2,0.025,0.5,1,"m=2,r_o=0.025,lambda_h=0.5",bottom_level_fcfs_v1,6,0.600,0.3000,0.3000,60.00,15.00,60.6000,15.3000,30.00,15.1500,15.3000,30.00,critical_path,t02->t03,OPTIMAL,32.02500,32.025000,0.0,0.003791,2.02500,t02.human_1 -> [task] t02.agent_1 -> [task] t02.human_2 -> [precedence] t04_part_01.specification -> [human] t03.human_1 -> [human] t04_part_02.specification -> [task] t04_part_02.implementation -> [precedence] t04_join.integration -> [task] t04_join.acceptance -> [human] t03.human_2,0.00000,32.02500,0.45000,0.45000,0,1,32.0250,9.6000,7.3500,0,2
EXP-04B,exp04b_m02_ro025_lh10,ff24eb252d9b43f4ce197fbb73bc70a80917a715cc24b0e26690132bff85a5f5,2,0.025,1,1,"m=2,r_o=0.025,lambda_h=1",bottom_level_fcfs_v1,6,0.600,0.600,0.000,60.00,15.00,60.600,15.600,30.00,15.150,15.600,30.00,critical_path,t02->t03,OPTIMAL,32.10000,32.100000,0.0,0.002990,2.10000,t02.human_1 -> [task] t02.agent_1 -> [task] t02.human_2 -> [precedence] t04_part_01.specification -> [human] t03.human_1 -> [human] t04_part_02.specification -> [task] t04_part_02.implementation -> [precedence] t04_join.acceptance -> [human] t03.human_2,0.00000,32.10000,0.45000,0.45000,0,1,32.100,9.750,7.500,0,2
EXP-04B,exp04b_m02_ro050_lh00,debf880694450a2827030c425662fd175d1c1ad72734d23a3cea90f0d6e1b055,2,0.05,0,1,"m=2,r_o=0.05,lambda_h=0",bottom_level_fcfs_v1,6,1.20,0.00,1.20,60.00,15.00,61.20,15.00,30.00,15.30,15.00,30.00,critical_path,t02->t03,OPTIMAL,32.40000,32.400000,0.0,0.003605,2.40000,t02.human_1 -> [task] t02.agent_1 -> [task] t02.human_2 -> [precedence] t04_part_01.specification -> [human] t03.human_1 -> [human] t04_part_02.specification -> [task] t04_part_02.implementation -> [precedence] t04_join.integration -> [task] t04_join.acceptance -> [human] t03.human_2,0.00000,32.40000,0.90000,0.90000,0,1,32.40,9.90,7.65,0,2
EXP-04B,exp04b_m02_ro050_lh05,1794877cd12d4f9d26a80631dae03b5c5cae778daea640b116c5602340d28f02,2,0.05,0.5,1,"m=2,r_o=0.05,lambda_h=0.5",bottom_level_fcfs_v1,6,1.20,0.600,0.600,60.00,15.00,61.200,15.600,30.00,15.300,15.600,30.00,critical_path,t02->t03,OPTIMAL,32.55000,32.550000,0.0,0.003575,2.55000,t02.human_1 -> [task] t02.agent_1 -> [task] t02.human_2 -> [precedence] t04_part_01.specification -> [human] t03.human_1 -> [human] t04_part_02.specification -> [task] t04_part_02.implementation -> [precedence] t04_join.integration -> [task] t04_join.acceptance -> [human] t03.human_2,0.00000,32.55000,0.90000,0.90000,0,1,32.550,10.200,7.950,0,2
EXP-04B,exp04b_m02_ro050_lh10,c6a4ae68450400376f239e49d5c16cc680c5fb6f86ad101cfc2c0a0f19c68ff0,2,0.05,1,1,"m=2,r_o=0.05,lambda_h=1",bottom_level_fcfs_v1,6,1.20,1.20,0.00,60.00,15.00,61.20,16.20,30.00,15.30,16.20,30.00,critical_path,t02->t03,OPTIMAL,32.70000,32.700000,0.0,0.003055,2.70000,t02.human_1 -> [task] t02.agent_1 -> [task] t02.human_2 -> [precedence] t04_part_01.specification -> [human] t03.human_1 -> [human] t04_part_02.specification -> [task] t04_part_02.implementation -> [precedence] t04_join.acceptance -> [human] t03.human_2,0.00000,32.70000,0.90000,0.90000,0,1,32.70,10.50,8.25,0,2
EXP-04B,exp04b_m02_ro100_lh00,b60ac8ec0e22af7d210515005db5e28d8ccb525542310eeeebb7612918b36bab,2,0.10,0,1,"m=2,r_o=0.10,lambda_h=0",bottom_level_fcfs_v1,6,2.40,0.00,2.40,60.00,15.00,62.40,15.00,30.00,15.60,15.00,30.00,critical_path,t02->t03,OPTIMAL,33.00000,33.000000,0.0,0.003393,3.00000,t02.human_1 -> [task] t02.agent_1 -> [task] t02.human_2 -> [precedence] t04_part_02.specification -> [human] t04_part_01.specification -> [human] t03.human_1 -> [task] t03.agent_1 -> [task] t03.human_2,0.00000,33.00000,0,0,0,0,33.00,9.45,7.20,0,2
EXP-04B,exp04b_m02_ro100_lh05,20d18210a37724c9d24d8990fb9be172e8beea101d57bdf1ccd79264ced6a226,2,0.10,0.5,1,"m=2,r_o=0.10,lambda_h=0.5",bottom_level_fcfs_v1,6,2.40,1.200,1.200,60.00,15.00,62.400,16.200,30.00,15.600,16.200,30.00,critical_path,t02->t03,OPTIMAL,33.60000,33.600000,0.0,0.003306,3.60000,t02.human_1 -> [task] t02.agent_1 -> [task] t02.human_2 -> [precedence] t04_part_02.specification -> [human] t04_part_01.specification -> [human] t03.human_1 -> [task] t03.agent_1 -> [task] t03.human_2,0.00000,33.60000,0,0,0,0,33.600,10.050,7.800,0,2
EXP-04B,exp04b_m02_ro100_lh10,b5422f581ac1e4c6bd2d64e6e00c0954d3ebc779be9736c94dc14279752e6d53,2,0.10,1,1,"m=2,r_o=0.10,lambda_h=1",bottom_level_fcfs_v1,6,2.40,2.40,0.00,60.00,15.00,62.40,17.40,30.00,15.60,17.40,30.00,critical_path,t02->t03,OPTIMAL,33.90000,33.900000,0.0,0.003132,3.90000,t02.human_1 -> [task] t02.agent_1 -> [task] t02.human_2 -> [precedence] t04_part_01.specification -> [human] t03.human_1 -> [human] t04_part_02.specification -> [task] t04_part_02.implementation -> [precedence] t04_join.acceptance -> [human] t03.human_2,0.00000,33.90000,1.80000,1.80000,0,1,33.90,12.00,9.75,0,2
EXP-04B,exp04b_m02_ro200_lh00,7f282a4ab4b7f4d668437c98723f5a47c307fe4c6a46af9e4e35a94471142252,2,0.20,0,1,"m=2,r_o=0.20,lambda_h=0",bottom_level_fcfs_v1,6,4.80,0.00,4.80,60.00,15.00,64.80,15.00,30.00,16.20,15.00,30.00,critical_path,t02->t03,OPTIMAL,33.00000,33.000000,0.0,0.003290,3.00000,t02.human_1 -> [task] t02.agent_1 -> [task] t02.human_2 -> [precedence] t04_part_02.specification -> [human] t04_part_01.specification -> [human] t03.human_1 -> [task] t03.agent_1 -> [task] t03.human_2,0.00000,33.00000,0,0,0,0,33.00,7.65,5.40,0,2
EXP-04B,exp04b_m02_ro200_lh05,3d1e80c864ce8a7af17bfb08dcad3120246db38a9dab7eb79189e9ec63e4d4fc,2,0.20,0.5,1,"m=2,r_o=0.20,lambda_h=0.5",bottom_level_fcfs_v1,6,4.80,2.400,2.400,60.00,15.00,64.800,17.400,30.00,16.200,17.400,30.00,critical_path,t02->t03,OPTIMAL,34.20000,34.200000,0.0,0.003270,4.20000,t02.human_1 -> [task] t02.agent_1 -> [task] t02.human_2 -> [precedence] t04_part_02.specification -> [human] t04_part_01.specification -> [human] t03.human_1 -> [task] t03.agent_1 -> [task] t03.human_2,0.00000,34.20000,0,0,0,0,34.200,8.850,6.600,0,2
EXP-04B,exp04b_m02_ro200_lh10,b0aa5860b6ea74bc39a56760b57a42e2ae5bc6df643763cc5aa349b50671f5ba,2,0.20,1,1,"m=2,r_o=0.20,lambda_h=1",bottom_level_fcfs_v1,6,4.80,4.80,0.00,60.00,15.00,64.80,19.80,30.00,16.20,19.80,30.00,critical_path,t02->t03,OPTIMAL,35.40000,35.400000,0.0,0.002385,5.40000,t02.human_1 -> [task] t02.agent_1 -> [task] t02.human_2 -> [precedence] t03.human_1 -> [task] t03.agent_1 -> [task] t03.human_2 -> [human] t04_join.acceptance,0.00000,35.40000,0,0,0,0,35.40,10.05,7.80,0,2
EXP-04B,exp04b_m03_ro000_lh00,17c0a27af9807ebfa7fc7df82e25db419c7ed192ef8ad0aad1a785d93f59d49c,3,0,0,3,"m=3,r_o=0,lambda_h=0;m=3,r_o=0,lambda_h=0.5;m=3,r_o=0,lambda_h=1",bottom_level_fcfs_v1,7,0,0,0,60.00,15.00,60.00,15.00,30.00,15.00,15.00,30.00,critical_path,t02->t03,OPTIMAL,30.00000,30.000000,0.0,0.003757,0.00000,t02.human_1 -> [task] t02.agent_1 -> [task] t02.human_2 -> [precedence] t03.human_1 -> [task] t03.agent_1 -> [task] t03.human_2,0.00000,30.00000,0,0,0,0,30.00,11.25,5.75,2.25,3
EXP-04B,exp04b_m03_ro025_lh00,78343849545f0313fee60f09ced64845bdb4f2f7a903d4c83346cc4dfafea072,3,0.025,0,1,"m=3,r_o=0.025,lambda_h=0",bottom_level_fcfs_v1,7,1.200,0.000,1.200,60.00,15.00,61.200,15.000,30.00,15.300,15.000,30.00,critical_path,t02->t03,OPTIMAL,30.00000,30.000000,0.0,0.004028,0.00000,t02.human_1 -> [task] t02.agent_1 -> [task] t02.human_2 -> [precedence] t03.human_1 -> [task] t03.agent_1 -> [task] t03.human_2,0.00000,30.00000,0,0,0,0,30.00,11.250,5.750,2.25,3
EXP-04B,exp04b_m03_ro025_lh05,ae50fe555149db5974b316695a1b4f539819fc245837c95e8b37c00af88a2c50,3,0.025,0.5,1,"m=3,r_o=0.025,lambda_h=0.5",bottom_level_fcfs_v1,7,1.200,0.6000,0.6000,60.00,15.00,61.2000,15.6000,30.00,15.3000,15.6000,30.00,critical_path,t02->t03,OPTIMAL,30.00000,30.000000,0.0,0.003923,0.00000,t02.human_1 -> [task] t02.agent_1 -> [task] t02.human_2 -> [precedence] t03.human_1 -> [task] t03.agent_1 -> [task] t03.human_2,0.00000,30.00000,0,0,0,0,30.00,11.5500,5.9500,2.25,3
EXP-04B,exp04b_m03_ro025_lh10,0526a8d9b65e60b102db73b940c5621c65b6bd9d0effcd9856cedc18d45bd787,3,0.025,1,1,"m=3,r_o=0.025,lambda_h=1",bottom_level_fcfs_v1,7,1.200,1.200,0.000,60.00,15.00,61.200,16.200,30.00,15.300,16.200,30.00,critical_path,t02->t03,OPTIMAL,30.00000,30.000000,0.0,0.003899,0.00000,t02.human_1 -> [task] t02.agent_1 -> [task] t02.human_2 -> [precedence] t03.human_1 -> [task] t03.agent_1 -> [task] t03.human_2,0.00000,30.00000,0,0,0,0,30.00,11.850,6.150,2.25,3
EXP-04B,exp04b_m03_ro050_lh00,5e817faade79f1179a51b69be40bceea6ee2de079d58420de982b41b2d44af77,3,0.05,0,1,"m=3,r_o=0.05,lambda_h=0",bottom_level_fcfs_v1,7,2.40,0.00,2.40,60.00,15.00,62.40,15.00,30.00,15.60,15.00,30.00,critical_path,t02->t03,OPTIMAL,30.10000,30.100000,0.0,0.004503,0.10000,t02.human_1 -> [task] t02.agent_1 -> [task] t02.human_2 -> [precedence] t03.human_1 -> [human] t04_part_02.specification -> [human] t04_part_03.specification -> [human] t04_part_01.specification -> [task] t04_part_01.implementation -> [precedence] t04_join.integration -> [task] t04_join.acceptance -> [human] t03.human_2,0.00000,30.10000,0.10000,0.10000,0,1,30.10,11.35,5.85,2.25,3
EXP-04B,exp04b_m03_ro050_lh05,cccd8af6e9f414d6dfc80966d4f37011b97c0cc8c8f7ba4ac3d3199cf5f10269,3,0.05,0.5,1,"m=3,r_o=0.05,lambda_h=0.5",bottom_level_fcfs_v1,7,2.40,1.200,1.200,60.00,15.00,62.400,16.200,30.00,15.600,16.200,30.00,critical_path,t02->t03,OPTIMAL,30.50000,30.500000,0.0,0.004142,0.50000,t02.human_1 -> [task] t02.agent_1 -> [task] t02.human_2 -> [precedence] t03.human_1 -> [human] t04_part_03.specification -> [human] t04_part_02.specification -> [human] t04_part_01.specification -> [task] t04_part_01.implementation -> [precedence] t04_join.integration -> [task] t04_join.acceptance -> [human] t03.human_2,0.00000,30.50000,0.50000,0.50000,0,1,30.500,12.350,6.650,2.25,3
EXP-04B,exp04b_m03_ro050_lh10,492b1d1c737a692d72c86ca3bf200620cdabb4be0b36dbd00d556d3d2c368a17,3,0.05,1,1,"m=3,r_o=0.05,lambda_h=1",bottom_level_fcfs_v1,7,2.40,2.40,0.00,60.00,15.00,62.40,17.40,30.00,15.60,17.40,30.00,critical_path,t02->t03,OPTIMAL,30.90000,30.900000,0.0,0.003916,0.90000,t02.human_1 -> [task] t02.agent_1 -> [task] t02.human_2 -> [precedence] t03.human_1 -> [human] t04_part_03.specification -> [human] t04_part_02.specification -> [human] t04_part_01.specification -> [task] t04_part_01.implementation -> [precedence] t04_join.acceptance -> [human] t03.human_2,0.00000,30.90000,0.90000,0.90000,0,1,30.90,13.35,7.45,2.25,3
EXP-04B,exp04b_m03_ro100_lh00,1ddbe91628f276fb5d0b431ab130e010f1242e631e45a22939f4caf2f7156c8b,3,0.10,0,1,"m=3,r_o=0.10,lambda_h=0",bottom_level_fcfs_v1,7,4.80,0.00,4.80,60.00,15.00,64.80,15.00,30.00,16.20,15.00,30.00,critical_path,t02->t03,OPTIMAL,31.70000,31.700000,0.0,0.004169,1.70000,t02.human_1 -> [task] t02.agent_1 -> [task] t02.human_2 -> [precedence] t04_part_02.specification -> [human] t03.human_1 -> [human] t04_part_03.specification -> [human] t04_part_01.specification -> [task] t04_part_01.implementation -> [precedence] t04_join.integration -> [task] t04_join.acceptance -> [human] t03.human_2,0.00000,31.70000,0.70000,0.70000,0,1,31.70,12.95,7.45,2.25,3
EXP-04B,exp04b_m03_ro100_lh05,3cfe3b7a2ba44f7930184abbb9b42ddddc735e94d1ed5d10da8ed0fafe24d09a,3,0.10,0.5,1,"m=3,r_o=0.10,lambda_h=0.5",bottom_level_fcfs_v1,7,4.80,2.400,2.400,60.00,15.00,64.800,17.400,30.00,16.200,17.400,30.00,critical_path,t02->t03,OPTIMAL,32.50000,32.500000,0.0,0.004615,2.50000,t02.human_1 -> [task] t02.agent_1 -> [task] t02.human_2 -> [precedence] t04_part_02.specification -> [human] t03.human_1 -> [human] t04_part_03.specification -> [human] t04_part_01.specification -> [task] t04_part_01.implementation -> [precedence] t04_join.integration -> [task] t04_join.acceptance -> [human] t03.human_2,0.00000,32.50000,1.10000,1.10000,0,1,32.500,14.950,9.050,2.25,3
EXP-04B,exp04b_m03_ro100_lh10,2525d44d096949a561f3ff30843cf00db44152a5e7d66212affbe11467b9a4a9,3,0.10,1,1,"m=3,r_o=0.10,lambda_h=1",bottom_level_fcfs_v1,7,4.80,4.80,0.00,60.00,15.00,64.80,19.80,30.00,16.20,19.80,30.00,critical_path,t02->t03,OPTIMAL,33.30000,33.300000,0.0,0.003792,3.30000,t02.human_1 -> [task] t02.agent_1 -> [task] t02.human_2 -> [precedence] t03.human_1 -> [human] t04_part_03.specification -> [human] t04_part_01.specification -> [human] t04_part_02.specification -> [task] t04_part_02.implementation -> [precedence] t04_join.acceptance -> [human] t03.human_2,0.00000,33.30000,3.30000,3.30000,0,1,33.30,16.95,10.65,2.25,3
EXP-04B,exp04b_m03_ro200_lh00,a48833a95ac7ce52cfa168e318c5e8d8171feee15c00413c8da8366ce8b8ad50,3,0.20,0,1,"m=3,r_o=0.20,lambda_h=0",bottom_level_fcfs_v1,7,9.60,0.00,9.60,60.00,15.00,69.60,15.00,30.00,17.40,15.00,30.00,critical_path,t02->t03,OPTIMAL,33.00000,33.000000,0.0,0.004294,3.00000,t02.human_1 -> [task] t02.agent_1 -> [task] t02.human_2 -> [precedence] t03.human_1 -> [task] t03.agent_1 -> [task] t03.human_2 -> [human] t04_join.acceptance,0.00000,33.00000,0.35000,0.35000,0,1,33.00,11.60,6.10,2.25,3
EXP-04B,exp04b_m03_ro200_lh05,68af2dadb5aa4913966b74c392b466171b1bf95bcebe6d400150a0251e6f246a,3,0.20,0.5,1,"m=3,r_o=0.20,lambda_h=0.5",bottom_level_fcfs_v1,7,9.60,4.800,4.800,60.00,15.00,69.600,19.800,30.00,17.400,19.800,30.00,critical_path,t02->t03,OPTIMAL,35.40000,35.400000,0.0,0.004462,5.40000,t02.human_1 -> [task] t02.agent_1 -> [task] t02.human_2 -> [precedence] t04_part_02.specification -> [human] t04_part_03.specification -> [human] t04_part_01.specification -> [human] t03.human_1 -> [task] t03.agent_1 -> [task] t03.human_2,0.00000,35.40000,0,0,0,0,35.400,14.800,8.500,2.25,3
EXP-04B,exp04b_m03_ro200_lh10,9914baf93617bfb5233a5c16d54aeef16ef6f40bfa2aae0758adbd37ef3f37de,3,0.20,1,1,"m=3,r_o=0.20,lambda_h=1",bottom_level_fcfs_v1,7,9.60,9.60,0.00,60.00,15.00,69.60,24.60,30.00,17.40,24.60,30.00,critical_path,t02->t03,OPTIMAL,37.80000,37.800000,0.0,0.003937,7.80000,t02.human_1 -> [task] t02.agent_1 -> [task] t02.human_2 -> [precedence] t04_part_02.specification -> [human] t04_part_03.specification -> [human] t04_part_01.specification -> [human] t03.human_1 -> [task] t03.agent_1 -> [task] t03.human_2,0.00000,37.80000,0,0,0,0,37.80,18.00,10.90,2.25,3
EXP-04B,exp04b_m04_ro000_lh00,4b25f882ef01262819295dc5eb4dbe85b58368f3469e4a4438095b560180f14f,4,0,0,3,"m=4,r_o=0,lambda_h=0;m=4,r_o=0,lambda_h=0.5;m=4,r_o=0,lambda_h=1",bottom_level_fcfs_v1,8,0,0,0,60.00,15.00,60.00,15.00,30.00,15.00,15.00,30.00,critical_path,t02->t03,OPTIMAL,30.00000,30.000000,0.0,0.004387,0.00000,t02.human_1 -> [task] t02.agent_1 -> [task] t02.human_2 -> [precedence] t03.human_1 -> [task] t03.agent_1 -> [task] t03.human_2,0.00000,30.00000,0,0,0,0,30.00,10.50,5.25,2.25,3
EXP-04B,exp04b_m04_ro025_lh00,2e24ae2ea3e02ed13a5203158a98fc39c634b5c2d93a76220d1796120c719f33,4,0.025,0,1,"m=4,r_o=0.025,lambda_h=0",bottom_level_fcfs_v1,8,1.800,0.000,1.800,60.00,15.00,61.800,15.000,30.00,15.450,15.000,30.00,critical_path,t02->t03,OPTIMAL,30.75000,30.750000,0.0,0.005101,0.75000,t02.human_1 -> [task] t02.agent_1 -> [task] t02.human_2 -> [precedence] t04_part_02.specification -> [human] t03.human_1 -> [task] t03.agent_1 -> [task] t03.human_2,0.60000,30.75000,0,0,0,0,31.350,11.850,6.600,2.25,3
EXP-04B,exp04b_m04_ro025_lh05,658a6e45cfe55b80927af8747ccd0d7901efb397994f3b41ed0a979263236cdb,4,0.025,0.5,1,"m=4,r_o=0.025,lambda_h=0.5",bottom_level_fcfs_v1,8,1.800,0.9000,0.9000,60.00,15.00,61.8000,15.9000,30.00,15.4500,15.9000,30.00,critical_path,t02->t03,OPTIMAL,30.86250,30.862500,0.0,0.004980,0.86250,t02.human_1 -> [task] t02.agent_1 -> [task] t02.human_2 -> [precedence] t04_part_03.specification -> [human] t03.human_1 -> [task] t03.agent_1 -> [task] t03.human_2,0.48750,30.86250,0,0,0,0,31.3500,12.1875,6.8250,2.25,3
EXP-04B,exp04b_m04_ro025_lh10,68136560c3168006d998c100f8ea5e226c7bc6a5421f0b86c1825b6a68da1edc,4,0.025,1,1,"m=4,r_o=0.025,lambda_h=1",bottom_level_fcfs_v1,8,1.800,1.800,0.000,60.00,15.00,61.800,16.800,30.00,15.450,16.800,30.00,critical_path,t02->t03,OPTIMAL,30.97500,30.975000,0.0,0.005185,0.97500,t02.human_1 -> [task] t02.agent_1 -> [task] t02.human_2 -> [precedence] t04_part_03.specification -> [human] t03.human_1 -> [task] t03.agent_1 -> [task] t03.human_2,0.37500,30.97500,0,0,0,0,31.350,12.525,7.050,2.25,3
EXP-04B,exp04b_m04_ro050_lh00,1966da08cbb4545499c3e86c7b0d58feceb0ec039083d8eddb30850d3c7e23c3,4,0.05,0,1,"m=4,r_o=0.05,lambda_h=0",bottom_level_fcfs_v1,8,3.60,0.00,3.60,60.00,15.00,63.60,15.00,30.00,15.90,15.00,30.00,critical_path,t02->t03,OPTIMAL,30.75000,30.750000,0.0,0.005482,0.75000,t02.human_1 -> [task] t02.agent_1 -> [task] t02.human_2 -> [precedence] t04_part_04.specification -> [human] t03.human_1 -> [task] t03.agent_1 -> [task] t03.human_2,1.95000,30.75000,0,0,0,0,32.70,13.20,7.95,2.25,3
EXP-04B,exp04b_m04_ro050_lh05,548ff4ed1e6f7ec22f1fb15cb814b3fbf73c653dce6ef1b74442dea356f8cdfb,4,0.05,0.5,1,"m=4,r_o=0.05,lambda_h=0.5",bottom_level_fcfs_v1,8,3.60,1.800,1.800,60.00,15.00,63.600,16.800,30.00,15.900,16.800,30.00,critical_path,t02->t03,OPTIMAL,30.97500,30.975000,0.0,0.005524,0.97500,t02.human_1 -> [task] t02.agent_1 -> [task] t02.human_2 -> [precedence] t04_part_03.specification -> [human] t03.human_1 -> [task] t03.agent_1 -> [task] t03.human_2,1.72500,30.97500,0,0,0,0,32.700,13.875,8.400,2.25,3
EXP-04B,exp04b_m04_ro050_lh10,b6f08560bb4b04aa908ee9a887b4f56ba1af39dba2283dda188eb0c779291709,4,0.05,1,1,"m=4,r_o=0.05,lambda_h=1",bottom_level_fcfs_v1,8,3.60,3.60,0.00,60.00,15.00,63.60,18.60,30.00,15.90,18.60,30.00,critical_path,t02->t03,OPTIMAL,31.20000,31.200000,0.0,0.004483,1.20000,t02.human_1 -> [task] t02.agent_1 -> [task] t02.human_2 -> [precedence] t04_part_02.specification -> [human] t03.human_1 -> [task] t03.agent_1 -> [task] t03.human_2,1.50000,31.20000,0,0,0,0,32.70,14.55,8.85,2.25,3
EXP-04B,exp04b_m04_ro100_lh00,382530059f410deffde74fd49a1b9d2d0c060cee094feb561e65c0669134f8e1,4,0.10,0,1,"m=4,r_o=0.10,lambda_h=0",bottom_level_fcfs_v1,8,7.20,0.00,7.20,60.00,15.00,67.20,15.00,30.00,16.80,15.00,30.00,critical_path,t02->t03,OPTIMAL,33.15000,33.150000,0.0,0.006867,3.15000,t02.human_1 -> [task] t02.agent_1 -> [task] t02.human_2 -> [precedence] t04_part_02.specification -> [task] t04_part_02.implementation -> [agent] t04_part_01.specification -> [task] t04_part_01.implementation -> [precedence] t04_join.integration -> [task] t04_join.acceptance -> [human] t03.human_2,0.00000,33.15000,0.90000,0.90000,0,1,33.15,10.50,5.25,2.25,3
EXP-04B,exp04b_m04_ro100_lh05,9a26b50e76c9e921e5f4db7a3781e3fc0b81f1a577cc14b1f07ee7905c42c167,4,0.10,0.5,1,"m=4,r_o=0.10,lambda_h=0.5",bottom_level_fcfs_v1,8,7.20,3.600,3.600,60.00,15.00,67.200,18.600,30.00,16.800,18.600,30.00,critical_path,t02->t03,OPTIMAL,33.15000,33.150000,0.0,0.006249,3.15000,t02.human_1 -> [task] t02.agent_1 -> [task] t02.human_2 -> [precedence] t04_part_01.specification -> [task] t04_part_01.implementation -> [agent] t04_part_02.specification -> [task] t04_part_02.implementation -> [precedence] t04_join.integration -> [task] t04_join.acceptance -> [human] t03.human_2,1.65000,33.15000,1.95000,1.95000,0,1,34.800,13.500,7.800,2.25,3
EXP-04B,exp04b_m04_ro100_lh10,77221a7966334127645b3fa1d8f2f1417d69fa3e266d65ec999ef2cfe4bfc0ac,4,0.10,1,1,"m=4,r_o=0.10,lambda_h=1",bottom_level_fcfs_v1,8,7.20,7.20,0.00,60.00,15.00,67.20,22.20,30.00,16.80,22.20,30.00,critical_path,t02->t03,OPTIMAL,34.20000,34.200000,0.0,0.004696,4.20000,t02.human_1 -> [task] t02.agent_1 -> [task] t02.human_2 -> [precedence] t04_part_01.specification -> [human] t04_part_04.specification -> [human] t03.human_1 -> [human] t04_part_02.specification -> [human] t04_part_03.specification -> [task] t04_part_03.implementation -> [precedence] t04_join.acceptance -> [human] t03.human_2,1.20000,34.20000,0.90000,0.90000,0,1,35.40,18.60,12.45,2.25,3
EXP-04B,exp04b_m04_ro200_lh00,0feaa0451374697b3af95843552889a68931f9e3554d95b601661a971345c26f,4,0.20,0,1,"m=4,r_o=0.20,lambda_h=0",bottom_level_fcfs_v1,8,14.40,0.00,14.40,60.00,15.00,74.40,15.00,30.00,18.60,15.00,30.00,critical_path,t02->t03,OPTIMAL,36.30000,36.300000,0.0,0.005040,6.30000,t02.human_1 -> [task] t02.agent_1 -> [task] t02.human_2 -> [precedence] t04_part_02.specification -> [task] t04_part_02.implementation -> [agent] t04_part_01.specification -> [task] t04_part_01.implementation -> [precedence] t04_join.integration -> [task] t04_join.acceptance,2.25000,36.30000,0,0,0,0,38.55,10.50,5.25,2.25,3
EXP-04B,exp04b_m04_ro200_lh05,abfd498ac355b8c5fac1981cf42c34bda3bcf5d37bec64f97bb34919d06b7581,4,0.20,0.5,1,"m=4,r_o=0.20,lambda_h=0.5",bottom_level_fcfs_v1,8,14.40,7.200,7.200,60.00,15.00,74.400,22.200,30.00,18.600,22.200,30.00,critical_path,t02->t03,OPTIMAL,37.05000,37.050000,0.0,0.012360,7.05000,t02.human_1 -> [task] t02.agent_1 -> [task] t02.human_2 -> [precedence] t04_part_02.specification -> [task] t04_part_02.implementation -> [agent] t03.human_1 -> [task] t03.agent_1 -> [task] t03.human_2,1.50000,37.05000,0,0,0,0,38.550,13.200,7.050,2.25,3
EXP-04B,exp04b_m04_ro200_lh10,775b9a56264126d4b4f27507d5b7f7b2a0abf1de4cffa4d43c1db663866dacc5,4,0.20,1,1,"m=4,r_o=0.20,lambda_h=1",bottom_level_fcfs_v1,8,14.40,14.40,0.00,60.00,15.00,74.40,29.40,30.00,18.60,29.40,30.00,critical_path,t02->t03,OPTIMAL,40.20000,40.200000,0.0,0.004789,10.20000,t02.human_1 -> [task] t02.agent_1 -> [task] t02.human_2 -> [precedence] t03.human_1 -> [task] t03.agent_1 -> [task] t03.human_2 -> [human] t04_join.acceptance,0.00000,40.20000,0,0,0,0,40.20,17.55,10.50,2.25,3
EXP-04B,exp04b_m06_ro000_lh00,39ec12202ac0112a8b6e1ec3d12b92dd05920cf0b17adea94c5900439087e9ab,6,0,0,3,"m=6,r_o=0,lambda_h=0;m=6,r_o=0,lambda_h=0.5;m=6,r_o=0,lambda_h=1",bottom_level_fcfs_v1,10,0,0,0,60.00,15.00,60.00,15.00,30.00,15.00,15.00,30.00,critical_path,t02->t03,OPTIMAL,30.00000,30.000000,0.0,0.008177,0.00000,t02.human_1 -> [task] t02.agent_1 -> [task] t02.human_2 -> [precedence] t03.human_1 -> [task] t03.agent_1 -> [task] t03.human_2,0.00000,30.00000,0,0,0,0,30.00,9.75,4.75,2.25,3
EXP-04B,exp04b_m06_ro025_lh00,7ccc5034b1904c380edd96836c3dd94ab7fbdf65f73e1bd7d4236216b4be6d2b,6,0.025,0,1,"m=6,r_o=0.025,lambda_h=0",bottom_level_fcfs_v1,10,3.000,0.000,3.000,60.00,15.00,63.000,15.000,30.00,15.750,15.000,30.00,critical_path,t02->t03,OPTIMAL,30.00000,30.000000,0.0,0.008713,0.00000,t02.human_1 -> [task] t02.agent_1 -> [task] t02.human_2 -> [precedence] t03.human_1 -> [task] t03.agent_1 -> [task] t03.human_2,0.00000,30.00000,0,0,0,0,30.00,9.750,4.750,2.25,3
EXP-04B,exp04b_m06_ro025_lh05,eda72b6fe1effa1ad5fc9ba00605b86350a5afa57434a54e21c722cbace98def,6,0.025,0.5,1,"m=6,r_o=0.025,lambda_h=0.5",bottom_level_fcfs_v1,10,3.000,1.5000,1.5000,60.00,15.00,63.0000,16.5000,30.00,15.7500,16.5000,30.00,critical_path,t02->t03,OPTIMAL,30.00000,30.000000,0.0,0.008146,0.00000,t02.human_1 -> [task] t02.agent_1 -> [task] t02.human_2 -> [precedence] t03.human_1 -> [task] t03.agent_1 -> [task] t03.human_2,0.00000,30.00000,0,0,0,0,30.00,10.1250,5.0000,2.25,3
EXP-04B,exp04b_m06_ro025_lh10,f1a0a4d370ef4fd3909240ff344381412555612abb8c819c7313a3420930a4b8,6,0.025,1,1,"m=6,r_o=0.025,lambda_h=1",bottom_level_fcfs_v1,10,3.000,3.000,0.000,60.00,15.00,63.000,18.000,30.00,15.750,18.000,30.00,critical_path,t02->t03,OPTIMAL,30.00000,30.000000,0.0,0.008257,0.00000,t02.human_1 -> [task] t02.agent_1 -> [task] t02.human_2 -> [precedence] t03.human_1 -> [task] t03.agent_1 -> [task] t03.human_2,0.00000,30.00000,0,0,0,0,30.00,10.500,5.250,2.25,3
EXP-04B,exp04b_m06_ro050_lh00,8f706107026fc84873884cb550b06bd019d5a9896e66126da5fe884e6d728a5f,6,0.05,0,1,"m=6,r_o=0.05,lambda_h=0",bottom_level_fcfs_v1,10,6.00,0.00,6.00,60.00,15.00,66.00,15.00,30.00,16.50,15.00,30.00,critical_path,t02->t03,OPTIMAL,31.50000,31.500000,0.0,0.603903,1.50000,t02.human_1 -> [task] t02.agent_1 -> [task] t02.human_2 -> [precedence] t04_part_01.specification -> [human] t04_part_04.specification -> [human] t04_part_02.specification -> [human] t03.human_1 -> [task] t03.agent_1 -> [task] t03.human_2,0.00000,31.50000,0,0,0,0,31.50,11.25,6.25,2.25,3
EXP-04B,exp04b_m06_ro050_lh05,b3eb19b79d3dac1c2dff5aa6ad7ec10bb6e1e7cd9ee359262511cdcc2cddbf9b,6,0.05,0.5,1,"m=6,r_o=0.05,lambda_h=0.5",bottom_level_fcfs_v1,10,6.00,3.000,3.000,60.00,15.00,66.000,18.000,30.00,16.500,18.000,30.00,critical_path,t02->t03,OPTIMAL,32.00000,32.000000,0.0,0.607036,2.00000,t02.human_1 -> [task] t02.agent_1 -> [task] t02.human_2 -> [precedence] t04_part_01.specification -> [human] t04_part_05.specification -> [human] t03.human_1 -> [human] t04_part_06.specification -> [task] t04_part_06.implementation -> [agent] t04_part_02.specification -> [task] t04_part_02.implementation -> [precedence] t04_join.integration -> [task] t04_join.acceptance -> [human] t03.human_2,0.00000,32.00000,0.50000,0.50000,0,1,32.000,12.500,7.250,2.25,3
EXP-04B,exp04b_m06_ro050_lh10,efd4d7b500891112b39be6ddfd267011c9037894b4fba6c5b2181771bd94ac1d,6,0.05,1,1,"m=6,r_o=0.05,lambda_h=1",bottom_level_fcfs_v1,10,6.00,6.00,0.00,60.00,15.00,66.00,21.00,30.00,16.50,21.00,30.00,critical_path,t02->t03,OPTIMAL,32.50000,32.500000,0.0,1.128788,2.50000,t02.human_1 -> [task] t02.agent_1 -> [task] t02.human_2 -> [precedence] t04_part_03.specification -> [human] t04_part_02.specification -> [human] t03.human_1 -> [human] t04_part_01.specification -> [task] t04_part_01.implementation -> [agent] t04_part_05.specification -> [task] t04_part_05.implementation -> [precedence] t04_join.acceptance -> [human] t03.human_2,0.00000,32.50000,0.50000,0.50000,0,1,32.50,13.75,8.25,2.25,3
EXP-04B,exp04b_m06_ro100_lh00,70567d3d9a654977fdcccaf351ce20331b53e6426c068274c68eb28639c3d332,6,0.10,0,1,"m=6,r_o=0.10,lambda_h=0",bottom_level_fcfs_v1,10,12.00,0.00,12.00,60.00,15.00,72.00,15.00,30.00,18.00,15.00,30.00,critical_path,t02->t03,OPTIMAL,33.25000,33.250000,0.0,2.003158,3.25000,t02.human_1 -> [task] t02.agent_1 -> [task] t02.human_2 -> [precedence] t04_part_05.specification -> [task] t04_part_05.implementation -> [agent] t04_part_02.specification -> [human] t04_part_06.specification -> [human] t04_part_01.specification -> [task] t04_part_01.implementation -> [precedence] t04_join.integration -> [task] t04_join.acceptance -> [human] t03.human_2,0.00000,33.25000,1.75000,1.75000,0,1,33.25,9.75,4.75,2.25,3
EXP-04B,exp04b_m06_ro100_lh05,33e0032d6115f3937863709be44aee46d5855573905e578133381e2b78f825b8,6,0.10,0.5,1,"m=6,r_o=0.10,lambda_h=0.5",bottom_level_fcfs_v1,10,12.00,6.000,6.000,60.00,15.00,72.000,21.000,30.00,18.000,21.000,30.00,critical_path,t02->t03,OPTIMAL,35.00000,35.000000,0.0,0.061401,5.00000,t02.human_1 -> [task] t02.agent_1 -> [task] t02.human_2 -> [precedence] t04_part_06.specification -> [human] t04_part_01.specification -> [human] t04_part_05.specification -> [human] t03.human_1 -> [human] t04_part_04.specification -> [human] t04_part_02.specification -> [human] t04_part_03.specification -> [task] t04_part_03.implementation -> [precedence] t04_join.integration -> [task] t04_join.acceptance -> [human] t03.human_2,1.00000,35.00000,0.49375,0.49375,0,1,36.000,13.000,7.500,2.25,3
EXP-04B,exp04b_m06_ro100_lh10,5caefacee01229e13619ff8b45a1fe3f8dcfd702279c6c84a0a8f8040e75e069,6,0.10,1,1,"m=6,r_o=0.10,lambda_h=1",bottom_level_fcfs_v1,10,12.00,12.00,0.00,60.00,15.00,72.00,27.00,30.00,18.00,27.00,30.00,critical_path,t02->t03,OPTIMAL,37.50000,37.500000,0.0,0.004928,7.50000,t02.human_1 -> [task] t02.agent_1 -> [task] t02.human_2 -> [precedence] t04_part_06.specification -> [human] t04_part_03.specification -> [human] t04_part_05.specification -> [human] t03.human_1 -> [human] t04_part_02.specification -> [human] t04_part_04.specification -> [human] t04_part_01.specification -> [task] t04_part_01.implementation -> [precedence] t04_join.acceptance -> [human] t03.human_2,0.00000,37.50000,3.00000,3.00000,0,1,37.50,20.25,14.25,2.25,3
EXP-04B,exp04b_m06_ro200_lh00,280e4ece2b020bd30c8ed2ec0e966fb23060f66d5fa94e749a995fe8c6eebf52,6,0.20,0,1,"m=6,r_o=0.20,lambda_h=0",bottom_level_fcfs_v1,10,24.00,0.00,24.00,60.00,15.00,84.00,15.00,32.50,21.00,15.00,32.50,critical_path,t02->t04_part_06->t04_join,OPTIMAL,39.00000,39.000000,0.0,0.663672,6.50000,t02.human_1 -> [task] t02.agent_1 -> [task] t02.human_2 -> [precedence] t04_part_01.specification -> [task] t04_part_01.implementation -> [agent] t04_part_02.specification -> [human] t04_part_05.specification -> [human] t04_part_04.specification -> [task] t04_part_04.implementation -> [precedence] t04_join.integration -> [task] t04_join.acceptance,0.50000,39.00000,0,0,0,0,39.50,5.50,4.00,0.50,3
EXP-04B,exp04b_m06_ro200_lh05,dc0bbe55c64965a1a2573a9270d19e451bf4528f20c255ea943a292d5ca3cdea,6,0.20,0.5,1,"m=6,r_o=0.20,lambda_h=0.5",bottom_level_fcfs_v1,10,24.00,12.000,12.000,60.00,15.00,84.000,27.000,32.500,21.000,27.000,32.500,critical_path,t02->t04_part_06->t04_join,OPTIMAL,42.25000,42.250000,0.0,0.007829,9.75000,t02.human_1 -> [task] t02.agent_1 -> [task] t02.human_2 -> [precedence] t04_part_02.specification -> [human] t04_part_05.specification -> [human] t04_part_01.specification -> [human] t04_part_06.specification -> [human] t04_part_04.specification -> [human] t04_part_03.specification -> [task] t04_part_03.implementation -> [precedence] t04_join.integration -> [task] t04_join.acceptance -> [human] t03.human_2,0.00000,42.25000,2.25000,2.25000,0,1,42.250,15.250,10.750,1.500,3
EXP-04B,exp04b_m06_ro200_lh10,f4c785c7e4cc79b65ad0c493b1540553d852da8d03210273337f91e99c7b0a2c,6,0.20,1,1,"m=6,r_o=0.20,lambda_h=1",bottom_level_fcfs_v1,10,24.00,24.00,0.00,60.00,15.00,84.00,39.00,32.50,21.00,39.00,39.00,human,t02->t04_part_06->t04_join,OPTIMAL,47.25000,47.250000,0.0,0.004854,8.25000,t02.human_1 -> [task] t02.agent_1 -> [task] t02.human_2 -> [precedence] t03.human_1 -> [human] t04_part_03.specification -> [human] t04_part_02.specification -> [human] t04_part_05.specification -> [human] t04_part_04.specification -> [human] t04_part_01.specification -> [human] t04_part_06.specification -> [task] t04_part_06.implementation -> [precedence] t04_join.acceptance,0.00000,47.25000,1.50000,1.50000,0,1,47.25,32.25,18.75,2.50,3
EXP-04B,exp04b_m08_ro000_lh00,f006b339c7f00322504c05f074d3bf7642addee3186bc0be173a875ae26a2c2f,8,0,0,3,"m=8,r_o=0,lambda_h=0;m=8,r_o=0,lambda_h=0.5;m=8,r_o=0,lambda_h=1",bottom_level_fcfs_v1,12,0,0,0,60.00,15.00,60.000,15.000,30.00,15.000,15.000,30.00,critical_path,t02->t03,OPTIMAL,30.00000,30.000000,0.0,0.013335,0.00000,t02.human_1 -> [task] t02.agent_1 -> [task] t02.human_2 -> [precedence] t03.human_1 -> [task] t03.agent_1 -> [task] t03.human_2,0.00000,30.00000,0,0,0,0,30.00,9.375,4.500,2.25,3
EXP-04B,exp04b_m08_ro025_lh00,d9cd392627f93547c3bd3bf7cd912aacd65dab25530459d41074a8123aa6d56e,8,0.025,0,1,"m=8,r_o=0.025,lambda_h=0",bottom_level_fcfs_v1,12,4.200,0.000,4.200,60.00,15.00,64.2000,15.000,30.00,16.0500,15.000,30.00,critical_path,t02->t03,OPTIMAL,30.63750,30.637500,0.0,4.978412,0.63750,t02.human_1 -> [task] t02.agent_1 -> [task] t02.human_2 -> [precedence] t04_part_05.specification -> [human] t03.human_1 -> [human] t04_part_04.specification -> [task] t04_part_04.implementation -> [agent] t04_part_06.specification -> [task] t04_part_06.implementation -> [agent] t04_part_03.specification -> [task] t04_part_03.implementation -> [precedence] t04_join.integration -> [task] t04_join.acceptance -> [human] t03.human_2,0.00000,30.63750,0.26250,0.26250,0,1,30.6375,10.0125,5.1375,2.25,3
EXP-04B,exp04b_m08_ro025_lh05,3606ce00bb93243e7b39e21a86a30938cc62aaef296a6b9d88a7c452358b00d2,8,0.025,0.5,1,"m=8,r_o=0.025,lambda_h=0.5",bottom_level_fcfs_v1,12,4.200,2.1000,2.1000,60.00,15.00,64.20000,17.10000,30.00,16.05000,17.10000,30.00,critical_path,t02->t03,OPTIMAL,30.76875,30.768750,0.0,4.162992,0.76875,t02.human_1 -> [task] t02.agent_1 -> [task] t02.human_2 -> [precedence] t04_part_05.specification -> [human] t03.human_1 -> [human] t04_part_08.specification -> [task] t04_part_08.implementation -> [agent] t04_part_04.specification -> [task] t04_part_04.implementation -> [agent] t04_part_07.specification -> [task] t04_part_07.implementation -> [precedence] t04_join.integration -> [task] t04_join.acceptance -> [human] t03.human_2,0.00000,30.76875,0.26250,0.26250,0,1,30.76875,10.53750,5.53125,2.25,3
EXP-04B,exp04b_m08_ro025_lh10,d43d870a2ec5c414d7ff15b078f1882f880c6db30b3545f96db47281f4e459ab,8,0.025,1,1,"m=8,r_o=0.025,lambda_h=1",bottom_level_fcfs_v1,12,4.200,4.200,0.000,60.00,15.00,64.2000,19.2000,30.00,16.0500,19.2000,30.00,critical_path,t02->t03,OPTIMAL,30.90000,30.900000,0.0,4.660118,0.90000,t02.human_1 -> [task] t02.agent_1 -> [task] t02.human_2 -> [precedence] t04_part_04.specification -> [human] t03.human_1 -> [human] t04_part_08.specification -> [task] t04_part_08.implementation -> [agent] t04_part_05.specification -> [task] t04_part_05.implementation -> [agent] t04_part_01.specification -> [task] t04_part_01.implementation -> [precedence] t04_join.acceptance -> [human] t03.human_2,0.00000,30.90000,0.26250,0.26250,0,1,30.9000,11.0625,5.9250,2.25,3
EXP-04B,exp04b_m08_ro050_lh00,5da835322b9ba9006c3c9b6ef66ed9d94f6f41b826e6a809352b60faafb54d3b,8,0.05,0,1,"m=8,r_o=0.05,lambda_h=0",bottom_level_fcfs_v1,12,8.40,0.00,8.40,60.00,15.00,68.400,15.000,30.00,17.100,15.000,30.00,critical_path,t02->t03,OPTIMAL,31.50000,31.500000,0.0,16.492208,1.50000,t02.human_1 -> [task] t02.agent_1 -> [task] t02.human_2 -> [precedence] t04_part_05.specification -> [human] t04_part_07.specification -> [human] t04_part_03.specification -> [human] t03.human_1 -> [human] t04_part_01.specification -> [task] t04_part_01.implementation -> [agent] t04_part_06.specification -> [human] t04_part_08.specification -> [task] t04_part_08.implementation -> [precedence] t04_join.integration -> [task] t04_join.acceptance -> [human] t03.human_2,1.50000,31.50000,0.37500,0.37500,0,1,33.00,11.100,6.225,2.25,3
EXP-04B,exp04b_m08_ro050_lh05,592b2fe822ae4202520775e0c686788b724fda7334a650810e4cb5b6f8a641c4,8,0.05,0.5,1,"m=8,r_o=0.05,lambda_h=0.5",bottom_level_fcfs_v1,12,8.40,4.200,4.200,60.00,15.00,68.4000,19.2000,30.00,17.1000,19.2000,30.00,critical_path,t02->t03,OPTIMAL,32.55000,32.550000,0.0,20.827565,2.55000,t02.human_1 -> [task] t02.agent_1 -> [task] t02.human_2 -> [precedence] t04_part_07.specification -> [human] t04_part_06.specification -> [human] t04_part_04.specification -> [human] t03.human_1 -> [human] t04_part_05.specification -> [task] t04_part_05.implementation -> [agent] t04_part_08.specification -> [human] t04_part_03.specification -> [task] t04_part_03.implementation -> [precedence] t04_join.integration -> [task] t04_join.acceptance -> [human] t03.human_2,1.23750,32.55000,0.63750,0.63750,0,1,33.7875,13.9500,8.8125,2.25,3
EXP-04B,exp04b_m08_ro050_lh10,5d971e336ddc8d445903e1827cf7483763337e17180a78c79f6ecedcef45a051,8,0.05,1,1,"m=8,r_o=0.05,lambda_h=1",bottom_level_fcfs_v1,12,8.40,8.40,0.00,60.00,15.00,68.40,23.40,30.00,17.10,23.40,30.00,critical_path,t02->t03,OPTIMAL,33.60000,33.600000,0.0,87.244537,3.60000,t02.human_1 -> [task] t02.agent_1 -> [task] t02.human_2 -> [precedence] t04_part_03.specification -> [human] t04_part_05.specification -> [human] t04_part_04.specification -> [human] t04_part_01.specification -> [human] t03.human_1 -> [task] t03.agent_1 -> [task] t03.human_2,0.45000,33.60000,0,0,0,0,34.05,15.00,9.60,2.25,3
EXP-04B,exp04b_m08_ro100_lh00,2da16d6a345b2eec8f349ee3c41ed22ef92cd1c8be825877a1aa8a77f1bb8a34,8,0.10,0,1,"m=8,r_o=0.10,lambda_h=0",bottom_level_fcfs_v1,12,16.80,0.00,16.80,60.00,15.00,76.800,15.000,30.00,19.200,15.000,30.00,critical_path,t02->t03,OPTIMAL,34.80000,34.800000,0.0,5.614516,4.80000,t02.human_1 -> [task] t02.agent_1 -> [task] t02.human_2 -> [precedence] t04_part_02.specification -> [task] t04_part_02.implementation -> [agent] t04_part_05.specification -> [task] t04_part_05.implementation -> [agent] t04_part_01.specification -> [human] t04_part_06.specification -> [task] t04_part_06.implementation -> [precedence] t04_join.integration -> [task] t04_join.acceptance,2.25000,34.80000,0,0,0,0,37.050,9.375,4.500,2.25,3
EXP-04B,exp04b_m08_ro100_lh05,7dace8badadfe0fa164d7f9f5db349b54f964f87fca0a1aa36c99b339ca7fdca,8,0.10,0.5,1,"m=8,r_o=0.10,lambda_h=0.5",bottom_level_fcfs_v1,12,16.80,8.400,8.400,60.00,15.00,76.800,23.400,30.00,19.200,23.400,30.00,critical_path,t02->t03,OPTIMAL,37.35000,37.350000,0.0,12.041572,7.35000,t02.human_1 -> [task] t02.agent_1 -> [task] t02.human_2 -> [precedence] t04_part_07.specification -> [task] t04_part_07.implementation -> [agent] t04_part_01.specification -> [task] t04_part_01.implementation -> [agent] t03.human_1 -> [task] t03.agent_1 -> [task] t03.human_2,0.22500,37.35000,0,0,0,0,37.575,10.950,5.550,2.25,3
EXP-04B,exp04b_m08_ro100_lh10,0a660fb827fc09aabefa8504d8277ee2348d5353bf1ef2a5e441f63d4f1377db,8,0.10,1,1,"m=8,r_o=0.10,lambda_h=1",bottom_level_fcfs_v1,12,16.80,16.80,0.00,60.00,15.00,76.800,31.800,30.00,19.200,31.800,31.800,human,t02->t03,OPTIMAL,41.40000,41.400000,0.0,0.006615,9.60000,t02.human_1 -> [task] t02.agent_1 -> [task] t02.human_2 -> [precedence] t04_part_02.specification -> [human] t04_part_06.specification -> [human] t04_part_07.specification -> [human] t04_part_04.specification -> [human] t04_part_01.specification -> [human] t04_part_08.specification -> [human] t04_part_03.specification -> [human] t04_part_05.specification -> [human] t03.human_1 -> [task] t03.agent_1 -> [task] t03.human_2,0.00000,41.40000,0,0,0,0,41.40,17.625,11.700,2.25,3
EXP-04B,exp04b_m08_ro200_lh00,62bbd77b0a37bbd8b623080a0cda3cfb79f5d77b59b01ff20a4bd82f67c6763f,8,0.20,0,1,"m=8,r_o=0.20,lambda_h=0",bottom_level_fcfs_v1,12,33.60,0.00,33.60,60.00,15.00,93.600,15.000,36.525,23.400,15.000,36.525,critical_path,t02->t04_part_08->t04_join,OPTIMAL,42.45000,42.450000,0.0,6.925368,5.92500,t02.human_1 -> [task] t02.agent_1 -> [task] t02.human_2 -> [precedence] t04_part_02.specification -> [task] t04_part_02.implementation -> [agent] t04_part_05.specification -> [task] t04_part_05.implementation -> [agent] t03.human_1 -> [task] t03.agent_1 -> [task] t03.human_2 -> [human] t04_join.acceptance,0.00000,42.45000,0.07500,0.07500,0,1,42.450,3.825,2.700,0.375,3
EXP-04B,exp04b_m08_ro200_lh05,2974c8079a3ec2421cae510421efa34b3e566d6019803370abaccc6f65050272,8,0.20,0.5,1,"m=8,r_o=0.20,lambda_h=0.5",bottom_level_fcfs_v1,12,33.60,16.800,16.800,60.00,15.00,93.600,31.800,36.525,23.400,31.800,36.525,critical_path,t02->t04_part_08->t04_join,OPTIMAL,48.75000,48.750000,0.0,0.007033,12.22500,t02.human_1 -> [task] t02.agent_1 -> [task] t02.human_2 -> [precedence] t04_part_02.specification -> [human] t04_part_05.specification -> [human] t04_part_04.specification -> [human] t04_part_07.specification -> [human] t04_part_01.specification -> [human] t04_part_06.specification -> [human] t04_part_03.specification -> [human] t04_part_08.specification -> [task] t04_part_08.implementation -> [precedence] t04_join.integration -> [task] t04_join.acceptance -> [human] t03.human_2,0.00000,48.75000,6.90000,6.90000,0,1,48.750,22.275,18.000,1.425,3
EXP-04B,exp04b_m08_ro200_lh10,f361e6ba54a6eda505dc434c71a2fe8830afad4e2ceb817a056926ed65a292f9,8,0.20,1,1,"m=8,r_o=0.20,lambda_h=1",bottom_level_fcfs_v1,12,33.60,33.60,0.00,60.00,15.00,93.600,48.600,36.525,23.400,48.600,48.600,human,t02->t04_part_08->t04_join,OPTIMAL,56.10000,56.100000,0.0,0.006355,7.50000,t02.human_1 -> [task] t02.agent_1 -> [task] t02.human_2 -> [precedence] t04_part_08.specification -> [human] t04_part_03.specification -> [human] t04_part_06.specification -> [human] t04_part_01.specification -> [human] t04_part_04.specification -> [human] t04_part_05.specification -> [human] t04_part_07.specification -> [human] t04_part_02.specification -> [task] t04_part_02.implementation -> [precedence] t04_join.acceptance -> [human] t03.human_2,0.00000,56.10000,6.30000,6.30000,0,1,56.100,48.525,27.600,3.600,3
